vegetable,week_start,wholesale_price,retail_price
BRINJALS,2000-01-03,19.2,40.0
CABBAGE,2000-01-03,14.67,35.79
CARROT,2000-01-03,37.67,57.21
LEEKS,2000-01-03,27.27,43.11
PUMPKIN,2000-01-03,7.07,25.49
SNAKE GOURD,2000-01-03,16.07,34.49
BRINJALS,2000-01-10,12.8,37.89
CABBAGE,2000-01-10,12.7,36.33
CARROT,2000-01-10,32.0,54.09
LEEKS,2000-01-10,22.0,41.65
PUMPKIN,2000-01-10,7.0,24.73
SNAKE GOURD,2000-01-10,12.3,34.22
BRINJALS,2000-01-17,11.2,33.69
CABBAGE,2000-01-17,10.3,33.86
CARROT,2000-01-17,29.85,48.82
LEEKS,2000-01-17,23.05,40.65
PUMPKIN,2000-01-17,6.0,23.28
SNAKE GOURD,2000-01-17,11.5,30.31
BRINJALS,2000-01-24,9.73,29.47
CABBAGE,2000-01-24,14.47,34.26
CARROT,2000-01-24,34.67,56.38
LEEKS,2000-01-24,20.53,42.64
PUMPKIN,2000-01-24,5.47,21.19
SNAKE GOURD,2000-01-24,15.73,32.92
BRINJALS,2000-01-31,10.13,32.6
CABBAGE,2000-01-31,11.73,33.76
CARROT,2000-01-31,33.93,51.6
LEEKS,2000-01-31,20.0,41.76
PUMPKIN,2000-01-31,5.0,20.16
SNAKE GOURD,2000-01-31,19.67,34.87
BRINJALS,2000-02-07,10.5,29.78
CABBAGE,2000-02-07,8.2,32.94
CARROT,2000-02-07,31.85,50.21
LEEKS,2000-02-07,19.3,39.95
PUMPKIN,2000-02-07,4.85,19.98
SNAKE GOURD,2000-02-07,17.75,33.67
BRINJALS,2000-02-14,11.2,31.85
CABBAGE,2000-02-14,12.95,33.28
CARROT,2000-02-14,34.75,56.53
LEEKS,2000-02-14,21.0,40.42
PUMPKIN,2000-02-14,8.8,20.03
SNAKE GOURD,2000-02-14,15.9,33.65
BRINJALS,2000-02-21,8.7,31.87
CABBAGE,2000-02-21,10.9,32.53
CARROT,2000-02-21,31.7,53.18
LEEKS,2000-02-21,17.6,41.3
PUMPKIN,2000-02-21,6.0,20.53
SNAKE GOURD,2000-02-21,19.0,33.97
BRINJALS,2000-02-28,9.6,28.29
CABBAGE,2000-02-28,9.13,30.81
CARROT,2000-02-28,28.73,49.74
LEEKS,2000-02-28,19.47,39.12
PUMPKIN,2000-02-28,5.4,19.92
SNAKE GOURD,2000-02-28,18.27,35.36
BRINJALS,2000-03-06,7.87,27.55
CABBAGE,2000-03-06,8.07,30.28
CARROT,2000-03-06,27.73,48.7
LEEKS,2000-03-06,16.8,39.49
PUMPKIN,2000-03-06,5.27,19.54
SNAKE GOURD,2000-03-06,14.67,32.69
BRINJALS,2000-03-13,8.33,29.66
CABBAGE,2000-03-13,9.0,31.05
CARROT,2000-03-13,28.73,49.81
LEEKS,2000-03-13,18.13,38.77
PUMPKIN,2000-03-13,5.53,19.34
SNAKE GOURD,2000-03-13,16.8,33.63
BRINJALS,2000-03-20,10.1,29.37
CABBAGE,2000-03-20,12.85,33.98
CARROT,2000-03-20,33.45,49.83
LEEKS,2000-03-20,23.4,40.87
PUMPKIN,2000-03-20,5.85,20.94
SNAKE GOURD,2000-03-20,17.9,34.69
BRINJALS,2000-03-27,11.0,30.42
CABBAGE,2000-03-27,18.07,36.53
CARROT,2000-03-27,30.87,51.97
LEEKS,2000-03-27,22.4,41.59
PUMPKIN,2000-03-27,7.13,22.26
SNAKE GOURD,2000-03-27,16.87,34.47
BRINJALS,2000-04-03,10.3,28.95
CABBAGE,2000-04-03,16.5,37.21
CARROT,2000-04-03,29.05,49.46
LEEKS,2000-04-03,19.6,40.19
PUMPKIN,2000-04-03,6.25,21.74
SNAKE GOURD,2000-04-03,14.95,32.98
BRINJALS,2000-04-10,13.1,32.91
CABBAGE,2000-04-10,14.2,35.14
CARROT,2000-04-10,29.4,48.05
LEEKS,2000-04-10,20.7,40.18
PUMPKIN,2000-04-10,6.6,22.93
SNAKE GOURD,2000-04-10,14.7,33.16
BRINJALS,2000-04-17,11.8,35.74
CABBAGE,2000-04-17,20.0,39.38
CARROT,2000-04-17,32.4,49.92
LEEKS,2000-04-17,22.2,41.57
PUMPKIN,2000-04-17,7.4,23.06
SNAKE GOURD,2000-04-17,16.6,33.98
BRINJALS,2000-04-24,9.2,33.81
CABBAGE,2000-04-24,14.2,38.59
CARROT,2000-04-24,28.13,49.3
LEEKS,2000-04-24,20.8,41.27
PUMPKIN,2000-04-24,6.2,23.48
SNAKE GOURD,2000-04-24,10.2,34.19
BRINJALS,2000-05-01,11.4,31.3
CABBAGE,2000-05-01,14.95,36.32
CARROT,2000-05-01,29.85,50.0
LEEKS,2000-05-01,24.15,40.8
PUMPKIN,2000-05-01,6.5,23.18
SNAKE GOURD,2000-05-01,11.0,30.37
BRINJALS,2000-05-08,12.75,33.57
CABBAGE,2000-05-08,12.15,35.81
CARROT,2000-05-08,27.55,49.02
LEEKS,2000-05-08,19.3,40.17
PUMPKIN,2000-05-08,6.1,23.46
SNAKE GOURD,2000-05-08,13.3,30.35
BRINJALS,2000-05-15,21.53,37.72
CABBAGE,2000-05-15,12.53,36.99
CARROT,2000-05-15,28.87,48.41
LEEKS,2000-05-15,20.8,40.26
PUMPKIN,2000-05-15,7.07,23.07
SNAKE GOURD,2000-05-15,15.0,33.28
BRINJALS,2000-05-22,17.47,41.5
CABBAGE,2000-05-22,12.13,36.76
CARROT,2000-05-22,27.6,48.71
LEEKS,2000-05-22,19.6,40.93
PUMPKIN,2000-05-22,7.13,23.45
SNAKE GOURD,2000-05-22,15.73,32.52
BRINJALS,2000-05-29,27.5,42.73
CABBAGE,2000-05-29,12.6,36.23
CARROT,2000-05-29,28.5,48.57
LEEKS,2000-05-29,21.47,42.37
PUMPKIN,2000-05-29,6.95,23.07
SNAKE GOURD,2000-05-29,15.5,31.86
BRINJALS,2000-06-05,24.6,41.39
CABBAGE,2000-06-05,11.5,34.89
CARROT,2000-06-05,29.6,48.38
LEEKS,2000-06-05,22.4,41.88
PUMPKIN,2000-06-05,6.9,23.39
SNAKE GOURD,2000-06-05,12.6,31.36
BRINJALS,2000-06-12,25.0,40.89
CABBAGE,2000-06-12,11.0,34.55
CARROT,2000-06-12,28.47,50.41
LEEKS,2000-06-12,22.53,42.23
PUMPKIN,2000-06-12,7.0,22.91
SNAKE GOURD,2000-06-12,13.6,31.48
BRINJALS,2000-06-19,25.55,43.07
CABBAGE,2000-06-19,23.05,38.29
CARROT,2000-06-19,29.1,50.57
LEEKS,2000-06-19,21.95,42.57
PUMPKIN,2000-06-19,8.6,26.97
SNAKE GOURD,2000-06-19,14.65,33.91
BRINJALS,2000-06-26,25.25,43.39
CABBAGE,2000-06-26,9.6,34.85
CARROT,2000-06-26,27.0,51.45
LEEKS,2000-06-26,23.9,45.49
PUMPKIN,2000-06-26,12.65,29.86
SNAKE GOURD,2000-06-26,13.7,33.77
BRINJALS,2000-07-03,22.67,43.01
CABBAGE,2000-07-03,9.73,34.06
CARROT,2000-07-03,25.33,48.8
LEEKS,2000-07-03,21.0,41.68
PUMPKIN,2000-07-03,15.4,32.9
SNAKE GOURD,2000-07-03,11.0,32.79
BRINJALS,2000-07-10,22.0,41.59
CABBAGE,2000-07-10,10.67,33.74
CARROT,2000-07-10,22.73,47.71
LEEKS,2000-07-10,20.8,40.78
PUMPKIN,2000-07-10,16.07,33.14
SNAKE GOURD,2000-07-10,12.47,30.67
BRINJALS,2000-07-17,22.75,46.59
CABBAGE,2000-07-17,12.0,35.23
CARROT,2000-07-17,23.85,46.97
LEEKS,2000-07-17,22.25,41.71
PUMPKIN,2000-07-17,16.45,33.9
SNAKE GOURD,2000-07-17,10.8,30.85
BRINJALS,2000-07-24,22.0,46.23
CABBAGE,2000-07-24,16.8,39.58
CARROT,2000-07-24,25.67,47.36
LEEKS,2000-07-24,21.73,41.62
PUMPKIN,2000-07-24,16.67,35.07
SNAKE GOURD,2000-07-24,9.47,31.7
BRINJALS,2000-07-31,22.0,44.51
CABBAGE,2000-07-31,16.95,38.33
CARROT,2000-07-31,24.8,45.06
LEEKS,2000-07-31,20.9,39.4
PUMPKIN,2000-07-31,14.0,32.5
SNAKE GOURD,2000-07-31,9.9,28.8
BRINJALS,2000-08-07,17.7,46.13
CABBAGE,2000-08-07,14.0,37.41
CARROT,2000-08-07,22.8,46.51
LEEKS,2000-08-07,19.3,40.66
PUMPKIN,2000-08-07,12.15,30.63
SNAKE GOURD,2000-08-07,9.5,28.7
BRINJALS,2000-08-14,14.15,41.93
CABBAGE,2000-08-14,13.05,36.0
CARROT,2000-08-14,22.6,44.5
LEEKS,2000-08-14,19.4,39.32
PUMPKIN,2000-08-14,11.65,27.93
SNAKE GOURD,2000-08-14,8.75,27.93
BRINJALS,2000-08-21,17.8,43.34
CABBAGE,2000-08-21,10.87,34.36
CARROT,2000-08-21,22.53,44.28
LEEKS,2000-08-21,18.93,39.1
PUMPKIN,2000-08-21,13.4,28.19
SNAKE GOURD,2000-08-21,10.0,27.45
BRINJALS,2000-08-28,17.0,41.66
CABBAGE,2000-08-28,12.5,35.21
CARROT,2000-08-28,22.4,42.59
LEEKS,2000-08-28,17.6,36.9
PUMPKIN,2000-08-28,14.4,27.97
SNAKE GOURD,2000-08-28,9.2,26.34
BRINJALS,2000-09-04,17.0,38.46
CABBAGE,2000-09-04,14.8,37.11
CARROT,2000-09-04,19.6,39.86
LEEKS,2000-09-04,15.8,34.27
PUMPKIN,2000-09-04,14.0,29.68
SNAKE GOURD,2000-09-04,8.53,25.74
BRINJALS,2000-09-11,17.6,42.41
CABBAGE,2000-09-11,14.3,37.9
CARROT,2000-09-11,21.3,43.24
LEEKS,2000-09-11,17.3,37.95
PUMPKIN,2000-09-11,15.3,29.93
SNAKE GOURD,2000-09-11,8.6,27.34
BRINJALS,2000-09-18,17.0,38.46
CABBAGE,2000-09-18,14.8,37.11
CARROT,2000-09-18,19.6,39.86
LEEKS,2000-09-18,15.8,34.27
PUMPKIN,2000-09-18,14.0,29.68
SNAKE GOURD,2000-09-18,8.53,25.74
BRINJALS,2000-09-25,13.87,37.73
CABBAGE,2000-09-25,14.73,37.45
CARROT,2000-09-25,20.13,39.54
LEEKS,2000-09-25,16.6,35.92
PUMPKIN,2000-09-25,13.27,28.31
SNAKE GOURD,2000-09-25,8.4,25.56
BRINJALS,2000-10-02,17.3,39.07
CABBAGE,2000-10-02,13.4,35.82
CARROT,2000-10-02,21.4,39.21
LEEKS,2000-10-02,16.2,35.8
PUMPKIN,2000-10-02,13.6,29.02
SNAKE GOURD,2000-10-02,12.1,27.27
BRINJALS,2000-10-09,19.9,40.38
CABBAGE,2000-10-09,14.0,35.88
CARROT,2000-10-09,23.2,42.31
LEEKS,2000-10-09,18.1,38.95
PUMPKIN,2000-10-09,12.9,29.03
SNAKE GOURD,2000-10-09,11.5,27.8
BRINJALS,2000-10-16,22.3,40.89
CABBAGE,2000-10-16,12.3,34.84
CARROT,2000-10-16,16.4,36.77
LEEKS,2000-10-16,14.4,34.41
PUMPKIN,2000-10-16,13.1,28.5
SNAKE GOURD,2000-10-16,13.1,29.0
BRINJALS,2000-10-23,24.1,44.98
CABBAGE,2000-10-23,14.0,36.64
CARROT,2000-10-23,18.9,40.44
LEEKS,2000-10-23,17.9,37.22
PUMPKIN,2000-10-23,12.5,27.33
SNAKE GOURD,2000-10-23,13.0,28.71
BRINJALS,2000-10-30,25.5,45.0
CABBAGE,2000-10-30,17.8,38.53
CARROT,2000-10-30,24.2,44.69
LEEKS,2000-10-30,17.8,39.96
PUMPKIN,2000-10-30,11.4,27.49
SNAKE GOURD,2000-10-30,11.2,29.29
BRINJALS,2000-11-06,18.8,41.31
CABBAGE,2000-11-06,16.6,36.23
CARROT,2000-11-06,19.9,41.76
LEEKS,2000-11-06,16.0,38.82
PUMPKIN,2000-11-06,10.1,26.98
SNAKE GOURD,2000-11-06,8.6,26.23
BRINJALS,2000-11-13,17.0,41.44
CABBAGE,2000-11-13,13.4,38.09
CARROT,2000-11-13,23.0,42.6
LEEKS,2000-11-13,16.1,39.31
PUMPKIN,2000-11-13,9.4,26.18
SNAKE GOURD,2000-11-13,8.3,27.55
BRINJALS,2000-11-20,17.5,42.09
CABBAGE,2000-11-20,10.7,36.62
CARROT,2000-11-20,21.2,43.57
LEEKS,2000-11-20,14.1,39.33
PUMPKIN,2000-11-20,9.6,25.55
SNAKE GOURD,2000-11-20,11.2,27.84
BRINJALS,2000-11-27,14.5,40.87
CABBAGE,2000-11-27,12.1,37.6
CARROT,2000-11-27,21.0,46.0
LEEKS,2000-11-27,14.4,38.38
PUMPKIN,2000-11-27,8.7,26.02
SNAKE GOURD,2000-11-27,14.4,31.34
BRINJALS,2000-12-04,19.5,43.41
CABBAGE,2000-12-04,14.5,39.38
CARROT,2000-12-04,23.6,44.84
LEEKS,2000-12-04,17.0,39.62
PUMPKIN,2000-12-04,7.8,25.16
SNAKE GOURD,2000-12-04,19.8,34.96
BRINJALS,2000-12-11,18.3,42.41
CABBAGE,2000-12-11,17.2,40.6
CARROT,2000-12-11,28.2,48.0
LEEKS,2000-12-11,17.2,41.87
PUMPKIN,2000-12-11,8.5,24.67
SNAKE GOURD,2000-12-11,20.6,35.84
BRINJALS,2000-12-18,18.6,43.07
CABBAGE,2000-12-18,14.63,38.47
CARROT,2000-12-18,26.3,48.62
LEEKS,2000-12-18,18.5,40.71
PUMPKIN,2000-12-18,10.3,25.67
SNAKE GOURD,2000-12-18,20.6,37.0
BRINJALS,2000-12-25,18.9,43.11
CABBAGE,2000-12-25,16.5,40.36
CARROT,2000-12-25,26.3,51.69
LEEKS,2000-12-25,20.1,44.07
PUMPKIN,2000-12-25,12.1,28.8
SNAKE GOURD,2000-12-25,18.5,37.22
BRINJALS,2001-01-01,17.5,42.85
CABBAGE,2001-01-01,16.3,40.07
CARROT,2001-01-01,26.0,49.58
LEEKS,2001-01-01,18.6,41.93
PUMPKIN,2001-01-01,11.95,28.78
SNAKE GOURD,2001-01-01,17.8,36.91
BRINJALS,2001-01-08,14.4,39.71
CABBAGE,2001-01-08,13.9,37.73
CARROT,2001-01-08,24.4,48.0
LEEKS,2001-01-08,16.7,39.29
PUMPKIN,2001-01-08,12.1,28.93
SNAKE GOURD,2001-01-08,16.9,35.53
BRINJALS,2001-01-15,19.5,42.53
CABBAGE,2001-01-15,19.3,43.3
CARROT,2001-01-15,26.4,47.42
LEEKS,2001-01-15,18.8,39.63
PUMPKIN,2001-01-15,13.9,29.07
SNAKE GOURD,2001-01-15,18.8,36.4
BRINJALS,2001-01-22,23.1,45.02
CABBAGE,2001-01-22,21.2,44.56
CARROT,2001-01-22,34.3,53.78
LEEKS,2001-01-22,24.0,43.47
PUMPKIN,2001-01-22,18.1,32.51
SNAKE GOURD,2001-01-22,18.5,36.39
BRINJALS,2001-01-29,24.2,46.82
CABBAGE,2001-01-29,19.4,43.18
CARROT,2001-01-29,36.3,53.64
LEEKS,2001-01-29,19.8,41.82
PUMPKIN,2001-01-29,19.7,35.07
SNAKE GOURD,2001-01-29,18.4,36.28
BRINJALS,2001-02-05,18.9,44.2
CABBAGE,2001-02-05,18.5,42.22
CARROT,2001-02-05,34.08,55.02
LEEKS,2001-02-05,19.44,41.78
PUMPKIN,2001-02-05,21.6,36.87
SNAKE GOURD,2001-02-05,16.5,35.91
BRINJALS,2001-02-12,21.6,45.33
CABBAGE,2001-02-12,24.8,46.04
CARROT,2001-02-12,43.2,62.22
LEEKS,2001-02-12,22.5,45.6
PUMPKIN,2001-02-12,22.5,37.02
SNAKE GOURD,2001-02-12,19.2,36.24
BRINJALS,2001-02-19,16.2,39.62
CABBAGE,2001-02-19,23.7,45.9
CARROT,2001-02-19,33.0,52.48
LEEKS,2001-02-19,21.5,42.14
PUMPKIN,2001-02-19,22.8,37.56
SNAKE GOURD,2001-02-19,17.6,36.2
BRINJALS,2001-02-26,12.6,38.69
CABBAGE,2001-02-26,22.8,45.3
CARROT,2001-02-26,32.1,51.12
LEEKS,2001-02-26,21.05,41.6
PUMPKIN,2001-02-26,23.6,39.45
SNAKE GOURD,2001-02-26,15.4,32.48
BRINJALS,2001-03-05,9.9,35.364999999999995
CABBAGE,2001-03-05,21.15,43.15
CARROT,2001-03-05,30.55,50.705
LEEKS,2001-03-05,20.625,41.0
PUMPKIN,2001-03-05,21.35,37.115
SNAKE GOURD,2001-03-05,14.1,31.229999999999997
BRINJALS,2001-03-12,7.2,32.04
CABBAGE,2001-03-12,19.5,41.0
CARROT,2001-03-12,29.0,50.29
LEEKS,2001-03-12,20.2,40.4
PUMPKIN,2001-03-12,19.1,34.78
SNAKE GOURD,2001-03-12,12.8,29.98
BRINJALS,2001-03-19,5.9,27.58
CABBAGE,2001-03-19,20.0,43.5
CARROT,2001-03-19,30.9,50.85
LEEKS,2001-03-19,20.6,40.41
PUMPKIN,2001-03-19,17.2,34.5
SNAKE GOURD,2001-03-19,11.9,29.6
BRINJALS,2001-03-26,5.1,26.14
CABBAGE,2001-03-26,17.8,40.95
CARROT,2001-03-26,29.8,48.3
LEEKS,2001-03-26,20.6,38.7
PUMPKIN,2001-03-26,16.5,34.0
SNAKE GOURD,2001-03-26,9.2,27.71
BRINJALS,2001-04-02,7.0,27.09
CABBAGE,2001-04-02,16.6,40.66
CARROT,2001-04-02,28.8,48.22
LEEKS,2001-04-02,19.2,38.53
PUMPKIN,2001-04-02,17.4,35.33
SNAKE GOURD,2001-04-02,10.0,28.18
BRINJALS,2001-04-09,15.3,39.31
CABBAGE,2001-04-09,15.6,39.6
CARROT,2001-04-09,27.3,48.2
LEEKS,2001-04-09,19.45,39.98
PUMPKIN,2001-04-09,17.6,35.78
SNAKE GOURD,2001-04-09,11.3,30.39
BRINJALS,2001-04-16,17.0,47.6
CABBAGE,2001-04-16,13.6,42.1
CARROT,2001-04-16,26.4,50.73
LEEKS,2001-04-16,16.2,42.45
PUMPKIN,2001-04-16,17.6,37.88
SNAKE GOURD,2001-04-16,10.8,33.93
BRINJALS,2001-04-23,16.6,43.71
CABBAGE,2001-04-23,12.6,39.0
CARROT,2001-04-23,26.4,48.4
LEEKS,2001-04-23,15.95,39.4
PUMPKIN,2001-04-23,17.41,35.34
SNAKE GOURD,2001-04-23,11.0,31.11
BRINJALS,2001-04-30,21.4,44.53
CABBAGE,2001-04-30,12.6,38.53
CARROT,2001-04-30,26.3,47.96
LEEKS,2001-04-30,15.35,38.27
PUMPKIN,2001-04-30,16.1,34.88
SNAKE GOURD,2001-04-30,14.6,31.14
BRINJALS,2001-05-07,21.83,49.29
CABBAGE,2001-05-07,13.6,39.59
CARROT,2001-05-07,26.9,50.31
LEEKS,2001-05-07,16.4,40.82
PUMPKIN,2001-05-07,16.1,33.64
SNAKE GOURD,2001-05-07,12.1,32.32
BRINJALS,2001-05-14,18.7,44.35
CABBAGE,2001-05-14,15.3,42.7
CARROT,2001-05-14,27.4,51.08
LEEKS,2001-05-14,17.9,41.11
PUMPKIN,2001-05-14,15.5,32.8
SNAKE GOURD,2001-05-14,14.4,33.33
BRINJALS,2001-05-21,19.0,44.7
CABBAGE,2001-05-21,17.1,43.38
CARROT,2001-05-21,35.8,58.48
LEEKS,2001-05-21,18.7,42.38
PUMPKIN,2001-05-21,14.3,32.05
SNAKE GOURD,2001-05-21,14.4,34.23
BRINJALS,2001-05-28,19.5,45.25
CABBAGE,2001-05-28,18.8,44.0
CARROT,2001-05-28,36.7,59.3
LEEKS,2001-05-28,19.6,42.76
PUMPKIN,2001-05-28,13.6,31.75
SNAKE GOURD,2001-05-28,14.78,33.36
BRINJALS,2001-06-04,19.1,44.75
CABBAGE,2001-06-04,18.2,42.4
CARROT,2001-06-04,36.7,56.73
LEEKS,2001-06-04,17.8,41.91
PUMPKIN,2001-06-04,14.0,33.76
SNAKE GOURD,2001-06-04,13.7,31.8
BRINJALS,2001-06-11,20.5,48.47
CABBAGE,2001-06-11,20.7,44.93
CARROT,2001-06-11,39.8,62.0
LEEKS,2001-06-11,25.3,43.84
PUMPKIN,2001-06-11,14.3,33.9
SNAKE GOURD,2001-06-11,14.1,34.2
BRINJALS,2001-06-18,21.2,48.89
CABBAGE,2001-06-18,21.1,48.2
CARROT,2001-06-18,40.6,63.0
LEEKS,2001-06-18,22.2,43.5
PUMPKIN,2001-06-18,18.7,35.0
SNAKE GOURD,2001-06-18,14.6,34.0
BRINJALS,2001-06-25,23.6,51.0
CABBAGE,2001-06-25,24.3,51.98
CARROT,2001-06-25,41.3,63.2
LEEKS,2001-06-25,23.4,44.04
PUMPKIN,2001-06-25,25.8,42.7
SNAKE GOURD,2001-06-25,14.7,35.13
BRINJALS,2001-07-02,20.5,50.44
CABBAGE,2001-07-02,21.4,51.78
CARROT,2001-07-02,39.9,60.36
LEEKS,2001-07-02,23.7,44.64
PUMPKIN,2001-07-02,30.4,45.69
SNAKE GOURD,2001-07-02,13.4,34.71
BRINJALS,2001-07-09,20.0,47.87
CABBAGE,2001-07-09,17.3,46.02
CARROT,2001-07-09,37.2,57.07
LEEKS,2001-07-09,24.1,47.33
PUMPKIN,2001-07-09,30.85,53.74
SNAKE GOURD,2001-07-09,11.4,32.93
BRINJALS,2001-07-16,19.6,44.87
CABBAGE,2001-07-16,17.2,44.11
CARROT,2001-07-16,32.8,52.13
LEEKS,2001-07-16,22.5,45.0
PUMPKIN,2001-07-16,29.5,48.9
SNAKE GOURD,2001-07-16,11.1,31.91
BRINJALS,2001-07-23,17.5,43.86
CABBAGE,2001-07-23,18.7,45.07
CARROT,2001-07-23,33.4,53.02
LEEKS,2001-07-23,21.5,42.6
PUMPKIN,2001-07-23,26.6,45.82
SNAKE GOURD,2001-07-23,11.3,29.68
BRINJALS,2001-07-30,18.0,45.22
CABBAGE,2001-07-30,18.0,43.71
CARROT,2001-07-30,33.4,54.47
LEEKS,2001-07-30,21.0,42.24
PUMPKIN,2001-07-30,24.2,42.6
SNAKE GOURD,2001-07-30,9.8,29.58
BRINJALS,2001-08-06,18.3,43.62
CABBAGE,2001-08-06,16.6,42.87
CARROT,2001-08-06,32.2,52.51
LEEKS,2001-08-06,20.1,41.51
PUMPKIN,2001-08-06,18.9,38.87
SNAKE GOURD,2001-08-06,9.4,28.89
BRINJALS,2001-08-13,19.2,43.82
CABBAGE,2001-08-13,14.5,40.58
CARROT,2001-08-13,28.9,49.53
LEEKS,2001-08-13,18.8,39.78
PUMPKIN,2001-08-13,18.5,37.67
SNAKE GOURD,2001-08-13,8.9,27.98
BRINJALS,2001-08-20,17.6,43.18
CABBAGE,2001-08-20,13.5,38.89
CARROT,2001-08-20,27.5,46.6
LEEKS,2001-08-20,17.7,38.4
PUMPKIN,2001-08-20,17.1,34.38
SNAKE GOURD,2001-08-20,8.9,27.62
BRINJALS,2001-08-27,18.2,43.25
CABBAGE,2001-08-27,14.9,39.84
CARROT,2001-08-27,25.6,45.61
LEEKS,2001-08-27,17.4,38.32
PUMPKIN,2001-08-27,14.4,34.7
SNAKE GOURD,2001-08-27,7.8,26.38
BRINJALS,2001-09-03,19.1,43.87
CABBAGE,2001-09-03,15.8,40.96
CARROT,2001-09-03,25.3,46.18
LEEKS,2001-09-03,20.0,40.82
PUMPKIN,2001-09-03,14.0,33.07
SNAKE GOURD,2001-09-03,8.0,26.82
BRINJALS,2001-09-10,22.6,46.89
CABBAGE,2001-09-10,18.2,42.8
CARROT,2001-09-10,24.1,47.42
LEEKS,2001-09-10,21.0,42.11
PUMPKIN,2001-09-10,13.6,32.5
SNAKE GOURD,2001-09-10,12.7,29.24
BRINJALS,2001-09-17,24.0,47.0
CABBAGE,2001-09-17,16.8,40.76
CARROT,2001-09-17,20.5,46.0
LEEKS,2001-09-17,19.0,40.65
PUMPKIN,2001-09-17,13.9,32.6
SNAKE GOURD,2001-09-17,12.83,31.3
BRINJALS,2001-09-24,24.1,48.16
CABBAGE,2001-09-24,15.5,40.73
CARROT,2001-09-24,19.0,42.69
LEEKS,2001-09-24,20.7,41.47
PUMPKIN,2001-09-24,15.5,33.59
SNAKE GOURD,2001-09-24,14.1,31.48
BRINJALS,2001-10-01,25.4,49.11
CABBAGE,2001-10-01,16.6,43.59
CARROT,2001-10-01,18.8,42.44
LEEKS,2001-10-01,19.8,41.25
PUMPKIN,2001-10-01,18.1,34.98
SNAKE GOURD,2001-10-01,14.8,33.14
BRINJALS,2001-10-08,26.9,49.13
CABBAGE,2001-10-08,14.6,39.29
CARROT,2001-10-08,16.1,39.44
LEEKS,2001-10-08,19.1,40.44
PUMPKIN,2001-10-08,16.6,34.25
SNAKE GOURD,2001-10-08,15.0,35.56
BRINJALS,2001-10-15,23.1,46.91
CABBAGE,2001-10-15,12.6,38.55
CARROT,2001-10-15,16.0,37.04
LEEKS,2001-10-15,20.0,40.49
PUMPKIN,2001-10-15,16.7,35.0
SNAKE GOURD,2001-10-15,14.9,33.44
BRINJALS,2001-10-22,22.3,45.58
CABBAGE,2001-10-22,12.5,36.98
CARROT,2001-10-22,15.4,36.98
LEEKS,2001-10-22,21.0,39.82
PUMPKIN,2001-10-22,15.0,33.69
SNAKE GOURD,2001-10-22,13.6,32.23
BRINJALS,2001-10-29,18.6,45.04
CABBAGE,2001-10-29,12.1,36.84
CARROT,2001-10-29,14.6,36.5
LEEKS,2001-10-29,18.5,39.8
PUMPKIN,2001-10-29,15.0,32.31
SNAKE GOURD,2001-10-29,12.5,30.87
BRINJALS,2001-11-05,15.9,43.22
CABBAGE,2001-11-05,12.2,37.87
CARROT,2001-11-05,17.0,38.71
LEEKS,2001-11-05,22.0,39.82
PUMPKIN,2001-11-05,14.3,32.25
SNAKE GOURD,2001-11-05,13.1,32.49
BRINJALS,2001-11-12,17.1,44.27
CABBAGE,2001-11-12,13.5,40.8
CARROT,2001-11-12,18.4,42.53
LEEKS,2001-11-12,24.0,42.11
PUMPKIN,2001-11-12,12.8,31.31
SNAKE GOURD,2001-11-12,14.0,32.56
BRINJALS,2001-11-19,20.9,47.61
CABBAGE,2001-11-19,18.1,41.73
CARROT,2001-11-19,21.5,44.91
LEEKS,2001-11-19,28.9,47.58
PUMPKIN,2001-11-19,11.7,29.84
SNAKE GOURD,2001-11-19,14.0,33.71
BRINJALS,2001-11-26,23.0,47.85
CABBAGE,2001-11-26,16.1,40.97
CARROT,2001-11-26,20.6,42.75
LEEKS,2001-11-26,25.0,46.35
PUMPKIN,2001-11-26,11.5,29.33
SNAKE GOURD,2001-11-26,14.8,32.88
BRINJALS,2001-12-03,23.0,47.85
CABBAGE,2001-12-03,16.1,40.97
CARROT,2001-12-03,20.6,42.75
LEEKS,2001-12-03,25.0,46.35
PUMPKIN,2001-12-03,11.5,29.33
SNAKE GOURD,2001-12-03,14.8,32.88
BRINJALS,2001-12-10,19.1,43.16
CABBAGE,2001-12-10,11.4,40.27
CARROT,2001-12-10,35.1,51.33
LEEKS,2001-12-10,31.6,48.36
PUMPKIN,2001-12-10,12.2,29.58
SNAKE GOURD,2001-12-10,9.6,30.14
BRINJALS,2001-12-17,20.2,43.16
CABBAGE,2001-12-17,12.4,40.6
CARROT,2001-12-17,34.0,52.82
LEEKS,2001-12-17,30.4,49.43
PUMPKIN,2001-12-17,11.8,28.96
SNAKE GOURD,2001-12-17,9.6,28.49
BRINJALS,2001-12-24,19.17,42.0
CABBAGE,2001-12-24,13.4,35.92
CARROT,2001-12-24,22.83,49.24
LEEKS,2001-12-24,28.0,46.08
PUMPKIN,2001-12-24,10.33,28.76
SNAKE GOURD,2001-12-24,10.0,28.85
BRINJALS,2001-12-31,12.2,37.0
CABBAGE,2001-12-31,9.6,36.97
CARROT,2001-12-31,22.0,49.25
LEEKS,2001-12-31,21.4,47.27
PUMPKIN,2001-12-31,11.4,29.86
SNAKE GOURD,2001-12-31,8.2,29.4
BRINJALS,2002-01-07,10.8,37.83
CABBAGE,2002-01-07,7.0,34.47
CARROT,2002-01-07,33.2,55.22
LEEKS,2002-01-07,30.4,51.09
PUMPKIN,2002-01-07,13.5,29.87
SNAKE GOURD,2002-01-07,8.17,27.64
BRINJALS,2002-01-14,12.36,37.97
CABBAGE,2002-01-14,8.92,36.06
CARROT,2002-01-14,32.85,54.39
LEEKS,2002-01-14,28.55,47.97
PUMPKIN,2002-01-14,11.0,29.47
SNAKE GOURD,2002-01-14,10.0,30.18
BRINJALS,2002-01-21,11.5,39.13
CABBAGE,2002-01-21,8.6,35.75
CARROT,2002-01-21,30.0,50.54
LEEKS,2002-01-21,26.2,47.71
PUMPKIN,2002-01-21,9.0,28.89
SNAKE GOURD,2002-01-21,8.67,29.71
BRINJALS,2002-01-28,9.5,36.8
CABBAGE,2002-01-28,12.2,37.41
CARROT,2002-01-28,37.6,52.04
LEEKS,2002-01-28,33.0,50.81
PUMPKIN,2002-01-28,12.25,29.0
SNAKE GOURD,2002-01-28,10.5,29.5
BRINJALS,2002-02-04,7.2,33.74
CABBAGE,2002-02-04,8.9,35.58
CARROT,2002-02-04,32.8,51.04
LEEKS,2002-02-04,30.4,50.21
PUMPKIN,2002-02-04,10.0,28.36
SNAKE GOURD,2002-02-04,11.44,30.0
BRINJALS,2002-02-11,7.0,32.29
CABBAGE,2002-02-11,8.0,33.48
CARROT,2002-02-11,33.0,51.3
LEEKS,2002-02-11,26.0,47.95
PUMPKIN,2002-02-11,10.34,28.52
SNAKE GOURD,2002-02-11,9.63,29.93
BRINJALS,2002-02-18,12.14,31.71
CABBAGE,2002-02-18,8.67,34.05
CARROT,2002-02-18,32.2,52.18
LEEKS,2002-02-18,28.25,48.18
PUMPKIN,2002-02-18,13.57,28.06
SNAKE GOURD,2002-02-18,13.33,30.08
BRINJALS,2002-02-25,12.0,33.66
CABBAGE,2002-02-25,10.11,34.83
CARROT,2002-02-25,36.11,53.63
LEEKS,2002-02-25,27.78,45.37
PUMPKIN,2002-02-25,14.14,31.16
SNAKE GOURD,2002-02-25,14.75,30.24
BRINJALS,2002-03-04,9.6,30.59
CABBAGE,2002-03-04,8.63,30.97
CARROT,2002-03-04,36.14,55.45
LEEKS,2002-03-04,25.63,47.78
PUMPKIN,2002-03-04,14.17,30.21
SNAKE GOURD,2002-03-04,13.11,28.97
BRINJALS,2002-03-11,9.0,31.54
CABBAGE,2002-03-11,9.5,32.0
CARROT,2002-03-11,38.45,53.81
LEEKS,2002-03-11,25.27,45.39
PUMPKIN,2002-03-11,13.22,32.1
SNAKE GOURD,2002-03-11,12.56,30.4
BRINJALS,2002-03-18,6.0,28.67
CABBAGE,2002-03-18,12.91,34.11
CARROT,2002-03-18,38.11,53.79
LEEKS,2002-03-18,33.09,47.95
PUMPKIN,2002-03-18,15.11,32.53
SNAKE GOURD,2002-03-18,13.5,29.62
BRINJALS,2002-03-25,9.18,27.75
CABBAGE,2002-03-25,9.1,30.41
CARROT,2002-03-25,34.44,53.4
LEEKS,2002-03-25,28.89,47.7
PUMPKIN,2002-03-25,13.67,33.58
SNAKE GOURD,2002-03-25,11.27,28.16
BRINJALS,2002-04-01,14.33,33.2
CABBAGE,2002-04-01,9.67,31.74
CARROT,2002-04-01,33.0,48.4
LEEKS,2002-04-01,25.46,44.34
PUMPKIN,2002-04-01,12.88,35.56
SNAKE GOURD,2002-04-01,11.27,27.9
BRINJALS,2002-04-08,22.17,41.95
CABBAGE,2002-04-08,10.0,36.61
CARROT,2002-04-08,37.0,59.49
LEEKS,2002-04-08,32.0,52.44
PUMPKIN,2002-04-08,13.0,37.25
SNAKE GOURD,2002-04-08,9.6,29.26
BRINJALS,2002-04-15,18.2,37.76
CABBAGE,2002-04-15,7.8,30.57
CARROT,2002-04-15,35.6,54.98
LEEKS,2002-04-15,24.67,44.22
PUMPKIN,2002-04-15,9.0,33.43
SNAKE GOURD,2002-04-15,15.4,29.43
BRINJALS,2002-04-22,18.2,37.76
CABBAGE,2002-04-22,7.8,30.57
CARROT,2002-04-22,35.6,54.98
LEEKS,2002-04-22,24.67,44.22
PUMPKIN,2002-04-22,9.0,33.43
SNAKE GOURD,2002-04-22,15.4,29.43
BRINJALS,2002-04-29,22.73,41.4
CABBAGE,2002-04-29,13.64,35.23
CARROT,2002-04-29,39.5,57.39
LEEKS,2002-04-29,32.33,51.73
PUMPKIN,2002-04-29,11.33,33.53
SNAKE GOURD,2002-04-29,16.8,35.31
BRINJALS,2002-05-06,29.15,51.55
CABBAGE,2002-05-06,22.73,47.38
CARROT,2002-05-06,50.5,78.51
LEEKS,2002-05-06,35.4,56.22
PUMPKIN,2002-05-06,12.91,33.54
SNAKE GOURD,2002-05-06,21.09,40.03
BRINJALS,2002-05-13,28.0,50.89
CABBAGE,2002-05-13,27.64,52.76
CARROT,2002-05-13,50.3,71.87
LEEKS,2002-05-13,37.2,61.54
PUMPKIN,2002-05-13,10.44,31.37
SNAKE GOURD,2002-05-13,22.8,42.61
BRINJALS,2002-05-20,31.0,60.63
CABBAGE,2002-05-20,30.45,59.31
CARROT,2002-05-20,54.5,90.53
LEEKS,2002-05-20,38.33,65.77
PUMPKIN,2002-05-20,8.8,32.06
SNAKE GOURD,2002-05-20,20.63,42.92
BRINJALS,2002-05-27,25.5,57.19
CABBAGE,2002-05-27,31.7,68.58
CARROT,2002-05-27,57.7,88.18
LEEKS,2002-05-27,44.6,71.06
PUMPKIN,2002-05-27,9.7,30.03
SNAKE GOURD,2002-05-27,19.44,43.22
BRINJALS,2002-06-03,24.2,45.05
CABBAGE,2002-06-03,26.88,59.54
CARROT,2002-06-03,52.22,76.57
LEEKS,2002-06-03,37.22,66.83
PUMPKIN,2002-06-03,8.63,29.31
SNAKE GOURD,2002-06-03,19.63,39.92
BRINJALS,2002-06-10,28.18,56.94
CABBAGE,2002-06-10,23.73,61.28
CARROT,2002-06-10,57.09,78.13
LEEKS,2002-06-10,48.09,75.32
PUMPKIN,2002-06-10,8.57,29.15
SNAKE GOURD,2002-06-10,19.82,38.1
BRINJALS,2002-06-17,29.78,56.94
CABBAGE,2002-06-17,29.56,61.28
CARROT,2002-06-17,56.67,78.13
LEEKS,2002-06-17,42.7,75.32
PUMPKIN,2002-06-17,9.0,29.15
SNAKE GOURD,2002-06-17,19.3,38.1
BRINJALS,2002-06-24,28.0,54.61
CABBAGE,2002-06-24,27.9,59.17
CARROT,2002-06-24,40.56,72.18
LEEKS,2002-06-24,44.8,67.8
PUMPKIN,2002-06-24,11.38,30.6
SNAKE GOURD,2002-06-24,19.22,40.07
BRINJALS,2002-07-01,22.5,46.9
CABBAGE,2002-07-01,25.36,58.76
CARROT,2002-07-01,32.64,54.02
LEEKS,2002-07-01,36.44,57.42
PUMPKIN,2002-07-01,14.0,30.19
SNAKE GOURD,2002-07-01,17.0,36.58
BRINJALS,2002-07-08,25.84,47.72
CABBAGE,2002-07-08,24.5,55.25
CARROT,2002-07-08,29.37,58.33
LEEKS,2002-07-08,32.0,57.98
PUMPKIN,2002-07-08,13.9,32.2
SNAKE GOURD,2002-07-08,16.3,37.23
BRINJALS,2002-07-15,20.82,40.3
CABBAGE,2002-07-15,24.42,52.22
CARROT,2002-07-15,27.09,47.86
LEEKS,2002-07-15,32.22,57.02
PUMPKIN,2002-07-15,16.18,32.44
SNAKE GOURD,2002-07-15,15.27,31.64
BRINJALS,2002-07-22,19.6,45.76
CABBAGE,2002-07-22,23.5,52.14
CARROT,2002-07-22,25.0,46.18
LEEKS,2002-07-22,30.6,48.9
PUMPKIN,2002-07-22,14.5,35.64
SNAKE GOURD,2002-07-22,15.0,32.67
BRINJALS,2002-07-29,17.5,42.07
CABBAGE,2002-07-29,19.73,49.17
CARROT,2002-07-29,20.34,42.0
LEEKS,2002-07-29,23.3,46.72
PUMPKIN,2002-07-29,15.0,33.08
SNAKE GOURD,2002-07-29,12.84,29.98
BRINJALS,2002-08-05,17.22,42.95
CABBAGE,2002-08-05,20.63,48.87
CARROT,2002-08-05,21.78,44.39
LEEKS,2002-08-05,26.33,48.8
PUMPKIN,2002-08-05,15.22,32.51
SNAKE GOURD,2002-08-05,10.9,30.19
BRINJALS,2002-08-12,17.08,39.93
CABBAGE,2002-08-12,21.75,49.0
CARROT,2002-08-12,17.0,39.74
LEEKS,2002-08-12,26.36,46.34
PUMPKIN,2002-08-12,14.27,29.11
SNAKE GOURD,2002-08-12,9.0,25.05
BRINJALS,2002-08-19,18.3,38.12
CABBAGE,2002-08-19,21.55,48.14
CARROT,2002-08-19,17.67,38.75
LEEKS,2002-08-19,21.82,43.11
PUMPKIN,2002-08-19,12.3,30.36
SNAKE GOURD,2002-08-19,8.33,25.24
BRINJALS,2002-08-26,18.2,41.72
CABBAGE,2002-08-26,19.67,45.14
CARROT,2002-08-26,17.4,36.63
LEEKS,2002-08-26,21.0,41.12
PUMPKIN,2002-08-26,14.37,31.73
SNAKE GOURD,2002-08-26,8.05,23.66
BRINJALS,2002-09-02,20.34,43.08
CABBAGE,2002-09-02,20.27,46.83
CARROT,2002-09-02,20.27,38.98
LEEKS,2002-09-02,19.82,39.78
PUMPKIN,2002-09-02,12.75,30.19
SNAKE GOURD,2002-09-02,8.92,24.95
BRINJALS,2002-09-09,20.42,43.224999999999994
CABBAGE,2002-09-09,19.865,47.01
CARROT,2002-09-09,20.405,39.215
LEEKS,2002-09-09,21.245,40.870000000000005
PUMPKIN,2002-09-09,12.555,30.28
SNAKE GOURD,2002-09-09,10.005,24.625
BRINJALS,2002-09-16,20.5,43.37
CABBAGE,2002-09-16,19.46,47.19
CARROT,2002-09-16,20.54,39.45
LEEKS,2002-09-16,22.67,41.96
PUMPKIN,2002-09-16,12.36,30.37
SNAKE GOURD,2002-09-16,11.09,24.3
BRINJALS,2002-09-23,21.0,42.06
CABBAGE,2002-09-23,18.5,45.17
CARROT,2002-09-23,18.09,39.04
LEEKS,2002-09-23,19.67,41.06
PUMPKIN,2002-09-23,12.3,30.02
SNAKE GOURD,2002-09-23,11.45,25.79
BRINJALS,2002-09-30,19.11,45.29
CABBAGE,2002-09-30,16.73,42.51
CARROT,2002-09-30,17.64,37.9
LEEKS,2002-09-30,19.4,38.47
PUMPKIN,2002-09-30,12.82,29.8
SNAKE GOURD,2002-09-30,10.46,25.6
BRINJALS,2002-10-07,20.09,43.42
CABBAGE,2002-10-07,13.4,41.13
CARROT,2002-10-07,17.74,37.2
LEEKS,2002-10-07,18.6,38.4
PUMPKIN,2002-10-07,12.7,29.17
SNAKE GOURD,2002-10-07,11.34,27.43
BRINJALS,2002-10-14,21.25,42.95
CABBAGE,2002-10-14,16.1,40.35
CARROT,2002-10-14,19.09,37.55
LEEKS,2002-10-14,20.18,39.98
PUMPKIN,2002-10-14,12.36,31.7
SNAKE GOURD,2002-10-14,11.84,29.3
BRINJALS,2002-10-21,19.83,44.49
CABBAGE,2002-10-21,14.09,41.09
CARROT,2002-10-21,19.25,43.78
LEEKS,2002-10-21,15.84,40.22
PUMPKIN,2002-10-21,13.58,33.21
SNAKE GOURD,2002-10-21,11.6,28.73
BRINJALS,2002-10-28,21.33,43.57
CABBAGE,2002-10-28,11.45,39.53
CARROT,2002-10-28,21.56,43.87
LEEKS,2002-10-28,16.09,42.96
PUMPKIN,2002-10-28,14.9,34.3
SNAKE GOURD,2002-10-28,12.18,30.73
BRINJALS,2002-11-04,18.83,43.15
CABBAGE,2002-11-04,10.17,38.07
CARROT,2002-11-04,18.4,41.64
LEEKS,2002-11-04,15.1,38.91
PUMPKIN,2002-11-04,14.64,34.09
SNAKE GOURD,2002-11-04,11.37,29.89
BRINJALS,2002-11-11,19.1,41.45
CABBAGE,2002-11-11,10.91,35.66
CARROT,2002-11-11,25.1,43.19
LEEKS,2002-11-11,14.36,38.09
PUMPKIN,2002-11-11,12.5,33.07
SNAKE GOURD,2002-11-11,9.1,28.23
BRINJALS,2002-11-18,21.09,44.42
CABBAGE,2002-11-18,12.0,39.68
CARROT,2002-11-18,36.0,50.68
LEEKS,2002-11-18,11.7,38.64
PUMPKIN,2002-11-18,14.4,34.93
SNAKE GOURD,2002-11-18,13.55,29.88
BRINJALS,2002-11-25,27.0,52.55
CABBAGE,2002-11-25,18.91,45.04
CARROT,2002-11-25,46.2,66.23
LEEKS,2002-11-25,19.5,43.16
PUMPKIN,2002-11-25,11.91,34.13
SNAKE GOURD,2002-11-25,17.34,34.46
BRINJALS,2002-12-02,28.37,58.5
CABBAGE,2002-12-02,15.18,45.5
CARROT,2002-12-02,42.3,64.82
LEEKS,2002-12-02,15.0,39.72
PUMPKIN,2002-12-02,8.8,31.29
SNAKE GOURD,2002-12-02,13.2,32.91
BRINJALS,2002-12-09,26.0,56.56
CABBAGE,2002-12-09,13.75,41.72
CARROT,2002-12-09,48.91,69.39
LEEKS,2002-12-09,18.55,41.11
PUMPKIN,2002-12-09,8.6,29.2
SNAKE GOURD,2002-12-09,13.36,33.7
BRINJALS,2002-12-16,28.0,58.31
CABBAGE,2002-12-16,10.9,41.07
CARROT,2002-12-16,43.8,68.49
LEEKS,2002-12-16,16.0,41.44
PUMPKIN,2002-12-16,8.0,28.04
SNAKE GOURD,2002-12-16,14.1,34.76
BRINJALS,2002-12-23,54.0,95.63
CABBAGE,2002-12-23,22.33,56.12
CARROT,2002-12-23,74.22,108.61
LEEKS,2002-12-23,29.0,58.63
PUMPKIN,2002-12-23,8.4,30.1
SNAKE GOURD,2002-12-23,25.6,43.59
BRINJALS,2002-12-30,44.64,71.87
CABBAGE,2002-12-30,26.4,53.74
CARROT,2002-12-30,69.7,82.67
LEEKS,2002-12-30,29.0,50.97
PUMPKIN,2002-12-30,7.78,27.4
SNAKE GOURD,2002-12-30,23.7,41.61
BRINJALS,2003-01-06,39.13,75.14
CABBAGE,2003-01-06,29.5,57.72
CARROT,2003-01-06,64.22,84.87
LEEKS,2003-01-06,26.3,52.49
PUMPKIN,2003-01-06,6.6,29.28
SNAKE GOURD,2003-01-06,22.9,41.53
BRINJALS,2003-01-13,19.5,55.93
CABBAGE,2003-01-13,28.4,63.67
CARROT,2003-01-13,45.6,79.77
LEEKS,2003-01-13,29.33,56.44
PUMPKIN,2003-01-13,6.3,29.02
SNAKE GOURD,2003-01-13,18.0,43.83
BRINJALS,2003-01-20,22.67,47.45
CABBAGE,2003-01-20,24.5,58.65
CARROT,2003-01-20,54.5,76.33
LEEKS,2003-01-20,28.2,50.07
PUMPKIN,2003-01-20,8.6,26.09
SNAKE GOURD,2003-01-20,22.2,42.41
BRINJALS,2003-01-27,18.78,45.91
CABBAGE,2003-01-27,26.82,57.38
CARROT,2003-01-27,47.82,80.39
LEEKS,2003-01-27,21.64,47.66
PUMPKIN,2003-01-27,7.82,23.73
SNAKE GOURD,2003-01-27,21.4,42.98
BRINJALS,2003-02-03,18.27,37.95
CABBAGE,2003-02-03,28.27,53.28
CARROT,2003-02-03,40.0,63.73
LEEKS,2003-02-03,24.73,44.58
PUMPKIN,2003-02-03,7.11,24.23
SNAKE GOURD,2003-02-03,16.86,40.02
BRINJALS,2003-02-10,17.64,37.75
CABBAGE,2003-02-10,25.45,53.0
CARROT,2003-02-10,51.0,72.13
LEEKS,2003-02-10,21.9,47.45
PUMPKIN,2003-02-10,8.6,25.57
SNAKE GOURD,2003-02-10,18.78,36.86
BRINJALS,2003-02-17,14.55,37.5
CABBAGE,2003-02-17,26.42,57.28
CARROT,2003-02-17,48.18,70.0
LEEKS,2003-02-17,20.27,40.94
PUMPKIN,2003-02-17,7.9,26.5
SNAKE GOURD,2003-02-17,17.1,36.68
BRINJALS,2003-02-24,19.45,41.09
CABBAGE,2003-02-24,27.7,49.19
CARROT,2003-02-24,50.46,69.8
LEEKS,2003-02-24,19.7,41.07
PUMPKIN,2003-02-24,7.1,26.41
SNAKE GOURD,2003-02-24,16.18,34.53
BRINJALS,2003-03-03,19.25,39.78
CABBAGE,2003-03-03,28.0,52.29
CARROT,2003-03-03,38.5,70.2
LEEKS,2003-03-03,19.4,42.2
PUMPKIN,2003-03-03,7.8,27.83
SNAKE GOURD,2003-03-03,15.73,32.63
BRINJALS,2003-03-10,18.09,36.53
CABBAGE,2003-03-10,20.0,37.23
CARROT,2003-03-10,30.42,47.81
LEEKS,2003-03-10,17.84,31.96
PUMPKIN,2003-03-10,7.09,26.86
SNAKE GOURD,2003-03-10,12.5,30.09
BRINJALS,2003-03-17,13.37,32.09
CABBAGE,2003-03-17,16.7,37.0
CARROT,2003-03-17,33.0,50.06
LEEKS,2003-03-17,19.0,34.42
PUMPKIN,2003-03-17,10.6,27.72
SNAKE GOURD,2003-03-17,11.1,28.91
BRINJALS,2003-03-24,15.8,32.24
CABBAGE,2003-03-24,18.2,37.8
CARROT,2003-03-24,35.0,50.12
LEEKS,2003-03-24,23.09,35.56
PUMPKIN,2003-03-24,7.6,25.59
SNAKE GOURD,2003-03-24,11.2,29.38
BRINJALS,2003-03-31,25.5,44.6
CABBAGE,2003-03-31,19.0,39.32
CARROT,2003-03-31,30.0,48.38
LEEKS,2003-03-31,19.0,34.96
PUMPKIN,2003-03-31,8.25,26.42
SNAKE GOURD,2003-03-31,10.84,25.82
BRINJALS,2003-04-07,30.83,45.81
CABBAGE,2003-04-07,15.0,39.0
CARROT,2003-04-07,26.0,47.33
LEEKS,2003-04-07,18.5,34.6
PUMPKIN,2003-04-07,9.0,26.2
SNAKE GOURD,2003-04-07,10.33,25.5
BRINJALS,2003-04-14,13.0,38.19
CABBAGE,2003-04-14,20.0,40.96
CARROT,2003-04-14,25.75,47.0
LEEKS,2003-04-14,18.75,38.59
PUMPKIN,2003-04-14,9.0,26.85
SNAKE GOURD,2003-04-14,10.4,27.12
BRINJALS,2003-04-21,11.0,37.17
CABBAGE,2003-04-21,17.09,39.45
CARROT,2003-04-21,26.67,47.6
LEEKS,2003-04-21,19.67,39.3
PUMPKIN,2003-04-21,8.75,27.11
SNAKE GOURD,2003-04-21,10.34,30.33
BRINJALS,2003-04-28,13.0,39.84
CABBAGE,2003-04-28,18.25,40.67
CARROT,2003-04-28,26.67,43.81
LEEKS,2003-04-28,19.67,40.31
PUMPKIN,2003-04-28,8.55,26.07
SNAKE GOURD,2003-04-28,15.27,35.18
BRINJALS,2003-05-05,20.92,44.02
CABBAGE,2003-05-05,18.59,44.28
CARROT,2003-05-05,26.25,48.96
LEEKS,2003-05-05,23.67,42.26
PUMPKIN,2003-05-05,9.25,27.29
SNAKE GOURD,2003-05-05,15.5,32.89
BRINJALS,2003-05-12,19.34,48.78
CABBAGE,2003-05-12,22.57,46.73
CARROT,2003-05-12,23.29,53.04
LEEKS,2003-05-12,23.64,47.74
PUMPKIN,2003-05-12,8.0,27.37
SNAKE GOURD,2003-05-12,15.0,36.59
BRINJALS,2003-05-19,25.0,52.74
CABBAGE,2003-05-19,27.59,49.76
CARROT,2003-05-19,39.5,57.07
LEEKS,2003-05-19,39.58,55.64
PUMPKIN,2003-05-19,10.0,28.37
SNAKE GOURD,2003-05-19,18.84,38.0
BRINJALS,2003-05-26,24.59,46.71
CABBAGE,2003-05-26,26.25,50.16
CARROT,2003-05-26,35.0,54.61
LEEKS,2003-05-26,29.67,54.5
PUMPKIN,2003-05-26,8.5,26.67
SNAKE GOURD,2003-05-26,14.5,35.4
BRINJALS,2003-06-02,19.6,47.84
CABBAGE,2003-06-02,18.7,47.33
CARROT,2003-06-02,35.64,55.72
LEEKS,2003-06-02,36.09,51.57
PUMPKIN,2003-06-02,8.4,25.82
SNAKE GOURD,2003-06-02,11.2,33.24
BRINJALS,2003-06-09,19.6,52.09
CABBAGE,2003-06-09,18.7,49.27
CARROT,2003-06-09,35.64,61.94
LEEKS,2003-06-09,36.09,58.88
PUMPKIN,2003-06-09,8.4,28.71
SNAKE GOURD,2003-06-09,11.2,34.94
BRINJALS,2003-06-16,22.92,44.32
CABBAGE,2003-06-16,15.67,43.02
CARROT,2003-06-16,33.42,55.13
LEEKS,2003-06-16,33.75,52.8
PUMPKIN,2003-06-16,8.58,27.1
SNAKE GOURD,2003-06-16,12.25,32.28
BRINJALS,2003-06-23,23.37,41.98
CABBAGE,2003-06-23,13.27,40.76
CARROT,2003-06-23,27.28,53.32
LEEKS,2003-06-23,27.73,49.32
PUMPKIN,2003-06-23,8.0,28.55
SNAKE GOURD,2003-06-23,11.09,33.3
BRINJALS,2003-06-30,20.54,41.34
CABBAGE,2003-06-30,10.25,36.55
CARROT,2003-06-30,28.13,51.47
LEEKS,2003-06-30,29.79,49.31
PUMPKIN,2003-06-30,9.54,29.01
SNAKE GOURD,2003-06-30,7.25,30.91
BRINJALS,2003-07-07,27.83,46.42
CABBAGE,2003-07-07,10.25,39.36
CARROT,2003-07-07,30.21,52.6
LEEKS,2003-07-07,30.21,55.25
PUMPKIN,2003-07-07,9.33,30.23
SNAKE GOURD,2003-07-07,9.0,35.02
BRINJALS,2003-07-14,21.84,43.98
CABBAGE,2003-07-14,8.79,37.24
CARROT,2003-07-14,27.29,50.81
LEEKS,2003-07-14,27.5,53.31
PUMPKIN,2003-07-14,9.0,29.83
SNAKE GOURD,2003-07-14,9.08,32.67
BRINJALS,2003-07-21,20.75,44.22
CABBAGE,2003-07-21,8.8,34.98
CARROT,2003-07-21,26.13,47.06
LEEKS,2003-07-21,30.0,47.76
PUMPKIN,2003-07-21,9.17,26.76
SNAKE GOURD,2003-07-21,8.25,30.98
BRINJALS,2003-07-28,16.78,44.76
CABBAGE,2003-07-28,7.28,34.21
CARROT,2003-07-28,25.0,46.91
LEEKS,2003-07-28,27.0,48.87
PUMPKIN,2003-07-28,10.67,26.38
SNAKE GOURD,2003-07-28,8.11,28.12
BRINJALS,2003-08-04,14.67,43.06
CABBAGE,2003-08-04,7.63,37.65
CARROT,2003-08-04,24.38,46.42
LEEKS,2003-08-04,28.34,48.94
PUMPKIN,2003-08-04,10.21,26.08
SNAKE GOURD,2003-08-04,8.92,32.69
BRINJALS,2003-08-11,15.22,40.19
CABBAGE,2003-08-11,10.0,34.89
CARROT,2003-08-11,19.28,43.42
LEEKS,2003-08-11,29.72,47.54
PUMPKIN,2003-08-11,10.16,25.94
SNAKE GOURD,2003-08-11,9.0,28.57
BRINJALS,2003-08-18,17.78,47.49
CABBAGE,2003-08-18,10.0,38.81
CARROT,2003-08-18,21.61,46.84
LEEKS,2003-08-18,31.05,49.29
PUMPKIN,2003-08-18,10.83,29.45
SNAKE GOURD,2003-08-18,10.67,34.61
BRINJALS,2003-08-25,19.63,47.17
CABBAGE,2003-08-25,9.0,36.76
CARROT,2003-08-25,22.04,43.51
LEEKS,2003-08-25,32.59,50.61
PUMPKIN,2003-08-25,11.25,27.31
SNAKE GOURD,2003-08-25,12.17,29.64
BRINJALS,2003-09-01,19.63,47.17
CABBAGE,2003-09-01,9.0,36.76
CARROT,2003-09-01,22.04,43.51
LEEKS,2003-09-01,32.59,50.61
PUMPKIN,2003-09-01,11.25,27.31
SNAKE GOURD,2003-09-01,12.17,29.64
BRINJALS,2003-09-08,19.67,48.08
CABBAGE,2003-09-08,9.98,36.45
CARROT,2003-09-08,20.75,43.95
LEEKS,2003-09-08,32.65,49.03
PUMPKIN,2003-09-08,13.09,28.6
SNAKE GOURD,2003-09-08,13.5,32.98
BRINJALS,2003-09-15,16.67,45.17
CABBAGE,2003-09-15,8.55,32.73
CARROT,2003-09-15,19.05,42.36
LEEKS,2003-09-15,30.56,48.05
PUMPKIN,2003-09-15,12.39,27.4
SNAKE GOURD,2003-09-15,10.11,30.31
BRINJALS,2003-09-22,17.84,46.33
CABBAGE,2003-09-22,8.75,35.17
CARROT,2003-09-22,17.71,42.12
LEEKS,2003-09-22,29.17,47.9
PUMPKIN,2003-09-22,12.88,26.95
SNAKE GOURD,2003-09-22,9.0,31.54
BRINJALS,2003-09-29,20.56,42.41
CABBAGE,2003-09-29,8.0,31.61
CARROT,2003-09-29,17.56,38.76
LEEKS,2003-09-29,28.45,47.88
PUMPKIN,2003-09-29,13.05,27.53
SNAKE GOURD,2003-09-29,10.78,30.78
BRINJALS,2003-10-06,18.0,43.09
CABBAGE,2003-10-06,10.06,37.05
CARROT,2003-10-06,20.06,40.31
LEEKS,2003-10-06,30.94,48.71
PUMPKIN,2003-10-06,12.69,29.78
SNAKE GOURD,2003-10-06,16.64,33.76
BRINJALS,2003-10-13,21.0,46.44
CABBAGE,2003-10-13,11.67,37.32
CARROT,2003-10-13,26.09,42.76
LEEKS,2003-10-13,28.08,47.92
PUMPKIN,2003-10-13,11.84,30.51
SNAKE GOURD,2003-10-13,13.75,33.21
BRINJALS,2003-10-20,21.92,53.31
CABBAGE,2003-10-20,16.15,43.13
CARROT,2003-10-20,27.09,48.72
LEEKS,2003-10-20,33.92,58.81
PUMPKIN,2003-10-20,13.09,36.47
SNAKE GOURD,2003-10-20,15.84,38.23
BRINJALS,2003-10-27,19.71,43.06
CABBAGE,2003-10-27,12.0,37.0
CARROT,2003-10-27,24.78,44.72
LEEKS,2003-10-27,28.22,48.31
PUMPKIN,2003-10-27,14.05,31.2
SNAKE GOURD,2003-10-27,15.72,34.56
BRINJALS,2003-11-03,15.28,41.89
CABBAGE,2003-11-03,8.44,35.19
CARROT,2003-11-03,24.33,44.08
LEEKS,2003-11-03,32.17,47.79
PUMPKIN,2003-11-03,15.0,30.09
SNAKE GOURD,2003-11-03,18.61,34.47
BRINJALS,2003-11-10,18.0,40.85
CABBAGE,2003-11-10,9.6,34.83
CARROT,2003-11-10,26.6,45.37
LEEKS,2003-11-10,27.4,52.67
PUMPKIN,2003-11-10,14.67,31.94
SNAKE GOURD,2003-11-10,16.2,33.71
BRINJALS,2003-11-17,18.09,54.6
CABBAGE,2003-11-17,10.17,34.64
CARROT,2003-11-17,23.08,50.97
LEEKS,2003-11-17,23.25,51.9
PUMPKIN,2003-11-17,17.84,35.11
SNAKE GOURD,2003-11-17,14.82,35.74
BRINJALS,2003-11-24,23.33,54.29
CABBAGE,2003-11-24,10.59,38.02
CARROT,2003-11-24,36.45,55.52
LEEKS,2003-11-24,28.75,55.82
PUMPKIN,2003-11-24,22.25,36.04
SNAKE GOURD,2003-11-24,16.67,38.89
BRINJALS,2003-12-01,30.0,57.79
CABBAGE,2003-12-01,12.34,38.67
CARROT,2003-12-01,43.64,66.33
LEEKS,2003-12-01,28.55,55.94
PUMPKIN,2003-12-01,23.46,37.12
SNAKE GOURD,2003-12-01,17.09,41.0
BRINJALS,2003-12-08,33.42,58.62
CABBAGE,2003-12-08,16.0,43.6
CARROT,2003-12-08,40.0,68.39
LEEKS,2003-12-08,28.59,56.31
PUMPKIN,2003-12-08,21.34,37.87
SNAKE GOURD,2003-12-08,19.0,40.3
BRINJALS,2003-12-15,23.25,60.33
CABBAGE,2003-12-15,13.54,42.74
CARROT,2003-12-15,40.0,64.0
LEEKS,2003-12-15,29.92,54.04
PUMPKIN,2003-12-15,13.59,37.48
SNAKE GOURD,2003-12-15,16.17,37.44
BRINJALS,2003-12-22,25.75,54.5
CABBAGE,2003-12-22,17.25,41.74
CARROT,2003-12-22,45.83,61.91
LEEKS,2003-12-22,36.22,54.6
PUMPKIN,2003-12-22,13.05,32.3
SNAKE GOURD,2003-12-22,14.61,37.55
BRINJALS,2003-12-29,19.25,43.6
CABBAGE,2003-12-29,19.5,42.76
CARROT,2003-12-29,37.5,58.05
LEEKS,2003-12-29,35.0,53.71
PUMPKIN,2003-12-29,13.0,29.64
SNAKE GOURD,2003-12-29,14.0,35.53
BRINJALS,2004-01-05,12.18,38.16
CABBAGE,2004-01-05,16.5,43.39
CARROT,2004-01-05,32.5,56.35
LEEKS,2004-01-05,30.0,58.76
PUMPKIN,2004-01-05,11.17,28.6
SNAKE GOURD,2004-01-05,14.78,36.21
BRINJALS,2004-01-12,10.92,40.75
CABBAGE,2004-01-12,11.59,39.37
CARROT,2004-01-12,35.42,54.85
LEEKS,2004-01-12,32.92,52.17
PUMPKIN,2004-01-12,10.25,29.83
SNAKE GOURD,2004-01-12,13.67,35.6
BRINJALS,2004-01-19,10.42,37.43
CABBAGE,2004-01-19,12.59,38.48
CARROT,2004-01-19,33.75,53.89
LEEKS,2004-01-19,26.6,50.44
PUMPKIN,2004-01-19,10.63,28.78
SNAKE GOURD,2004-01-19,18.03,37.27
BRINJALS,2004-01-26,14.08,39.61
CABBAGE,2004-01-26,10.5,34.6
CARROT,2004-01-26,32.5,48.94
LEEKS,2004-01-26,24.84,44.52
PUMPKIN,2004-01-26,10.25,28.81
SNAKE GOURD,2004-01-26,13.09,35.0
BRINJALS,2004-02-02,14.08,39.61
CABBAGE,2004-02-02,10.5,34.6
CARROT,2004-02-02,32.5,48.94
LEEKS,2004-02-02,24.84,44.52
PUMPKIN,2004-02-02,10.25,28.81
SNAKE GOURD,2004-02-02,13.09,35.0
BRINJALS,2004-02-09,13.42,40.66
CABBAGE,2004-02-09,11.0,34.61
CARROT,2004-02-09,19.5,46.9
LEEKS,2004-02-09,20.67,44.39
PUMPKIN,2004-02-09,11.83,28.08
SNAKE GOURD,2004-02-09,13.17,36.74
BRINJALS,2004-02-16,13.75,39.02
CABBAGE,2004-02-16,7.09,35.41
CARROT,2004-02-16,28.33,47.02
LEEKS,2004-02-16,20.34,43.98
PUMPKIN,2004-02-16,11.25,29.63
SNAKE GOURD,2004-02-16,13.42,34.53
BRINJALS,2004-02-23,13.59,37.06
CABBAGE,2004-02-23,7.27,31.55
CARROT,2004-02-23,22.37,44.87
LEEKS,2004-02-23,23.08,45.23
PUMPKIN,2004-02-23,11.25,28.92
SNAKE GOURD,2004-02-23,14.34,32.54
BRINJALS,2004-03-01,11.59,38.25
CABBAGE,2004-03-01,6.42,31.9
CARROT,2004-03-01,27.09,45.38
LEEKS,2004-03-01,21.67,43.53
PUMPKIN,2004-03-01,9.0,28.82
SNAKE GOURD,2004-03-01,11.0,33.53
BRINJALS,2004-03-08,11.0,34.19
CABBAGE,2004-03-08,7.67,33.3
CARROT,2004-03-08,18.75,41.31
LEEKS,2004-03-08,17.34,41.65
PUMPKIN,2004-03-08,10.84,26.44
SNAKE GOURD,2004-03-08,8.33,28.04
BRINJALS,2004-03-15,6.11,34.28
CABBAGE,2004-03-15,5.11,31.32
CARROT,2004-03-15,22.82,42.17
LEEKS,2004-03-15,17.67,41.65
PUMPKIN,2004-03-15,9.0,28.19
SNAKE GOURD,2004-03-15,7.39,30.74
BRINJALS,2004-03-22,7.08,33.91
CABBAGE,2004-03-22,8.0,32.11
CARROT,2004-03-22,27.59,45.09
LEEKS,2004-03-22,21.92,41.96
PUMPKIN,2004-03-22,10.0,26.02
SNAKE GOURD,2004-03-22,9.0,30.21
BRINJALS,2004-03-29,9.0,42.86
CABBAGE,2004-03-29,6.84,36.44
CARROT,2004-03-29,27.5,46.16
LEEKS,2004-03-29,17.5,44.23
PUMPKIN,2004-03-29,9.5,28.59
SNAKE GOURD,2004-03-29,13.5,36.02
BRINJALS,2004-04-05,9.0,42.86
CABBAGE,2004-04-05,6.84,36.44
CARROT,2004-04-05,27.5,46.16
LEEKS,2004-04-05,17.5,44.23
PUMPKIN,2004-04-05,9.5,28.59
SNAKE GOURD,2004-04-05,13.5,36.02
BRINJALS,2004-04-12,10.67,45.55
CABBAGE,2004-04-12,8.67,33.81
CARROT,2004-04-12,30.42,53.88
LEEKS,2004-04-12,18.34,46.71
PUMPKIN,2004-04-12,9.5,28.06
SNAKE GOURD,2004-04-12,13.59,34.62
BRINJALS,2004-04-19,15.0,40.55
CABBAGE,2004-04-19,8.83,34.74
CARROT,2004-04-19,29.25,45.9
LEEKS,2004-04-19,22.33,42.71
PUMPKIN,2004-04-19,9.83,27.14
SNAKE GOURD,2004-04-19,15.67,35.61
BRINJALS,2004-04-26,17.0,45.02
CABBAGE,2004-04-26,9.82,37.32
CARROT,2004-04-26,38.5,56.17
LEEKS,2004-04-26,22.45,49.04
PUMPKIN,2004-04-26,8.6,28.79
SNAKE GOURD,2004-04-26,20.0,41.59
BRINJALS,2004-05-03,18.67,45.8
CABBAGE,2004-05-03,15.5,41.92
CARROT,2004-05-03,47.5,67.04
LEEKS,2004-05-03,22.09,48.94
PUMPKIN,2004-05-03,9.17,30.94
SNAKE GOURD,2004-05-03,23.09,43.0
BRINJALS,2004-05-10,19.25,49.85
CABBAGE,2004-05-10,21.75,45.56
CARROT,2004-05-10,64.58,79.05
LEEKS,2004-05-10,27.09,52.95
PUMPKIN,2004-05-10,10.0,28.0
SNAKE GOURD,2004-05-10,20.17,42.77
BRINJALS,2004-05-17,21.25,50.87
CABBAGE,2004-05-17,26.92,49.91
CARROT,2004-05-17,83.33,120.26
LEEKS,2004-05-17,27.5,53.98
PUMPKIN,2004-05-17,9.0,29.2
SNAKE GOURD,2004-05-17,20.17,41.07
BRINJALS,2004-05-24,17.67,50.74
CABBAGE,2004-05-24,27.67,51.6
CARROT,2004-05-24,80.0,107.9
LEEKS,2004-05-24,31.75,55.21
PUMPKIN,2004-05-24,9.17,28.78
SNAKE GOURD,2004-05-24,18.83,41.71
BRINJALS,2004-05-31,14.84,50.77
CABBAGE,2004-05-31,24.59,54.26
CARROT,2004-05-31,80.83,121.95
LEEKS,2004-05-31,27.25,57.12
PUMPKIN,2004-05-31,11.17,30.55
SNAKE GOURD,2004-05-31,16.58,41.32
BRINJALS,2004-06-07,15.54,44.67
CABBAGE,2004-06-07,20.5,54.0
CARROT,2004-06-07,70.0,96.28
LEEKS,2004-06-07,25.75,56.3
PUMPKIN,2004-06-07,11.17,33.87
SNAKE GOURD,2004-06-07,15.17,38.12
BRINJALS,2004-06-14,15.34,47.02
CABBAGE,2004-06-14,20.58,51.98
CARROT,2004-06-14,55.84,83.12
LEEKS,2004-06-14,31.25,56.44
PUMPKIN,2004-06-14,12.09,28.12
SNAKE GOURD,2004-06-14,15.67,37.72
BRINJALS,2004-06-21,13.42,49.0
CABBAGE,2004-06-21,26.67,58.81
CARROT,2004-06-21,60.91,88.49
LEEKS,2004-06-21,27.5,55.71
PUMPKIN,2004-06-21,11.75,29.83
SNAKE GOURD,2004-06-21,15.75,38.48
BRINJALS,2004-06-28,14.36,47.02
CABBAGE,2004-06-28,23.75,56.54
CARROT,2004-06-28,42.09,67.76
LEEKS,2004-06-28,22.42,47.2
PUMPKIN,2004-06-28,11.33,28.67
SNAKE GOURD,2004-06-28,14.84,38.53
BRINJALS,2004-07-05,19.67,47.67
CABBAGE,2004-07-05,28.92,60.8
CARROT,2004-07-05,50.42,74.45
LEEKS,2004-07-05,31.25,51.46
PUMPKIN,2004-07-05,12.92,31.89
SNAKE GOURD,2004-07-05,16.09,39.15
BRINJALS,2004-07-12,13.17,43.35
CABBAGE,2004-07-12,22.67,51.56
CARROT,2004-07-12,42.73,62.21
LEEKS,2004-07-12,28.55,45.88
PUMPKIN,2004-07-12,15.84,35.81
SNAKE GOURD,2004-07-12,11.25,34.87
BRINJALS,2004-07-19,14.84,44.57
CABBAGE,2004-07-19,26.84,55.65
CARROT,2004-07-19,40.42,59.57
LEEKS,2004-07-19,19.83,45.35
PUMPKIN,2004-07-19,13.75,35.41
SNAKE GOURD,2004-07-19,10.34,34.66
BRINJALS,2004-07-26,13.25,43.07
CABBAGE,2004-07-26,29.17,59.43
CARROT,2004-07-26,44.09,61.51
LEEKS,2004-07-26,19.67,46.65
PUMPKIN,2004-07-26,15.25,36.7
SNAKE GOURD,2004-07-26,10.67,34.65
BRINJALS,2004-08-02,14.75,43.08
CABBAGE,2004-08-02,26.75,57.56
CARROT,2004-08-02,35.0,56.85
LEEKS,2004-08-02,18.67,42.62
PUMPKIN,2004-08-02,15.75,36.08
SNAKE GOURD,2004-08-02,13.59,33.73
BRINJALS,2004-08-09,15.92,45.05
CABBAGE,2004-08-09,30.17,56.63
CARROT,2004-08-09,35.0,53.32
LEEKS,2004-08-09,20.5,41.95
PUMPKIN,2004-08-09,14.25,35.68
SNAKE GOURD,2004-08-09,10.17,36.12
BRINJALS,2004-08-16,14.34,43.93
CABBAGE,2004-08-16,22.36,56.15
CARROT,2004-08-16,25.42,50.44
LEEKS,2004-08-16,17.92,42.98
PUMPKIN,2004-08-16,12.5,33.74
SNAKE GOURD,2004-08-16,11.25,33.95
BRINJALS,2004-08-23,16.34,47.31
CABBAGE,2004-08-23,27.83,57.41
CARROT,2004-08-23,29.91,52.51
LEEKS,2004-08-23,17.5,42.69
PUMPKIN,2004-08-23,12.59,32.88
SNAKE GOURD,2004-08-23,10.5,36.54
BRINJALS,2004-08-30,17.59,49.34
CABBAGE,2004-08-30,23.0,53.71
CARROT,2004-08-30,32.27,51.68
LEEKS,2004-08-30,16.25,41.23
PUMPKIN,2004-08-30,12.92,32.91
SNAKE GOURD,2004-08-30,12.09,32.91
BRINJALS,2004-09-06,19.0,48.86
CABBAGE,2004-09-06,19.67,55.4
CARROT,2004-09-06,22.5,45.69
LEEKS,2004-09-06,13.5,44.11
PUMPKIN,2004-09-06,14.0,33.17
SNAKE GOURD,2004-09-06,10.0,32.8
BRINJALS,2004-09-13,16.75,48.45
CABBAGE,2004-09-13,13.92,44.88
CARROT,2004-09-13,20.67,45.58
LEEKS,2004-09-13,13.34,39.05
PUMPKIN,2004-09-13,11.17,30.29
SNAKE GOURD,2004-09-13,10.17,32.47
BRINJALS,2004-09-20,17.0,48.69
CABBAGE,2004-09-20,10.45,43.64
CARROT,2004-09-20,17.18,44.92
LEEKS,2004-09-20,13.55,39.54
PUMPKIN,2004-09-20,9.91,30.03
SNAKE GOURD,2004-09-20,10.45,33.63
BRINJALS,2004-09-27,19.0,51.1
CABBAGE,2004-09-27,9.25,42.18
CARROT,2004-09-27,27.5,47.46
LEEKS,2004-09-27,12.09,38.64
PUMPKIN,2004-09-27,10.5,30.08
SNAKE GOURD,2004-09-27,11.5,37.74
BRINJALS,2004-10-04,27.25,52.49
CABBAGE,2004-10-04,13.75,40.84
CARROT,2004-10-04,25.84,46.67
LEEKS,2004-10-04,12.67,40.43
PUMPKIN,2004-10-04,11.0,30.0
SNAKE GOURD,2004-10-04,18.59,38.67
BRINJALS,2004-10-11,32.34,54.06
CABBAGE,2004-10-11,18.59,43.63
CARROT,2004-10-11,31.82,47.25
LEEKS,2004-10-11,25.0,43.19
PUMPKIN,2004-10-11,15.09,30.84
SNAKE GOURD,2004-10-11,27.5,42.12
BRINJALS,2004-10-18,26.89,50.97
CABBAGE,2004-10-18,14.73,43.0
CARROT,2004-10-18,26.55,45.03
LEEKS,2004-10-18,14.4,38.39
PUMPKIN,2004-10-18,10.5,28.63
SNAKE GOURD,2004-10-18,14.71,34.26
BRINJALS,2004-10-25,28.64,56.3
CABBAGE,2004-10-25,15.54,43.09
CARROT,2004-10-25,35.0,54.52
LEEKS,2004-10-25,14.4,41.42
PUMPKIN,2004-10-25,11.7,29.72
SNAKE GOURD,2004-10-25,17.9,37.94
BRINJALS,2004-11-01,29.75,60.71
CABBAGE,2004-11-01,19.4,48.63
CARROT,2004-11-01,37.8,62.35
LEEKS,2004-11-01,18.0,43.48
PUMPKIN,2004-11-01,11.14,30.76
SNAKE GOURD,2004-11-01,19.89,40.07
BRINJALS,2004-11-08,44.09,59.66
CABBAGE,2004-11-08,25.75,51.7
CARROT,2004-11-08,51.67,70.52
LEEKS,2004-11-08,25.42,51.9
PUMPKIN,2004-11-08,11.54,30.97
SNAKE GOURD,2004-11-08,23.0,39.28
BRINJALS,2004-11-15,41.36,66.67
CABBAGE,2004-11-15,24.27,53.45
CARROT,2004-11-15,51.67,73.72
LEEKS,2004-11-15,21.82,52.36
PUMPKIN,2004-11-15,11.3,31.8
SNAKE GOURD,2004-11-15,20.0,41.93
BRINJALS,2004-11-22,44.44,76.93
CABBAGE,2004-11-22,32.0,61.91
CARROT,2004-11-22,72.5,94.09
LEEKS,2004-11-22,32.0,61.03
PUMPKIN,2004-11-22,11.82,31.52
SNAKE GOURD,2004-11-22,20.0,41.81
BRINJALS,2004-11-29,35.0,77.15
CABBAGE,2004-11-29,27.78,66.0
CARROT,2004-11-29,65.0,95.38
LEEKS,2004-11-29,34.5,66.19
PUMPKIN,2004-11-29,9.4,34.43
SNAKE GOURD,2004-11-29,17.3,42.0
BRINJALS,2004-12-06,41.25,72.0
CABBAGE,2004-12-06,28.0,60.1
CARROT,2004-12-06,58.33,91.72
LEEKS,2004-12-06,40.0,70.0
PUMPKIN,2004-12-06,7.22,29.39
SNAKE GOURD,2004-12-06,15.7,39.28
BRINJALS,2004-12-13,44.44,66.24
CABBAGE,2004-12-13,20.9,56.5
CARROT,2004-12-13,53.5,80.69
LEEKS,2004-12-13,37.0,62.5
PUMPKIN,2004-12-13,7.09,26.94
SNAKE GOURD,2004-12-13,15.44,36.79
BRINJALS,2004-12-20,48.6,76.61
CABBAGE,2004-12-20,26.0,58.64
CARROT,2004-12-20,60.56,93.44
LEEKS,2004-12-20,43.33,75.33
PUMPKIN,2004-12-20,6.78,28.53
SNAKE GOURD,2004-12-20,17.44,45.12
BRINJALS,2005-01-03,38.89,64.82
CABBAGE,2005-01-03,30.63,59.15
CARROT,2005-01-03,58.89,84.53
LEEKS,2005-01-03,34.38,66.09
PUMPKIN,2005-01-03,7.1,27.57
SNAKE GOURD,2005-01-03,17.25,42.03
BRINJALS,2005-01-10,36.010000000000005,62.455
CABBAGE,2005-01-10,29.76,58.045
CARROT,2005-01-10,57.445,84.00999999999999
LEEKS,2005-01-10,34.065,66.455
PUMPKIN,2005-01-10,6.865,26.575
SNAKE GOURD,2005-01-10,19.565,44.92
BRINJALS,2005-01-17,33.13,60.09
CABBAGE,2005-01-17,28.89,56.94
CARROT,2005-01-17,56.0,83.49
LEEKS,2005-01-17,33.75,66.82
PUMPKIN,2005-01-17,6.63,25.58
SNAKE GOURD,2005-01-17,21.88,47.81
BRINJALS,2005-01-24,34.5,55.4
CABBAGE,2005-01-24,24.0,54.82
CARROT,2005-01-24,45.0,74.35
LEEKS,2005-01-24,35.0,63.81
PUMPKIN,2005-01-24,6.33,24.07
SNAKE GOURD,2005-01-24,21.88,44.76
BRINJALS,2005-01-31,31.25,55.64
CABBAGE,2005-01-31,21.3,52.91
CARROT,2005-01-31,38.5,71.57
LEEKS,2005-01-31,32.0,60.4
PUMPKIN,2005-01-31,6.11,24.15
SNAKE GOURD,2005-01-31,18.84,43.72
BRINJALS,2005-02-07,26.88,53.23
CABBAGE,2005-02-07,22.0,55.33
CARROT,2005-02-07,39.44,74.71
LEEKS,2005-02-07,29.29,56.08
PUMPKIN,2005-02-07,6.38,25.48
SNAKE GOURD,2005-02-07,17.87,40.09
BRINJALS,2005-02-14,33.75,61.68
CABBAGE,2005-02-14,27.1,57.0
CARROT,2005-02-14,41.0,84.17
LEEKS,2005-02-14,29.11,60.47
PUMPKIN,2005-02-14,8.63,26.6
SNAKE GOURD,2005-02-14,26.14,47.8
BRINJALS,2005-02-21,29.38,59.85
CABBAGE,2005-02-21,26.78,56.85
CARROT,2005-02-21,43.89,74.92
LEEKS,2005-02-21,33.89,60.73
PUMPKIN,2005-02-21,8.3,29.31
SNAKE GOURD,2005-02-21,20.18,41.79
BRINJALS,2005-02-28,23.9,54.06
CABBAGE,2005-02-28,23.7,56.17
CARROT,2005-02-28,41.5,71.32
LEEKS,2005-02-28,30.0,57.77
PUMPKIN,2005-02-28,9.75,30.58
SNAKE GOURD,2005-02-28,18.0,41.97
BRINJALS,2005-03-07,14.54,42.68
CABBAGE,2005-03-07,21.11,52.54
CARROT,2005-03-07,40.56,64.7
LEEKS,2005-03-07,27.73,51.69
PUMPKIN,2005-03-07,10.75,32.27
SNAKE GOURD,2005-03-07,14.5,37.64
BRINJALS,2005-03-14,13.0,42.76
CABBAGE,2005-03-14,20.2,50.3
CARROT,2005-03-14,37.78,64.03
LEEKS,2005-03-14,28.4,51.88
PUMPKIN,2005-03-14,11.25,32.21
SNAKE GOURD,2005-03-14,14.22,36.27
BRINJALS,2005-03-21,12.67,41.59
CABBAGE,2005-03-21,19.44,49.1
CARROT,2005-03-21,34.3,60.82
LEEKS,2005-03-21,31.44,54.91
PUMPKIN,2005-03-21,14.57,34.17
SNAKE GOURD,2005-03-21,15.57,37.28
BRINJALS,2005-03-28,19.0,43.0
CABBAGE,2005-03-28,21.44,55.54
CARROT,2005-03-28,35.33,60.28
LEEKS,2005-03-28,33.11,57.26
PUMPKIN,2005-03-28,15.13,35.48
SNAKE GOURD,2005-03-28,12.63,36.66
BRINJALS,2005-04-04,21.57,43.09
CABBAGE,2005-04-04,16.89,49.41
CARROT,2005-04-04,30.38,55.45
LEEKS,2005-04-04,31.33,60.18
PUMPKIN,2005-04-04,13.57,34.47
SNAKE GOURD,2005-04-04,12.13,34.61
BRINJALS,2005-04-11,23.84,49.115
CABBAGE,2005-04-11,18.39,52.075
CARROT,2005-04-11,31.69,58.275000000000006
LEEKS,2005-04-11,33.519999999999996,61.09
PUMPKIN,2005-04-11,15.455,34.875
SNAKE GOURD,2005-04-11,10.925,36.275
BRINJALS,2005-04-18,26.11,55.14
CABBAGE,2005-04-18,19.89,54.74
CARROT,2005-04-18,33.0,61.1
LEEKS,2005-04-18,35.71,62.0
PUMPKIN,2005-04-18,17.34,35.28
SNAKE GOURD,2005-04-18,9.72,37.94
BRINJALS,2005-04-25,25.22,56.87
CABBAGE,2005-04-25,17.7,51.88
CARROT,2005-04-25,27.5,60.62
LEEKS,2005-04-25,37.22,67.52
PUMPKIN,2005-04-25,17.22,37.36
SNAKE GOURD,2005-04-25,17.88,42.87
BRINJALS,2005-05-02,23.8,53.38
CABBAGE,2005-05-02,17.8,48.44
CARROT,2005-05-02,31.7,62.11
LEEKS,2005-05-02,37.44,72.49
PUMPKIN,2005-05-02,17.13,36.63
SNAKE GOURD,2005-05-02,17.0,41.26
BRINJALS,2005-05-09,23.0,54.61
CABBAGE,2005-05-09,18.44,51.64
CARROT,2005-05-09,36.67,65.82
LEEKS,2005-05-09,43.33,73.44
PUMPKIN,2005-05-09,17.78,37.81
SNAKE GOURD,2005-05-09,19.44,42.39
BRINJALS,2005-05-16,21.0,54.08
CABBAGE,2005-05-16,19.6,52.24
CARROT,2005-05-16,59.5,87.54
LEEKS,2005-05-16,51.5,76.19
PUMPKIN,2005-05-16,17.22,37.09
SNAKE GOURD,2005-05-16,19.4,41.65
BRINJALS,2005-05-23,21.0,54.08
CABBAGE,2005-05-23,19.6,52.24
CARROT,2005-05-23,59.5,87.54
LEEKS,2005-05-23,51.5,76.19
PUMPKIN,2005-05-23,17.22,37.09
SNAKE GOURD,2005-05-23,19.4,41.65
BRINJALS,2005-05-30,18.2,47.4
CABBAGE,2005-05-30,20.0,52.74
CARROT,2005-05-30,67.0,90.88
LEEKS,2005-05-30,71.5,97.12
PUMPKIN,2005-05-30,16.56,37.42
SNAKE GOURD,2005-05-30,15.33,39.05
BRINJALS,2005-06-06,15.25,43.5
CABBAGE,2005-06-06,16.5,49.56
CARROT,2005-06-06,72.5,92.29
LEEKS,2005-06-06,66.5,89.21
PUMPKIN,2005-06-06,17.89,39.25
SNAKE GOURD,2005-06-06,11.4,35.69
BRINJALS,2005-06-13,12.5,42.38
CABBAGE,2005-06-13,13.0,46.76
CARROT,2005-06-13,62.73,92.61
LEEKS,2005-06-13,67.78,103.5
PUMPKIN,2005-06-13,17.1,37.24
SNAKE GOURD,2005-06-13,12.11,36.55
BRINJALS,2005-06-20,20.18,49.63
CABBAGE,2005-06-20,12.45,45.61
CARROT,2005-06-20,60.0,84.92
LEEKS,2005-06-20,60.0,89.57
PUMPKIN,2005-06-20,17.56,37.0
SNAKE GOURD,2005-06-20,15.38,39.72
BRINJALS,2005-06-27,26.6,57.56
CABBAGE,2005-06-27,12.8,45.76
CARROT,2005-06-27,53.64,79.5
LEEKS,2005-06-27,65.56,89.68
PUMPKIN,2005-06-27,16.3,38.69
SNAKE GOURD,2005-06-27,17.22,40.0
BRINJALS,2005-07-04,23.63,53.72
CABBAGE,2005-07-04,13.44,45.87
CARROT,2005-07-04,42.22,74.43
LEEKS,2005-07-04,66.88,100.61
PUMPKIN,2005-07-04,16.0,35.88
SNAKE GOURD,2005-07-04,15.25,39.32
BRINJALS,2005-07-11,24.7,54.47
CABBAGE,2005-07-11,18.11,49.54
CARROT,2005-07-11,55.0,74.9
LEEKS,2005-07-11,65.0,105.83
PUMPKIN,2005-07-11,16.0,37.25
SNAKE GOURD,2005-07-11,14.38,37.28
BRINJALS,2005-07-18,21.7,51.5
CABBAGE,2005-07-18,17.0,46.54
CARROT,2005-07-18,43.33,69.87
LEEKS,2005-07-18,55.5,92.95
PUMPKIN,2005-07-18,15.44,35.9
SNAKE GOURD,2005-07-18,14.0,37.0
BRINJALS,2005-07-25,20.3,51.55
CABBAGE,2005-07-25,15.22,45.67
CARROT,2005-07-25,47.78,67.95
LEEKS,2005-07-25,53.89,80.16
PUMPKIN,2005-07-25,15.13,36.13
SNAKE GOURD,2005-07-25,13.5,36.56
BRINJALS,2005-08-01,16.67,48.08
CABBAGE,2005-08-01,13.37,43.59
CARROT,2005-08-01,33.5,60.89
LEEKS,2005-08-01,44.5,82.36
PUMPKIN,2005-08-01,13.5,34.24
SNAKE GOURD,2005-08-01,11.78,35.03
BRINJALS,2005-08-08,19.3,50.52
CABBAGE,2005-08-08,13.33,45.33
CARROT,2005-08-08,28.0,62.35
LEEKS,2005-08-08,53.18,80.76
PUMPKIN,2005-08-08,12.57,31.46
SNAKE GOURD,2005-08-08,11.38,34.11
BRINJALS,2005-08-15,21.1,53.84
CABBAGE,2005-08-15,19.9,50.41
CARROT,2005-08-15,30.8,60.63
LEEKS,2005-08-15,57.78,85.81
PUMPKIN,2005-08-15,11.14,32.86
SNAKE GOURD,2005-08-15,11.22,36.48
BRINJALS,2005-08-22,23.7,49.86
CABBAGE,2005-08-22,20.4,52.92
CARROT,2005-08-22,28.67,53.92
LEEKS,2005-08-22,55.56,83.63
PUMPKIN,2005-08-22,8.5,30.43
SNAKE GOURD,2005-08-22,11.4,36.68
BRINJALS,2005-08-29,20.27,53.35
CABBAGE,2005-08-29,19.9,49.77
CARROT,2005-08-29,24.78,51.84
LEEKS,2005-08-29,53.13,78.61
PUMPKIN,2005-08-29,8.44,31.36
SNAKE GOURD,2005-08-29,11.25,34.63
BRINJALS,2005-09-05,20.5,49.64
CABBAGE,2005-09-05,18.22,45.76
CARROT,2005-09-05,25.75,52.77
LEEKS,2005-09-05,41.5,71.37
PUMPKIN,2005-09-05,8.5,31.22
SNAKE GOURD,2005-09-05,11.8,35.41
BRINJALS,2005-09-12,22.09,51.13
CABBAGE,2005-09-12,16.2,47.31
CARROT,2005-09-12,27.9,49.9
LEEKS,2005-09-12,47.22,74.23
PUMPKIN,2005-09-12,8.63,32.71
SNAKE GOURD,2005-09-12,14.13,36.14
BRINJALS,2005-09-19,21.67,51.92
CABBAGE,2005-09-19,14.67,46.19
CARROT,2005-09-19,26.44,52.57
LEEKS,2005-09-19,49.5,76.91
PUMPKIN,2005-09-19,10.0,32.11
SNAKE GOURD,2005-09-19,17.11,39.28
BRINJALS,2005-09-26,24.11,53.94
CABBAGE,2005-09-26,16.56,47.86
CARROT,2005-09-26,25.5,47.22
LEEKS,2005-09-26,43.33,70.56
PUMPKIN,2005-09-26,10.67,32.39
SNAKE GOURD,2005-09-26,17.33,39.31
BRINJALS,2005-10-03,25.38,54.09
CABBAGE,2005-10-03,19.9,54.76
CARROT,2005-10-03,29.44,54.14
LEEKS,2005-10-03,42.0,69.39
PUMPKIN,2005-10-03,11.44,34.49
SNAKE GOURD,2005-10-03,16.56,42.24
BRINJALS,2005-10-10,25.38,54.09
CABBAGE,2005-10-10,19.9,54.76
CARROT,2005-10-10,29.44,54.14
LEEKS,2005-10-10,42.0,69.39
PUMPKIN,2005-10-10,11.44,34.49
SNAKE GOURD,2005-10-10,16.56,42.24
BRINJALS,2005-10-17,22.63,52.87
CABBAGE,2005-10-17,17.56,51.78
CARROT,2005-10-17,30.24,56.53
LEEKS,2005-10-17,43.67,73.34
PUMPKIN,2005-10-17,12.38,34.03
SNAKE GOURD,2005-10-17,15.2,41.5
BRINJALS,2005-10-24,24.56,55.03
CABBAGE,2005-10-24,19.22,52.45
CARROT,2005-10-24,27.56,57.06
LEEKS,2005-10-24,42.88,73.56
PUMPKIN,2005-10-24,13.5,37.35
SNAKE GOURD,2005-10-24,19.0,43.68
BRINJALS,2005-10-31,30.1,58.55
CABBAGE,2005-10-31,23.38,57.77
CARROT,2005-10-31,42.22,63.44
LEEKS,2005-10-31,47.86,72.53
PUMPKIN,2005-10-31,17.22,38.11
SNAKE GOURD,2005-10-31,21.63,46.14
BRINJALS,2005-11-07,32.78,58.27
CABBAGE,2005-11-07,24.89,58.22
CARROT,2005-11-07,37.44,59.05
LEEKS,2005-11-07,39.56,68.86
PUMPKIN,2005-11-07,18.63,39.43
SNAKE GOURD,2005-11-07,22.75,45.75
BRINJALS,2005-11-14,28.25,46.55
CABBAGE,2005-11-14,22.6,52.86
CARROT,2005-11-14,32.5,56.57
LEEKS,2005-11-14,33.25,59.81
PUMPKIN,2005-11-14,23.75,36.7
SNAKE GOURD,2005-11-14,23.75,45.05
BRINJALS,2005-11-21,22.5,54.4
CABBAGE,2005-11-21,28.6,62.1
CARROT,2005-11-21,56.5,75.97
LEEKS,2005-11-21,42.56,78.0
PUMPKIN,2005-11-21,21.3,38.6
SNAKE GOURD,2005-11-21,20.67,46.23
BRINJALS,2005-11-28,24.88,55.41
CABBAGE,2005-11-28,31.25,63.96
CARROT,2005-11-28,63.75,88.62
LEEKS,2005-11-28,39.0,71.36
PUMPKIN,2005-11-28,18.38,36.55
SNAKE GOURD,2005-11-28,18.71,45.93
BRINJALS,2005-12-05,33.75,61.63
CABBAGE,2005-12-05,35.63,63.55
CARROT,2005-12-05,62.5,86.47
LEEKS,2005-12-05,40.0,73.97
PUMPKIN,2005-12-05,18.25,39.74
SNAKE GOURD,2005-12-05,19.43,42.37
BRINJALS,2005-12-12,43.75,65.66
CABBAGE,2005-12-12,32.67,62.17
CARROT,2005-12-12,63.33,89.66
LEEKS,2005-12-12,51.25,78.62
PUMPKIN,2005-12-12,16.88,38.35
SNAKE GOURD,2005-12-12,19.0,45.38
BRINJALS,2005-12-19,34.38,61.13
CABBAGE,2005-12-19,31.63,60.1
CARROT,2005-12-19,58.75,82.6
LEEKS,2005-12-19,38.2,69.35
PUMPKIN,2005-12-19,15.13,37.23
SNAKE GOURD,2005-12-19,19.13,47.58
BRINJALS,2005-12-26,32.5,62.77
CABBAGE,2005-12-26,23.67,55.69
CARROT,2005-12-26,74.38,107.77
LEEKS,2005-12-26,41.63,77.39
PUMPKIN,2005-12-26,11.4,38.84
SNAKE GOURD,2005-12-26,17.4,43.19
BRINJALS,2006-01-02,36.63,63.29
CABBAGE,2006-01-02,22.1,53.16
CARROT,2006-01-02,82.86,108.29
LEEKS,2006-01-02,43.5,76.1
PUMPKIN,2006-01-02,13.13,35.64
SNAKE GOURD,2006-01-02,17.56,43.19
BRINJALS,2006-01-09,33.29,55.21
CABBAGE,2006-01-09,15.67,46.45
CARROT,2006-01-09,55.0,84.53
LEEKS,2006-01-09,37.5,68.71
PUMPKIN,2006-01-09,11.1,33.62
SNAKE GOURD,2006-01-09,15.33,40.93
BRINJALS,2006-01-16,23.25,52.72
CABBAGE,2006-01-16,14.6,45.73
CARROT,2006-01-16,50.0,79.79
LEEKS,2006-01-16,42.5,73.9
PUMPKIN,2006-01-16,12.0,35.18
SNAKE GOURD,2006-01-16,19.5,43.33
BRINJALS,2006-01-23,29.09,54.06
CABBAGE,2006-01-23,16.18,50.48
CARROT,2006-01-23,61.11,82.38
LEEKS,2006-01-23,44.0,76.67
PUMPKIN,2006-01-23,12.5,36.75
SNAKE GOURD,2006-01-23,16.89,42.26
BRINJALS,2006-01-30,30.33,58.74
CABBAGE,2006-01-30,16.0,51.39
CARROT,2006-01-30,51.67,81.62
LEEKS,2006-01-30,37.5,66.36
PUMPKIN,2006-01-30,12.88,38.18
SNAKE GOURD,2006-01-30,28.25,49.93
BRINJALS,2006-02-06,33.11,59.91
CABBAGE,2006-02-06,18.33,52.71
CARROT,2006-02-06,49.44,78.06
LEEKS,2006-02-06,37.0,65.69
PUMPKIN,2006-02-06,14.25,39.22
SNAKE GOURD,2006-02-06,26.38,48.53
BRINJALS,2006-02-13,26.8,55.4
CABBAGE,2006-02-13,15.5,47.69
CARROT,2006-02-13,48.0,74.26
LEEKS,2006-02-13,36.11,64.34
PUMPKIN,2006-02-13,17.2,40.4
SNAKE GOURD,2006-02-13,23.0,48.45
BRINJALS,2006-02-20,13.33,41.7
CABBAGE,2006-02-20,12.2,45.06
CARROT,2006-02-20,43.0,69.63
LEEKS,2006-02-20,32.75,59.57
PUMPKIN,2006-02-20,18.6,44.23
SNAKE GOURD,2006-02-20,18.0,44.0
BRINJALS,2006-02-27,7.56,33.06
CABBAGE,2006-02-27,12.22,41.14
CARROT,2006-02-27,39.44,66.35
LEEKS,2006-02-27,27.88,58.77
PUMPKIN,2006-02-27,19.57,45.16
SNAKE GOURD,2006-02-27,16.13,38.92
BRINJALS,2006-03-06,7.27,30.95
CABBAGE,2006-03-06,10.0,37.58
CARROT,2006-03-06,39.0,62.16
LEEKS,2006-03-06,31.0,56.18
PUMPKIN,2006-03-06,18.4,43.08
SNAKE GOURD,2006-03-06,12.2,35.83
BRINJALS,2006-03-13,11.2,37.56
CABBAGE,2006-03-13,11.9,39.42
CARROT,2006-03-13,40.05,64.56
LEEKS,2006-03-13,31.0,54.97
PUMPKIN,2006-03-13,18.3,39.88
SNAKE GOURD,2006-03-13,13.2,36.52
BRINJALS,2006-03-20,15.22,43.82
CABBAGE,2006-03-20,11.4,39.91
CARROT,2006-03-20,41.5,65.44
LEEKS,2006-03-20,29.8,54.42
PUMPKIN,2006-03-20,16.1,37.73
SNAKE GOURD,2006-03-20,14.2,41.39
BRINJALS,2006-03-27,24.44,53.74
CABBAGE,2006-03-27,13.88,44.2
CARROT,2006-03-27,46.67,75.2
LEEKS,2006-03-27,30.33,53.77
PUMPKIN,2006-03-27,12.0,36.97
SNAKE GOURD,2006-03-27,21.44,43.58
BRINJALS,2006-04-03,24.183333333333337,51.68666666666667
CABBAGE,2006-04-03,14.053333333333336,47.05
CARROT,2006-04-03,47.78,78.77666666666667
LEEKS,2006-04-03,27.886666666666667,56.45666666666667
PUMPKIN,2006-04-03,12.443333333333332,36.196666666666665
SNAKE GOURD,2006-04-03,18.62666666666667,41.70666666666666
BRINJALS,2006-04-10,23.92666666666667,49.63333333333333
CABBAGE,2006-04-10,14.226666666666668,49.9
CARROT,2006-04-10,48.89,82.35333333333334
LEEKS,2006-04-10,25.44333333333333,59.14333333333333
PUMPKIN,2006-04-10,12.886666666666668,35.42333333333333
SNAKE GOURD,2006-04-10,15.813333333333333,39.833333333333336
BRINJALS,2006-04-17,23.67,47.58
CABBAGE,2006-04-17,14.4,52.75
CARROT,2006-04-17,50.0,85.93
LEEKS,2006-04-17,23.0,61.83
PUMPKIN,2006-04-17,13.33,34.65
SNAKE GOURD,2006-04-17,13.0,37.96
BRINJALS,2006-04-24,12.27,46.86
CABBAGE,2006-04-24,13.65,50.05
CARROT,2006-04-24,45.56,75.44
LEEKS,2006-04-24,28.0,62.0
PUMPKIN,2006-04-24,11.2,34.08
SNAKE GOURD,2006-04-24,11.2,36.83
BRINJALS,2006-05-01,12.7,48.89
CABBAGE,2006-05-01,15.9,52.61
CARROT,2006-05-01,53.0,93.41
LEEKS,2006-05-01,32.5,62.71
PUMPKIN,2006-05-01,12.6,34.74
SNAKE GOURD,2006-05-01,15.5,44.29
BRINJALS,2006-05-08,24.6,54.19
CABBAGE,2006-05-08,18.3,51.0
CARROT,2006-05-08,57.0,97.23
LEEKS,2006-05-08,33.5,64.06
PUMPKIN,2006-05-08,11.3,34.43
SNAKE GOURD,2006-05-08,21.7,46.39
BRINJALS,2006-05-15,44.0,71.54
CABBAGE,2006-05-15,21.6,57.31
CARROT,2006-05-15,71.0,102.08
LEEKS,2006-05-15,38.0,71.35
PUMPKIN,2006-05-15,11.75,36.71
SNAKE GOURD,2006-05-15,27.0,50.94
BRINJALS,2006-05-22,26.25,71.3
CABBAGE,2006-05-22,24.2,57.35
CARROT,2006-05-22,54.0,91.51
LEEKS,2006-05-22,35.0,64.51
PUMPKIN,2006-05-22,10.44,35.73
SNAKE GOURD,2006-05-22,24.56,50.83
BRINJALS,2006-05-29,35.56,73.97
CABBAGE,2006-05-29,29.75,71.43
CARROT,2006-05-29,61.11,104.71
LEEKS,2006-05-29,32.78,76.53
PUMPKIN,2006-05-29,7.73,35.64
SNAKE GOURD,2006-05-29,24.44,51.97
BRINJALS,2006-06-05,41.0,74.25
CABBAGE,2006-06-05,35.56,76.75
CARROT,2006-06-05,74.0,105.13
LEEKS,2006-06-05,47.0,82.6
PUMPKIN,2006-06-05,10.0,34.79
SNAKE GOURD,2006-06-05,26.89,54.5
BRINJALS,2006-06-12,39.0,71.64
CABBAGE,2006-06-12,34.5,73.95
CARROT,2006-06-12,74.0,108.9
LEEKS,2006-06-12,40.5,82.62
PUMPKIN,2006-06-12,11.2,33.95
SNAKE GOURD,2006-06-12,23.8,53.49
BRINJALS,2006-06-19,31.2,63.64
CABBAGE,2006-06-19,46.11,82.26
CARROT,2006-06-19,68.5,94.17
LEEKS,2006-06-19,39.0,74.4
PUMPKIN,2006-06-19,9.4,34.29
SNAKE GOURD,2006-06-19,21.3,47.64
BRINJALS,2006-06-26,20.6,57.9
CABBAGE,2006-06-26,36.0,79.76
CARROT,2006-06-26,64.5,92.79
LEEKS,2006-06-26,39.0,81.28
PUMPKIN,2006-06-26,9.8,34.08
SNAKE GOURD,2006-06-26,21.8,48.02
BRINJALS,2006-07-03,17.8,47.78
CABBAGE,2006-07-03,27.8,66.31
CARROT,2006-07-03,60.0,92.56
LEEKS,2006-07-03,43.0,83.45
PUMPKIN,2006-07-03,8.4,33.64
SNAKE GOURD,2006-07-03,20.5,44.66
BRINJALS,2006-07-10,12.67,54.72
CABBAGE,2006-07-10,25.89,62.84
CARROT,2006-07-10,48.5,85.0
LEEKS,2006-07-10,35.71,68.0
PUMPKIN,2006-07-10,7.43,33.06
SNAKE GOURD,2006-07-10,17.86,44.77
BRINJALS,2006-07-17,23.0,55.13
CABBAGE,2006-07-17,27.8,63.32
CARROT,2006-07-17,45.0,79.25
LEEKS,2006-07-17,28.0,65.88
PUMPKIN,2006-07-17,8.4,34.15
SNAKE GOURD,2006-07-17,23.2,45.15
BRINJALS,2006-07-24,30.5,60.21
CABBAGE,2006-07-24,36.0,65.28
CARROT,2006-07-24,42.0,76.57
LEEKS,2006-07-24,27.22,61.94
PUMPKIN,2006-07-24,8.4,33.2
SNAKE GOURD,2006-07-24,19.4,45.0
BRINJALS,2006-07-31,28.1,59.84
CABBAGE,2006-07-31,34.0,70.33
CARROT,2006-07-31,42.5,77.11
LEEKS,2006-07-31,27.6,62.78
PUMPKIN,2006-07-31,8.3,31.79
SNAKE GOURD,2006-07-31,17.9,44.7
BRINJALS,2006-08-07,23.33,56.47
CABBAGE,2006-08-07,37.0,70.9
CARROT,2006-08-07,35.0,70.38
LEEKS,2006-08-07,27.7,58.72
PUMPKIN,2006-08-07,9.8,33.84
SNAKE GOURD,2006-08-07,11.5,39.11
BRINJALS,2006-08-14,25.0,54.69
CABBAGE,2006-08-14,32.5,68.18
CARROT,2006-08-14,36.0,64.9
LEEKS,2006-08-14,28.5,56.95
PUMPKIN,2006-08-14,9.8,32.13
SNAKE GOURD,2006-08-14,14.0,40.87
BRINJALS,2006-08-21,24.6,52.11
CABBAGE,2006-08-21,28.0,60.32
CARROT,2006-08-21,27.6,55.32
LEEKS,2006-08-21,25.8,53.19
PUMPKIN,2006-08-21,10.3,34.67
SNAKE GOURD,2006-08-21,12.3,37.22
BRINJALS,2006-08-28,26.8,54.51
CABBAGE,2006-08-28,28.8,65.97
CARROT,2006-08-28,23.33,52.74
LEEKS,2006-08-28,21.3,52.41
PUMPKIN,2006-08-28,13.56,34.74
SNAKE GOURD,2006-08-28,14.1,44.31
BRINJALS,2006-09-04,35.0,58.31
CABBAGE,2006-09-04,35.8,76.39
CARROT,2006-09-04,27.3,58.95
LEEKS,2006-09-04,24.5,55.19
PUMPKIN,2006-09-04,15.67,37.47
SNAKE GOURD,2006-09-04,14.11,45.81
BRINJALS,2006-09-11,30.5,66.75
CABBAGE,2006-09-11,33.5,74.17
CARROT,2006-09-11,23.8,56.25
LEEKS,2006-09-11,20.2,54.64
PUMPKIN,2006-09-11,13.89,38.84
SNAKE GOURD,2006-09-11,12.7,45.12
BRINJALS,2006-09-18,32.9,67.57
CABBAGE,2006-09-18,29.0,66.89
CARROT,2006-09-18,24.22,58.69
LEEKS,2006-09-18,24.13,57.35
PUMPKIN,2006-09-18,19.9,40.72
SNAKE GOURD,2006-09-18,17.6,46.17
BRINJALS,2006-09-25,29.5,64.58
CABBAGE,2006-09-25,24.1,65.09
CARROT,2006-09-25,23.1,56.58
LEEKS,2006-09-25,24.1,55.39
PUMPKIN,2006-09-25,17.5,40.0
SNAKE GOURD,2006-09-25,15.5,44.24
BRINJALS,2006-10-02,36.2,64.76
CABBAGE,2006-10-02,26.5,67.3
CARROT,2006-10-02,25.33,60.08
LEEKS,2006-10-02,24.22,59.28
PUMPKIN,2006-10-02,20.2,40.35
SNAKE GOURD,2006-10-02,14.5,43.14
BRINJALS,2006-10-09,35.25,66.62
CABBAGE,2006-10-09,31.5,68.97
CARROT,2006-10-09,30.38,66.52
LEEKS,2006-10-09,27.25,63.38
PUMPKIN,2006-10-09,19.43,39.66
SNAKE GOURD,2006-10-09,15.33,49.38
BRINJALS,2006-10-16,35.38,56.87
CABBAGE,2006-10-16,26.44,51.88
CARROT,2006-10-16,26.3,60.62
LEEKS,2006-10-16,27.0,67.52
PUMPKIN,2006-10-16,24.22,37.36
SNAKE GOURD,2006-10-16,15.05,42.87
BRINJALS,2006-10-23,23.3,65.22
CABBAGE,2006-10-23,15.7,60.14
CARROT,2006-10-23,30.0,63.97
LEEKS,2006-10-23,28.5,59.75
PUMPKIN,2006-10-23,24.78,42.89
SNAKE GOURD,2006-10-23,9.4,45.36
BRINJALS,2006-10-30,29.3,68.86
CABBAGE,2006-10-30,18.7,59.57
CARROT,2006-10-30,29.6,63.97
LEEKS,2006-10-30,29.3,63.03
PUMPKIN,2006-10-30,25.3,45.29
SNAKE GOURD,2006-10-30,18.6,48.26
BRINJALS,2006-11-06,50.0,77.84
CABBAGE,2006-11-06,19.11,61.22
CARROT,2006-11-06,29.25,62.97
LEEKS,2006-11-06,25.6,62.39
PUMPKIN,2006-11-06,25.4,51.17
SNAKE GOURD,2006-11-06,27.2,54.31
BRINJALS,2006-11-13,54.5,100.42
CABBAGE,2006-11-13,20.5,69.94
CARROT,2006-11-13,29.2,69.94
LEEKS,2006-11-13,27.4,68.56
PUMPKIN,2006-11-13,35.6,60.24
SNAKE GOURD,2006-11-13,33.7,61.75
BRINJALS,2006-11-20,60.56,102.26
CABBAGE,2006-11-20,25.6,70.25
CARROT,2006-11-20,50.3,79.41
LEEKS,2006-11-20,37.56,73.05
PUMPKIN,2006-11-20,31.2,61.0
SNAKE GOURD,2006-11-20,27.3,59.84
BRINJALS,2006-11-27,48.8,88.38
CABBAGE,2006-11-27,24.89,68.05
CARROT,2006-11-27,40.33,81.71
LEEKS,2006-11-27,38.89,79.63
PUMPKIN,2006-11-27,24.4,57.39
SNAKE GOURD,2006-11-27,33.3,64.67
BRINJALS,2006-12-04,37.78,82.83
CABBAGE,2006-12-04,37.5,79.17
CARROT,2006-12-04,49.0,88.47
LEEKS,2006-12-04,42.0,84.17
PUMPKIN,2006-12-04,18.0,53.63
SNAKE GOURD,2006-12-04,35.56,70.71
BRINJALS,2006-12-11,48.7,85.39
CABBAGE,2006-12-11,30.3,78.47
CARROT,2006-12-11,58.11,90.61
LEEKS,2006-12-11,38.3,82.92
PUMPKIN,2006-12-11,16.9,48.69
SNAKE GOURD,2006-12-11,33.11,69.36
BRINJALS,2006-12-18,47.22,82.79
CABBAGE,2006-12-18,36.67,82.32
CARROT,2006-12-18,54.11,88.1
LEEKS,2006-12-18,45.89,84.71
PUMPKIN,2006-12-18,16.0,43.15
SNAKE GOURD,2006-12-18,27.0,64.82
BRINJALS,2006-12-25,48.56,90.61
CABBAGE,2006-12-25,39.44,83.0
CARROT,2006-12-25,67.22,115.31
LEEKS,2006-12-25,46.89,87.79
PUMPKIN,2006-12-25,15.63,42.97
SNAKE GOURD,2006-12-25,25.44,62.52
BRINJALS,2007-01-01,59.44,105.93
CABBAGE,2007-01-01,56.67,112.22
CARROT,2007-01-01,82.78,127.86
LEEKS,2007-01-01,62.22,111.85
PUMPKIN,2007-01-01,18.0,41.07
SNAKE GOURD,2007-01-01,31.43,72.04
BRINJALS,2007-01-08,55.0,100.0
CABBAGE,2007-01-08,61.0,114.62
CARROT,2007-01-08,89.5,129.44
LEEKS,2007-01-08,63.0,103.38
PUMPKIN,2007-01-08,19.56,45.44
SNAKE GOURD,2007-01-08,42.0,74.52
BRINJALS,2007-01-15,65.63,100.16
CABBAGE,2007-01-15,63.89,116.88
CARROT,2007-01-15,102.22,135.0
LEEKS,2007-01-15,80.56,113.23
PUMPKIN,2007-01-15,19.0,41.4
SNAKE GOURD,2007-01-15,44.75,77.64
BRINJALS,2007-01-22,39.8,83.38
CABBAGE,2007-01-22,53.33,100.44
CARROT,2007-01-22,72.5,116.43
LEEKS,2007-01-22,55.89,96.91
PUMPKIN,2007-01-22,16.8,41.82
SNAKE GOURD,2007-01-22,34.7,68.38
BRINJALS,2007-01-29,24.0,70.94
CABBAGE,2007-01-29,57.0,102.0
CARROT,2007-01-29,79.0,117.58
LEEKS,2007-01-29,57.0,97.3
PUMPKIN,2007-01-29,16.6,44.94
SNAKE GOURD,2007-01-29,32.4,67.58
BRINJALS,2007-02-05,23.6,63.0
CABBAGE,2007-02-05,45.56,97.19
CARROT,2007-02-05,80.56,126.06
LEEKS,2007-02-05,47.56,94.41
PUMPKIN,2007-02-05,20.44,46.17
SNAKE GOURD,2007-02-05,30.0,65.94
BRINJALS,2007-02-12,21.11,62.5
CABBAGE,2007-02-12,44.3,92.63
CARROT,2007-02-12,78.5,118.57
LEEKS,2007-02-12,57.5,95.0
PUMPKIN,2007-02-12,21.6,46.57
SNAKE GOURD,2007-02-12,23.8,59.51
BRINJALS,2007-02-19,18.44,56.49
CABBAGE,2007-02-19,43.33,86.49
CARROT,2007-02-19,74.2,106.31
LEEKS,2007-02-19,39.5,77.77
PUMPKIN,2007-02-19,27.44,48.11
SNAKE GOURD,2007-02-19,16.33,51.69
BRINJALS,2007-02-26,17.67,53.4
CABBAGE,2007-02-26,42.22,82.29
CARROT,2007-02-26,66.7,104.57
LEEKS,2007-02-26,44.5,81.14
PUMPKIN,2007-02-26,21.67,45.91
SNAKE GOURD,2007-02-26,15.56,44.79
BRINJALS,2007-03-05,14.4,47.83
CABBAGE,2007-03-05,30.3,77.43
CARROT,2007-03-05,69.5,106.71
LEEKS,2007-03-05,44.2,72.86
PUMPKIN,2007-03-05,18.7,44.54
SNAKE GOURD,2007-03-05,14.6,49.31
BRINJALS,2007-03-12,14.6,47.34
CABBAGE,2007-03-12,29.4,71.53
CARROT,2007-03-12,50.33,91.81
LEEKS,2007-03-12,36.2,72.43
PUMPKIN,2007-03-12,15.0,41.54
SNAKE GOURD,2007-03-12,11.5,43.65
BRINJALS,2007-03-19,14.12,45.68
CABBAGE,2007-03-19,24.5,67.21
CARROT,2007-03-19,45.18,77.21
LEEKS,2007-03-19,36.0,73.68
PUMPKIN,2007-03-19,11.8,38.27
SNAKE GOURD,2007-03-19,11.6,41.55
BRINJALS,2007-03-26,21.6,52.77
CABBAGE,2007-03-26,26.5,67.66
CARROT,2007-03-26,58.0,87.94
LEEKS,2007-03-26,44.3,74.35
PUMPKIN,2007-03-26,12.5,38.77
SNAKE GOURD,2007-03-26,12.5,45.03
BRINJALS,2007-04-02,19.1,46.29
CABBAGE,2007-04-02,20.6,61.21
CARROT,2007-04-02,38.6,77.0
LEEKS,2007-04-02,38.0,73.66
PUMPKIN,2007-04-02,9.1,34.66
SNAKE GOURD,2007-04-02,11.2,41.82
BRINJALS,2007-04-09,15.8,55.91
CABBAGE,2007-04-09,16.1,59.55
CARROT,2007-04-09,41.0,75.76
LEEKS,2007-04-09,36.5,69.7
PUMPKIN,2007-04-09,10.22,35.06
SNAKE GOURD,2007-04-09,12.33,43.24
BRINJALS,2007-04-16,21.63,58.89
CABBAGE,2007-04-16,18.27,62.84
CARROT,2007-04-16,45.0,78.65
LEEKS,2007-04-16,37.2,73.35
PUMPKIN,2007-04-16,11.82,39.35
SNAKE GOURD,2007-04-16,13.36,48.6
BRINJALS,2007-04-23,18.13,51.37
CABBAGE,2007-04-23,15.14,51.81
CARROT,2007-04-23,35.63,72.69
LEEKS,2007-04-23,36.88,70.16
PUMPKIN,2007-04-23,13.25,40.93
SNAKE GOURD,2007-04-23,12.0,41.52
BRINJALS,2007-04-30,23.005,54.32
CABBAGE,2007-04-30,15.635,52.645
CARROT,2007-04-30,35.315,68.66499999999999
LEEKS,2007-04-30,34.69,69.785
PUMPKIN,2007-04-30,11.195,38.989999999999995
SNAKE GOURD,2007-04-30,19.215,45.52
BRINJALS,2007-05-07,27.88,57.27
CABBAGE,2007-05-07,16.13,53.48
CARROT,2007-05-07,35.0,64.64
LEEKS,2007-05-07,32.5,69.41
PUMPKIN,2007-05-07,9.14,37.05
SNAKE GOURD,2007-05-07,26.43,49.52
BRINJALS,2007-05-14,28.75,59.11
CABBAGE,2007-05-14,11.5,48.75
CARROT,2007-05-14,31.88,62.61
LEEKS,2007-05-14,32.86,70.39
PUMPKIN,2007-05-14,9.5,37.86
SNAKE GOURD,2007-05-14,28.57,58.04
BRINJALS,2007-05-21,26.88,62.14
CABBAGE,2007-05-21,16.0,55.37
CARROT,2007-05-21,35.0,70.54
LEEKS,2007-05-21,38.13,79.14
PUMPKIN,2007-05-21,9.0,35.96
SNAKE GOURD,2007-05-21,28.57,56.79
BRINJALS,2007-05-28,29.38,65.57
CABBAGE,2007-05-28,15.69,58.685
CARROT,2007-05-28,34.69,73.165
LEEKS,2007-05-28,39.69,82.14500000000001
PUMPKIN,2007-05-28,10.25,39.585
SNAKE GOURD,2007-05-28,29.285,60.114999999999995
BRINJALS,2007-06-04,31.88,69.0
CABBAGE,2007-06-04,15.38,62.0
CARROT,2007-06-04,34.38,75.79
LEEKS,2007-06-04,41.25,85.15
PUMPKIN,2007-06-04,11.5,43.21
SNAKE GOURD,2007-06-04,30.0,63.44
BRINJALS,2007-06-11,30.0,68.48
CABBAGE,2007-06-11,15.2,56.5
CARROT,2007-06-11,38.13,82.58
LEEKS,2007-06-11,40.0,83.0
PUMPKIN,2007-06-11,17.2,42.5
SNAKE GOURD,2007-06-11,21.25,53.7
BRINJALS,2007-06-18,26.5,70.29
CABBAGE,2007-06-18,13.7,60.29
CARROT,2007-06-18,37.5,81.14
LEEKS,2007-06-18,43.5,81.86
PUMPKIN,2007-06-18,19.4,45.45
SNAKE GOURD,2007-06-18,23.89,59.46
BRINJALS,2007-06-25,29.38,70.65
CABBAGE,2007-06-25,12.11,56.69
CARROT,2007-06-25,40.63,81.77
LEEKS,2007-06-25,41.88,80.97
PUMPKIN,2007-06-25,22.0,50.03
SNAKE GOURD,2007-06-25,24.0,53.48
BRINJALS,2007-07-02,22.78,67.0
CABBAGE,2007-07-02,10.11,55.43
CARROT,2007-07-02,52.5,91.29
LEEKS,2007-07-02,42.22,87.97
PUMPKIN,2007-07-02,25.33,53.44
SNAKE GOURD,2007-07-02,20.56,52.7
BRINJALS,2007-07-09,26.0,65.92
CABBAGE,2007-07-09,13.3,52.5
CARROT,2007-07-09,51.0,80.89
LEEKS,2007-07-09,39.5,79.13
PUMPKIN,2007-07-09,24.2,50.21
SNAKE GOURD,2007-07-09,11.6,50.19
BRINJALS,2007-07-16,28.33,67.36
CABBAGE,2007-07-16,15.56,56.33
CARROT,2007-07-16,53.5,91.22
LEEKS,2007-07-16,45.56,82.3
PUMPKIN,2007-07-16,22.75,48.0
SNAKE GOURD,2007-07-16,13.63,52.51
BRINJALS,2007-07-23,28.33,63.79
CABBAGE,2007-07-23,15.1,54.26
CARROT,2007-07-23,43.89,87.88
LEEKS,2007-07-23,37.22,82.71
PUMPKIN,2007-07-23,23.13,47.58
SNAKE GOURD,2007-07-23,14.88,55.1
BRINJALS,2007-07-30,24.0,62.28
CABBAGE,2007-07-30,13.8,55.3
CARROT,2007-07-30,45.5,86.25
LEEKS,2007-07-30,37.5,83.0
PUMPKIN,2007-07-30,20.2,47.65
SNAKE GOURD,2007-07-30,14.5,49.39
BRINJALS,2007-08-06,20.5,61.35
CABBAGE,2007-08-06,14.0,52.7
CARROT,2007-08-06,47.0,86.89
LEEKS,2007-08-06,33.0,72.7
PUMPKIN,2007-08-06,15.78,44.19
SNAKE GOURD,2007-08-06,10.44,48.5
BRINJALS,2007-08-13,20.63,56.14
CABBAGE,2007-08-13,15.5,52.44
CARROT,2007-08-13,43.75,78.03
LEEKS,2007-08-13,36.25,72.41
PUMPKIN,2007-08-13,14.13,38.91
SNAKE GOURD,2007-08-13,10.4,41.18
BRINJALS,2007-08-20,20.56,57.32
CABBAGE,2007-08-20,16.0,52.27
CARROT,2007-08-20,40.0,79.41
LEEKS,2007-08-20,36.67,73.18
PUMPKIN,2007-08-20,16.11,43.12
SNAKE GOURD,2007-08-20,10.8,45.94
BRINJALS,2007-08-27,22.5,65.7
CABBAGE,2007-08-27,16.38,53.92
CARROT,2007-08-27,44.38,85.6
LEEKS,2007-08-27,35.0,70.0
PUMPKIN,2007-08-27,14.25,38.46
SNAKE GOURD,2007-08-27,12.0,45.0
BRINJALS,2007-09-03,24.44,59.6
CABBAGE,2007-09-03,15.56,55.72
CARROT,2007-09-03,40.38,74.91
LEEKS,2007-09-03,26.25,67.84
PUMPKIN,2007-09-03,13.71,39.44
SNAKE GOURD,2007-09-03,14.88,45.1
BRINJALS,2007-09-10,22.22,54.94
CABBAGE,2007-09-10,16.83,51.76
CARROT,2007-09-10,44.43,75.18
LEEKS,2007-09-10,30.63,68.63
PUMPKIN,2007-09-10,15.86,40.5
SNAKE GOURD,2007-09-10,17.25,51.17
BRINJALS,2007-09-17,28.0,65.0
CABBAGE,2007-09-17,17.7,54.42
CARROT,2007-09-17,45.5,75.0
LEEKS,2007-09-17,30.63,69.38
PUMPKIN,2007-09-17,18.2,47.34
SNAKE GOURD,2007-09-17,22.78,55.0
BRINJALS,2007-09-24,35.0,67.66
CABBAGE,2007-09-24,15.11,55.31
CARROT,2007-09-24,35.0,73.29
LEEKS,2007-09-24,28.89,64.41
PUMPKIN,2007-09-24,18.67,47.86
SNAKE GOURD,2007-09-24,19.25,52.06
BRINJALS,2007-10-01,38.13,75.97
CABBAGE,2007-10-01,15.8,56.4
CARROT,2007-10-01,39.38,80.0
LEEKS,2007-10-01,31.67,65.78
PUMPKIN,2007-10-01,19.0,48.65
SNAKE GOURD,2007-10-01,22.88,56.83
BRINJALS,2007-10-08,40.56,79.85
CABBAGE,2007-10-08,16.5,53.97
CARROT,2007-10-08,42.5,70.76
LEEKS,2007-10-08,34.44,65.31
PUMPKIN,2007-10-08,20.75,48.45
SNAKE GOURD,2007-10-08,26.88,60.32
BRINJALS,2007-10-15,32.5,78.57
CABBAGE,2007-10-15,18.38,57.88
CARROT,2007-10-15,37.22,78.47
LEEKS,2007-10-15,27.22,71.53
PUMPKIN,2007-10-15,19.75,50.59
SNAKE GOURD,2007-10-15,20.56,60.97
BRINJALS,2007-10-22,26.25,69.24
CABBAGE,2007-10-22,20.75,60.88
CARROT,2007-10-22,43.13,76.86
LEEKS,2007-10-22,30.63,70.63
PUMPKIN,2007-10-22,16.63,51.03
SNAKE GOURD,2007-10-22,27.5,66.21
BRINJALS,2007-10-29,26.25,69.24
CABBAGE,2007-10-29,20.75,60.88
CARROT,2007-10-29,43.13,76.86
LEEKS,2007-10-29,30.63,70.63
PUMPKIN,2007-10-29,16.63,51.03
SNAKE GOURD,2007-10-29,27.5,66.21
BRINJALS,2007-11-05,36.11,70.54
CABBAGE,2007-11-05,26.88,61.17
CARROT,2007-11-05,51.11,84.83
LEEKS,2007-11-05,26.25,70.67
PUMPKIN,2007-11-05,18.44,49.52
SNAKE GOURD,2007-11-05,21.67,60.17
BRINJALS,2007-11-12,39.38,79.62
CABBAGE,2007-11-12,36.25,77.41
CARROT,2007-11-12,66.25,107.6
LEEKS,2007-11-12,33.13,75.71
PUMPKIN,2007-11-12,19.38,46.54
SNAKE GOURD,2007-11-12,25.63,59.8
BRINJALS,2007-11-19,38.33,86.03
CABBAGE,2007-11-19,42.0,79.76
CARROT,2007-11-19,76.11,116.76
LEEKS,2007-11-19,34.44,75.63
PUMPKIN,2007-11-19,21.0,48.64
SNAKE GOURD,2007-11-19,27.22,59.06
BRINJALS,2007-11-26,32.5,76.24
CABBAGE,2007-11-26,32.78,73.97
CARROT,2007-11-26,72.22,107.5
LEEKS,2007-11-26,31.25,73.38
PUMPKIN,2007-11-26,19.25,45.61
SNAKE GOURD,2007-11-26,27.78,58.97
BRINJALS,2007-12-03,26.43,63.06
CABBAGE,2007-12-03,27.22,73.87
CARROT,2007-12-03,60.56,102.58
LEEKS,2007-12-03,30.56,74.17
PUMPKIN,2007-12-03,14.56,40.0
SNAKE GOURD,2007-12-03,18.89,54.29
BRINJALS,2007-12-10,18.5,57.73
CABBAGE,2007-12-10,21.5,61.41
CARROT,2007-12-10,58.13,96.88
LEEKS,2007-12-10,30.0,70.32
PUMPKIN,2007-12-10,13.29,44.53
SNAKE GOURD,2007-12-10,15.88,52.03
BRINJALS,2007-12-17,24.38,59.39
CABBAGE,2007-12-17,17.75,55.88
CARROT,2007-12-17,50.0,81.82
LEEKS,2007-12-17,30.0,64.55
PUMPKIN,2007-12-17,10.63,42.12
SNAKE GOURD,2007-12-17,23.5,53.35
BRINJALS,2007-12-24,56.25,97.43
CABBAGE,2007-12-24,19.75,64.24
CARROT,2007-12-24,61.88,100.88
LEEKS,2007-12-24,35.63,76.03
PUMPKIN,2007-12-24,14.63,47.1
SNAKE GOURD,2007-12-24,27.14,67.83
BRINJALS,2007-12-31,58.89,110.29
CABBAGE,2007-12-31,18.13,62.9
CARROT,2007-12-31,50.56,98.29
LEEKS,2007-12-31,35.0,84.17
PUMPKIN,2007-12-31,14.22,44.71
SNAKE GOURD,2007-12-31,28.33,63.19
BRINJALS,2008-01-07,72.5,113.71
CABBAGE,2008-01-07,18.13,59.46
CARROT,2008-01-07,60.63,105.25
LEEKS,2008-01-07,38.75,77.71
PUMPKIN,2008-01-07,11.25,42.29
SNAKE GOURD,2008-01-07,34.38,66.86
BRINJALS,2008-01-14,70.0,114.71
CABBAGE,2008-01-14,19.67,54.09
CARROT,2008-01-14,50.63,87.5
LEEKS,2008-01-14,38.13,79.56
PUMPKIN,2008-01-14,12.0,40.76
SNAKE GOURD,2008-01-14,37.5,65.0
BRINJALS,2008-01-21,45.63,85.14
CABBAGE,2008-01-21,16.78,58.29
CARROT,2008-01-21,42.78,81.32
LEEKS,2008-01-21,33.33,74.0
PUMPKIN,2008-01-21,12.0,38.64
SNAKE GOURD,2008-01-21,33.89,69.12
BRINJALS,2008-01-28,27.5,65.97
CABBAGE,2008-01-28,13.0,54.03
CARROT,2008-01-28,41.25,93.1
LEEKS,2008-01-28,36.25,70.33
PUMPKIN,2008-01-28,9.5,38.88
SNAKE GOURD,2008-01-28,32.5,66.43
BRINJALS,2008-02-04,11.89,50.24
CABBAGE,2008-02-04,13.89,48.42
CARROT,2008-02-04,38.89,81.11
LEEKS,2008-02-04,27.78,65.86
PUMPKIN,2008-02-04,9.78,41.21
SNAKE GOURD,2008-02-04,19.11,57.35
BRINJALS,2008-02-11,13.56,46.71
CABBAGE,2008-02-11,13.63,56.89
CARROT,2008-02-11,37.22,80.56
LEEKS,2008-02-11,32.0,68.61
PUMPKIN,2008-02-11,10.25,38.53
SNAKE GOURD,2008-02-11,22.22,57.65
BRINJALS,2008-02-18,20.67,54.81
CABBAGE,2008-02-18,14.56,51.9
CARROT,2008-02-18,38.33,89.1
LEEKS,2008-02-18,30.63,76.61
PUMPKIN,2008-02-18,10.22,35.25
SNAKE GOURD,2008-02-18,23.38,65.77
BRINJALS,2008-02-25,30.0,65.0
CABBAGE,2008-02-25,18.0,53.57
CARROT,2008-02-25,38.0,80.29
LEEKS,2008-02-25,32.0,68.14
PUMPKIN,2008-02-25,10.67,40.29
SNAKE GOURD,2008-02-25,32.5,64.85
BRINJALS,2008-03-03,36.67,73.14
CABBAGE,2008-03-03,14.75,55.0
CARROT,2008-03-03,37.78,79.31
LEEKS,2008-03-03,28.89,68.14
PUMPKIN,2008-03-03,10.75,38.42
SNAKE GOURD,2008-03-03,24.13,57.57
BRINJALS,2008-03-10,38.13,74.24
CABBAGE,2008-03-10,12.13,52.5
CARROT,2008-03-10,35.0,80.44
LEEKS,2008-03-10,28.75,69.29
PUMPKIN,2008-03-10,10.75,38.79
SNAKE GOURD,2008-03-10,27.5,57.34
BRINJALS,2008-03-17,45.63,82.29
CABBAGE,2008-03-17,15.25,53.47
CARROT,2008-03-17,34.38,80.0
LEEKS,2008-03-17,33.13,69.03
PUMPKIN,2008-03-17,11.25,40.81
SNAKE GOURD,2008-03-17,36.88,63.97
BRINJALS,2008-03-24,55.0,87.34
CABBAGE,2008-03-24,21.0,58.28
CARROT,2008-03-24,46.25,82.34
LEEKS,2008-03-24,30.0,73.64
PUMPKIN,2008-03-24,17.28,45.1
SNAKE GOURD,2008-03-24,37.86,77.69
BRINJALS,2008-03-31,55.0,104.72
CABBAGE,2008-03-31,22.44,60.69
CARROT,2008-03-31,52.22,89.72
LEEKS,2008-03-31,30.0,70.69
PUMPKIN,2008-03-31,19.75,47.44
SNAKE GOURD,2008-03-31,44.44,78.57
BRINJALS,2008-04-07,68.33,126.11
CABBAGE,2008-04-07,42.5,98.89
CARROT,2008-04-07,76.25,154.21
LEEKS,2008-04-07,33.75,78.33
PUMPKIN,2008-04-07,18.86,59.33
SNAKE GOURD,2008-04-07,43.33,80.0
BRINJALS,2008-04-14,39.44,91.56
CABBAGE,2008-04-14,60.0,114.84
CARROT,2008-04-14,71.5,139.39
LEEKS,2008-04-14,35.0,92.97
PUMPKIN,2008-04-14,20.75,56.5
SNAKE GOURD,2008-04-14,37.78,84.5
BRINJALS,2008-04-21,41.25,89.17
CABBAGE,2008-04-21,62.5,127.22
CARROT,2008-04-21,120.0,174.55
LEEKS,2008-04-21,47.86,93.89
PUMPKIN,2008-04-21,19.0,53.38
SNAKE GOURD,2008-04-21,47.29,85.59
BRINJALS,2008-04-28,50.0,109.09
CABBAGE,2008-04-28,64.38,129.71
CARROT,2008-04-28,106.67,173.06
LEEKS,2008-04-28,42.86,100.56
PUMPKIN,2008-04-28,23.28,56.06
SNAKE GOURD,2008-04-28,55.0,85.81
BRINJALS,2008-05-05,55.0,103.46
CABBAGE,2008-05-05,63.5,124.03
CARROT,2008-05-05,121.11,200.83
LEEKS,2008-05-05,53.75,101.22
PUMPKIN,2008-05-05,28.38,62.19
SNAKE GOURD,2008-05-05,49.38,90.42
BRINJALS,2008-05-12,60.0,103.43
CABBAGE,2008-05-12,66.88,133.33
CARROT,2008-05-12,132.33,189.43
LEEKS,2008-05-12,50.0,98.33
PUMPKIN,2008-05-12,32.5,69.56
SNAKE GOURD,2008-05-12,46.88,88.09
BRINJALS,2008-05-19,48.12,96.86
CABBAGE,2008-05-19,68.73,141.71
CARROT,2008-05-19,99.09,161.39
LEEKS,2008-05-19,51.88,96.25
PUMPKIN,2008-05-19,35.0,73.71
SNAKE GOURD,2008-05-19,37.78,84.58
BRINJALS,2008-05-26,38.89,90.0
CABBAGE,2008-05-26,57.5,118.33
CARROT,2008-05-26,82.5,130.83
LEEKS,2008-05-26,44.44,91.81
PUMPKIN,2008-05-26,37.22,73.19
SNAKE GOURD,2008-05-26,37.5,80.29
BRINJALS,2008-06-02,43.13,94.57
CABBAGE,2008-06-02,55.63,121.43
CARROT,2008-06-02,93.75,144.14
LEEKS,2008-06-02,48.13,103.0
PUMPKIN,2008-06-02,51.11,89.12
SNAKE GOURD,2008-06-02,41.25,83.28
BRINJALS,2008-06-09,33.75,94.86
CABBAGE,2008-06-09,65.63,121.94
CARROT,2008-06-09,77.5,136.67
LEEKS,2008-06-09,44.38,97.36
PUMPKIN,2008-06-09,53.75,86.57
SNAKE GOURD,2008-06-09,43.13,80.29
BRINJALS,2008-06-16,36.88,86.81
CABBAGE,2008-06-16,58.75,124.31
CARROT,2008-06-16,77.5,123.47
LEEKS,2008-06-16,46.25,92.43
PUMPKIN,2008-06-16,55.63,96.14
SNAKE GOURD,2008-06-16,28.57,79.0
BRINJALS,2008-06-23,31.88,74.72
CABBAGE,2008-06-23,51.5,106.57
CARROT,2008-06-23,54.38,104.86
LEEKS,2008-06-23,46.25,81.81
PUMPKIN,2008-06-23,48.75,83.0
SNAKE GOURD,2008-06-23,27.5,71.39
BRINJALS,2008-06-30,23.13,70.0
CABBAGE,2008-06-30,42.88,109.09
CARROT,2008-06-30,45.0,98.28
LEEKS,2008-06-30,43.13,83.7
PUMPKIN,2008-06-30,36.88,73.13
SNAKE GOURD,2008-06-30,21.88,64.86
BRINJALS,2008-07-07,21.88,68.06
CABBAGE,2008-07-07,51.25,106.39
CARROT,2008-07-07,47.5,88.14
LEEKS,2008-07-07,39.38,80.56
PUMPKIN,2008-07-07,30.38,62.22
SNAKE GOURD,2008-07-07,20.38,62.22
BRINJALS,2008-07-14,25.0,66.03
CABBAGE,2008-07-14,33.13,84.7
CARROT,2008-07-14,35.0,83.82
LEEKS,2008-07-14,36.67,77.5
PUMPKIN,2008-07-14,28.75,59.26
SNAKE GOURD,2008-07-14,20.75,56.71
BRINJALS,2008-07-21,30.0,62.29
CABBAGE,2008-07-21,28.89,77.14
CARROT,2008-07-21,35.0,76.14
LEEKS,2008-07-21,35.0,74.0
PUMPKIN,2008-07-21,24.89,53.0
SNAKE GOURD,2008-07-21,18.33,51.94
BRINJALS,2008-07-28,27.5,68.57
CABBAGE,2008-07-28,32.22,78.86
CARROT,2008-07-28,36.11,78.86
LEEKS,2008-07-28,37.22,82.86
PUMPKIN,2008-07-28,20.44,56.03
SNAKE GOURD,2008-07-28,16.63,54.37
BRINJALS,2008-08-04,27.5,62.86
CABBAGE,2008-08-04,28.75,73.86
CARROT,2008-08-04,32.5,68.71
LEEKS,2008-08-04,35.63,72.43
PUMPKIN,2008-08-04,17.5,50.09
SNAKE GOURD,2008-08-04,19.29,52.17
BRINJALS,2008-08-11,30.5,67.08
CABBAGE,2008-08-11,29.5,73.33
CARROT,2008-08-11,31.0,72.36
LEEKS,2008-08-11,36.5,77.08
PUMPKIN,2008-08-11,21.0,52.58
SNAKE GOURD,2008-08-11,19.1,53.64
BRINJALS,2008-08-18,33.5,72.71
CABBAGE,2008-08-18,27.78,73.0
CARROT,2008-08-18,27.3,68.57
LEEKS,2008-08-18,30.8,73.57
PUMPKIN,2008-08-18,20.6,51.71
SNAKE GOURD,2008-08-18,17.6,56.86
BRINJALS,2008-08-25,29.22,71.11
CABBAGE,2008-08-25,19.73,67.78
CARROT,2008-08-25,25.7,66.44
LEEKS,2008-08-25,35.5,73.86
PUMPKIN,2008-08-25,19.78,54.46
SNAKE GOURD,2008-08-25,12.44,51.43
BRINJALS,2008-09-01,35.5,75.8
CABBAGE,2008-09-01,19.78,68.25
CARROT,2008-09-01,23.0,62.5
LEEKS,2008-09-01,37.0,74.26
PUMPKIN,2008-09-01,19.5,50.51
SNAKE GOURD,2008-09-01,16.9,47.29
BRINJALS,2008-09-08,36.5,73.29
CABBAGE,2008-09-08,17.2,63.75
CARROT,2008-09-08,25.0,62.57
LEEKS,2008-09-08,42.5,80.49
PUMPKIN,2008-09-08,19.7,52.03
SNAKE GOURD,2008-09-08,20.56,53.6
BRINJALS,2008-09-15,40.0,83.77
CABBAGE,2008-09-15,19.22,65.14
CARROT,2008-09-15,32.78,71.06
LEEKS,2008-09-15,43.33,79.63
PUMPKIN,2008-09-15,19.0,53.29
SNAKE GOURD,2008-09-15,22.67,57.17
BRINJALS,2008-09-22,46.5,86.11
CABBAGE,2008-09-22,20.67,65.42
CARROT,2008-09-22,30.0,66.39
LEEKS,2008-09-22,43.25,78.47
PUMPKIN,2008-09-22,17.25,47.5
SNAKE GOURD,2008-09-22,25.1,58.0
BRINJALS,2008-09-29,33.5,77.46
CABBAGE,2008-09-29,23.85,66.14
CARROT,2008-09-29,32.0,71.71
LEEKS,2008-09-29,43.5,79.18
PUMPKIN,2008-09-29,16.74,47.17
SNAKE GOURD,2008-09-29,26.65,60.71
BRINJALS,2008-10-06,31.07,73.31
CABBAGE,2008-10-06,21.57,64.0
CARROT,2008-10-06,31.78,71.54
LEEKS,2008-10-06,42.86,79.43
PUMPKIN,2008-10-06,16.85,47.71
SNAKE GOURD,2008-10-06,26.79,60.57
BRINJALS,2008-10-13,22.9,65.0
CABBAGE,2008-10-13,15.8,53.86
CARROT,2008-10-13,28.5,66.81
LEEKS,2008-10-13,40.5,78.09
PUMPKIN,2008-10-13,17.7,44.67
SNAKE GOURD,2008-10-13,27.3,59.8
BRINJALS,2008-10-20,27.21,76.0
CABBAGE,2008-10-20,16.93,62.0
CARROT,2008-10-20,41.79,82.0
LEEKS,2008-10-20,45.36,96.33
PUMPKIN,2008-10-20,18.15,52.0
SNAKE GOURD,2008-10-20,27.57,69.31
BRINJALS,2008-10-27,39.65,83.86
CABBAGE,2008-10-27,20.43,60.28
CARROT,2008-10-27,47.67,86.71
LEEKS,2008-10-27,48.0,96.48
PUMPKIN,2008-10-27,22.73,50.71
SNAKE GOURD,2008-10-27,38.93,74.2
BRINJALS,2008-11-03,33.07,80.34
CABBAGE,2008-11-03,20.5,62.71
CARROT,2008-11-03,54.64,92.86
LEEKS,2008-11-03,50.72,90.0
PUMPKIN,2008-11-03,22.36,51.14
SNAKE GOURD,2008-11-03,41.16,76.59
BRINJALS,2008-11-10,36.5,77.14
CABBAGE,2008-11-10,20.65,61.0
CARROT,2008-11-10,51.0,88.0
LEEKS,2008-11-10,48.5,90.29
PUMPKIN,2008-11-10,23.59,52.29
SNAKE GOURD,2008-11-10,42.78,74.06
BRINJALS,2008-11-17,23.11,70.74
CABBAGE,2008-11-17,17.73,62.0
CARROT,2008-11-17,51.05,89.06
LEEKS,2008-11-17,44.48,85.29
PUMPKIN,2008-11-17,20.56,56.61
SNAKE GOURD,2008-11-17,30.29,71.47
BRINJALS,2008-11-24,23.93,72.29
CABBAGE,2008-11-24,17.93,59.71
CARROT,2008-11-24,50.31,90.38
LEEKS,2008-11-24,47.33,85.16
PUMPKIN,2008-11-24,16.64,51.0
SNAKE GOURD,2008-11-24,27.31,66.97
BRINJALS,2008-12-01,33.5,76.44
CABBAGE,2008-12-01,18.11,63.06
CARROT,2008-12-01,49.0,89.44
LEEKS,2008-12-01,48.89,88.06
PUMPKIN,2008-12-01,15.0,45.53
SNAKE GOURD,2008-12-01,29.44,65.28
BRINJALS,2008-12-08,55.0,98.69
CABBAGE,2008-12-08,22.22,68.33
CARROT,2008-12-08,55.0,95.22
LEEKS,2008-12-08,49.0,93.19
PUMPKIN,2008-12-08,24.56,51.39
SNAKE GOURD,2008-12-08,45.0,80.68
BRINJALS,2008-12-15,66.33,114.29
CABBAGE,2008-12-15,22.27,68.44
CARROT,2008-12-15,63.33,104.17
LEEKS,2008-12-15,49.67,96.06
PUMPKIN,2008-12-15,25.77,53.33
SNAKE GOURD,2008-12-15,43.93,82.43
BRINJALS,2008-12-22,66.25,134.29
CABBAGE,2008-12-22,30.0,68.0
CARROT,2008-12-22,80.63,118.82
LEEKS,2008-12-22,59.28,100.8
PUMPKIN,2008-12-22,30.0,58.57
SNAKE GOURD,2008-12-22,47.5,82.81
BRINJALS,2008-12-29,54.38,102.0
CABBAGE,2008-12-29,34.44,72.55
CARROT,2008-12-29,82.78,122.05
LEEKS,2008-12-29,61.67,100.72
PUMPKIN,2008-12-29,24.44,53.33
SNAKE GOURD,2008-12-29,41.88,75.6
BRINJALS,2009-01-05,31.25,84.29
CABBAGE,2009-01-05,28.42,71.67
CARROT,2009-01-05,67.63,119.14
LEEKS,2009-01-05,66.5,101.14
PUMPKIN,2009-01-05,21.48,55.14
SNAKE GOURD,2009-01-05,41.05,78.59
BRINJALS,2009-01-12,23.25,67.43
CABBAGE,2009-01-12,20.48,65.0
CARROT,2009-01-12,62.0,108.86
LEEKS,2009-01-12,63.75,98.51
PUMPKIN,2009-01-12,21.22,54.43
SNAKE GOURD,2009-01-12,37.37,75.49
BRINJALS,2009-01-19,11.93,53.71
CABBAGE,2009-01-19,21.27,63.14
CARROT,2009-01-19,58.0,96.18
LEEKS,2009-01-19,60.67,98.0
PUMPKIN,2009-01-19,25.79,54.0
SNAKE GOURD,2009-01-19,31.92,71.71
BRINJALS,2009-01-26,10.0,48.0
CABBAGE,2009-01-26,22.4,65.14
CARROT,2009-01-26,56.11,97.88
LEEKS,2009-01-26,56.0,95.5
PUMPKIN,2009-01-26,25.86,55.0
SNAKE GOURD,2009-01-26,28.12,71.76
BRINJALS,2009-02-02,12.0,50.0
CABBAGE,2009-02-02,23.07,63.43
CARROT,2009-02-02,58.21,93.28
LEEKS,2009-02-02,56.43,88.57
PUMPKIN,2009-02-02,33.67,69.11
SNAKE GOURD,2009-02-02,32.08,70.39
BRINJALS,2009-02-09,18.93,54.23
CABBAGE,2009-02-09,23.21,68.29
CARROT,2009-02-09,54.29,99.86
LEEKS,2009-02-09,57.14,101.0
PUMPKIN,2009-02-09,47.69,76.57
SNAKE GOURD,2009-02-09,38.08,73.14
BRINJALS,2009-02-16,13.58,56.76
CABBAGE,2009-02-16,25.17,66.86
CARROT,2009-02-16,46.05,89.14
LEEKS,2009-02-16,51.05,87.43
PUMPKIN,2009-02-16,44.38,77.78
SNAKE GOURD,2009-02-16,31.88,74.29
BRINJALS,2009-02-23,9.6,52.57
CABBAGE,2009-02-23,21.67,64.86
CARROT,2009-02-23,47.0,83.29
LEEKS,2009-02-23,55.0,89.29
PUMPKIN,2009-02-23,44.09,78.53
SNAKE GOURD,2009-02-23,22.7,68.06
BRINJALS,2009-03-02,10.5,53.59
CABBAGE,2009-03-02,21.3,63.13
CARROT,2009-03-02,43.5,84.19
LEEKS,2009-03-02,53.5,90.0
PUMPKIN,2009-03-02,39.29,76.61
SNAKE GOURD,2009-03-02,23.89,68.71
BRINJALS,2009-03-09,15.16,51.82
CABBAGE,2009-03-09,20.85,62.42
CARROT,2009-03-09,38.25,76.42
LEEKS,2009-03-09,50.25,86.97
PUMPKIN,2009-03-09,36.28,71.52
SNAKE GOURD,2009-03-09,25.53,64.85
BRINJALS,2009-03-16,18.79,53.33
CABBAGE,2009-03-16,19.55,64.25
CARROT,2009-03-16,38.5,77.94
LEEKS,2009-03-16,52.11,84.44
PUMPKIN,2009-03-16,31.56,63.57
SNAKE GOURD,2009-03-16,27.24,66.63
BRINJALS,2009-03-23,20.72,56.25
CABBAGE,2009-03-23,19.1,58.29
CARROT,2009-03-23,41.25,74.78
LEEKS,2009-03-23,53.33,84.57
PUMPKIN,2009-03-23,28.71,59.14
SNAKE GOURD,2009-03-23,24.41,65.0
BRINJALS,2009-03-30,36.18,71.53
CABBAGE,2009-03-30,18.0,63.43
CARROT,2009-03-30,46.25,81.67
LEEKS,2009-03-30,49.75,88.06
PUMPKIN,2009-03-30,24.2,60.28
SNAKE GOURD,2009-03-30,29.89,68.06
BRINJALS,2009-04-06,47.0,84.73
CABBAGE,2009-04-06,19.0,66.81
CARROT,2009-04-06,58.0,94.32
LEEKS,2009-04-06,60.0,99.05
PUMPKIN,2009-04-06,23.75,60.14
SNAKE GOURD,2009-04-06,34.0,72.57
BRINJALS,2009-04-13,26.79,65.28
CABBAGE,2009-04-13,21.0,61.67
CARROT,2009-04-13,56.32,83.06
LEEKS,2009-04-13,51.17,87.22
PUMPKIN,2009-04-13,27.33,60.29
SNAKE GOURD,2009-04-13,24.41,64.29
BRINJALS,2009-04-20,21.87,64.56
CABBAGE,2009-04-20,21.2,64.32
CARROT,2009-04-20,53.33,92.08
LEEKS,2009-04-20,51.43,94.58
PUMPKIN,2009-04-20,21.14,53.71
SNAKE GOURD,2009-04-20,26.0,64.05
BRINJALS,2009-04-27,35.71,78.06
CABBAGE,2009-04-27,30.0,68.69
CARROT,2009-04-27,67.86,105.28
LEEKS,2009-04-27,55.0,91.94
PUMPKIN,2009-04-27,18.46,52.29
SNAKE GOURD,2009-04-27,26.67,67.43
BRINJALS,2009-05-04,28.3,74.72
CABBAGE,2009-05-04,34.58,72.92
CARROT,2009-05-04,75.35,113.72
LEEKS,2009-05-04,53.08,105.0
PUMPKIN,2009-05-04,19.29,54.72
SNAKE GOURD,2009-05-04,27.08,65.97
BRINJALS,2009-05-11,23.2,73.14
CABBAGE,2009-05-11,26.64,72.68
CARROT,2009-05-11,69.33,106.18
LEEKS,2009-05-11,45.33,92.78
PUMPKIN,2009-05-11,19.86,55.69
SNAKE GOURD,2009-05-11,28.85,66.94
BRINJALS,2009-05-18,23.33,67.14
CABBAGE,2009-05-18,30.3,77.14
CARROT,2009-05-18,80.0,121.82
LEEKS,2009-05-18,57.0,99.37
PUMPKIN,2009-05-18,22.0,53.13
SNAKE GOURD,2009-05-18,28.13,67.19
BRINJALS,2009-05-25,36.67,79.84
CABBAGE,2009-05-25,32.0,75.68
CARROT,2009-05-25,85.56,123.78
LEEKS,2009-05-25,50.0,98.38
PUMPKIN,2009-05-25,31.88,60.14
SNAKE GOURD,2009-05-25,32.61,70.0
BRINJALS,2009-06-01,44.5,85.28
CABBAGE,2009-06-01,33.0,74.72
CARROT,2009-06-01,106.0,145.0
LEEKS,2009-06-01,47.22,96.11
PUMPKIN,2009-06-01,25.5,59.86
SNAKE GOURD,2009-06-01,33.13,74.14
BRINJALS,2009-06-08,46.93,87.22
CABBAGE,2009-06-08,41.16,79.72
CARROT,2009-06-08,99.33,144.44
LEEKS,2009-06-08,43.33,89.72
PUMPKIN,2009-06-08,30.18,62.92
SNAKE GOURD,2009-06-08,32.07,72.78
BRINJALS,2009-06-15,39.28,81.35
CABBAGE,2009-06-15,40.36,79.32
CARROT,2009-06-15,81.33,132.43
LEEKS,2009-06-15,43.33,84.46
PUMPKIN,2009-06-15,30.42,63.51
SNAKE GOURD,2009-06-15,29.83,70.69
BRINJALS,2009-06-22,36.11,82.57
CABBAGE,2009-06-22,32.75,78.75
CARROT,2009-06-22,78.5,122.78
LEEKS,2009-06-22,35.75,83.33
PUMPKIN,2009-06-22,30.0,56.94
SNAKE GOURD,2009-06-22,27.95,66.81
BRINJALS,2009-06-29,27.75,73.18
CABBAGE,2009-06-29,32.5,77.33
CARROT,2009-06-29,65.0,106.36
LEEKS,2009-06-29,37.5,82.25
PUMPKIN,2009-06-29,26.15,58.37
SNAKE GOURD,2009-06-29,24.0,63.49
BRINJALS,2009-07-06,22.5,69.33
CABBAGE,2009-07-06,57.0,92.27
CARROT,2009-07-06,60.0,105.0
LEEKS,2009-07-06,33.0,79.56
PUMPKIN,2009-07-06,26.78,57.67
SNAKE GOURD,2009-07-06,23.33,64.78
BRINJALS,2009-07-13,15.29,59.88
CABBAGE,2009-07-13,48.67,84.44
CARROT,2009-07-13,66.11,105.11
LEEKS,2009-07-13,28.33,72.39
PUMPKIN,2009-07-13,22.93,56.14
SNAKE GOURD,2009-07-13,23.0,61.98
BRINJALS,2009-07-20,14.91,60.18
CABBAGE,2009-07-20,52.92,93.18
CARROT,2009-07-20,73.18,118.22
LEEKS,2009-07-20,28.5,72.56
PUMPKIN,2009-07-20,19.22,55.56
SNAKE GOURD,2009-07-20,25.0,64.0
BRINJALS,2009-07-27,13.2,58.44
CABBAGE,2009-07-27,49.33,90.0
CARROT,2009-07-27,67.36,97.72
LEEKS,2009-07-27,32.67,67.76
PUMPKIN,2009-07-27,14.13,48.62
SNAKE GOURD,2009-07-27,25.33,63.11
BRINJALS,2009-08-03,17.07,60.89
CABBAGE,2009-08-03,51.33,88.67
CARROT,2009-08-03,60.33,100.38
LEEKS,2009-08-03,26.33,75.56
PUMPKIN,2009-08-03,13.13,47.96
SNAKE GOURD,2009-08-03,22.67,63.0
BRINJALS,2009-08-10,25.67,64.32
CABBAGE,2009-08-10,40.33,81.85
CARROT,2009-08-10,63.13,93.36
LEEKS,2009-08-10,30.33,67.11
PUMPKIN,2009-08-10,11.33,43.67
SNAKE GOURD,2009-08-10,20.87,59.46
BRINJALS,2009-08-17,30.5,71.0
CABBAGE,2009-08-17,33.5,79.11
CARROT,2009-08-17,51.5,96.51
LEEKS,2009-08-17,20.5,66.89
PUMPKIN,2009-08-17,10.6,46.78
SNAKE GOURD,2009-08-17,16.3,62.11
BRINJALS,2009-08-24,31.5,68.78
CABBAGE,2009-08-24,30.0,73.67
CARROT,2009-08-24,48.5,91.24
LEEKS,2009-08-24,22.0,61.82
PUMPKIN,2009-08-24,9.0,40.76
SNAKE GOURD,2009-08-24,17.6,53.89
BRINJALS,2009-08-31,35.0,75.11
CABBAGE,2009-08-31,30.0,71.36
CARROT,2009-08-31,50.83,80.89
LEEKS,2009-08-31,23.0,59.56
PUMPKIN,2009-08-31,10.0,41.98
SNAKE GOURD,2009-08-31,18.33,54.55
BRINJALS,2009-09-07,36.5,80.17
CABBAGE,2009-09-07,32.5,76.67
CARROT,2009-09-07,48.0,84.52
LEEKS,2009-09-07,18.5,61.67
PUMPKIN,2009-09-07,9.78,43.19
SNAKE GOURD,2009-09-07,17.9,57.72
BRINJALS,2009-09-14,33.2,78.57
CABBAGE,2009-09-14,36.33,72.74
CARROT,2009-09-14,38.75,77.14
LEEKS,2009-09-14,18.19,57.74
PUMPKIN,2009-09-14,9.69,40.71
SNAKE GOURD,2009-09-14,14.0,52.67
BRINJALS,2009-09-21,37.19,77.74
CABBAGE,2009-09-21,39.68,76.07
CARROT,2009-09-21,48.67,81.25
LEEKS,2009-09-21,21.4,62.44
PUMPKIN,2009-09-21,10.62,41.67
SNAKE GOURD,2009-09-21,20.67,55.79
BRINJALS,2009-09-28,31.58,74.77
CABBAGE,2009-09-28,39.25,80.12
CARROT,2009-09-28,52.75,83.0
LEEKS,2009-09-28,27.3,66.03
PUMPKIN,2009-09-28,10.9,42.74
SNAKE GOURD,2009-09-28,20.25,62.16
BRINJALS,2009-10-05,37.92,79.17
CABBAGE,2009-10-05,45.46,80.48
CARROT,2009-10-05,50.83,86.43
LEEKS,2009-10-05,32.92,71.07
PUMPKIN,2009-10-05,18.85,49.66
SNAKE GOURD,2009-10-05,34.09,70.49
BRINJALS,2009-10-12,37.0,76.74
CABBAGE,2009-10-12,43.33,81.02
CARROT,2009-10-12,50.5,87.79
LEEKS,2009-10-12,33.64,76.82
PUMPKIN,2009-10-12,19.7,44.27
SNAKE GOURD,2009-10-12,33.5,67.73
BRINJALS,2009-10-19,40.0,79.33
CABBAGE,2009-10-19,38.18,81.78
CARROT,2009-10-19,54.0,95.56
LEEKS,2009-10-19,25.73,74.0
PUMPKIN,2009-10-19,19.11,53.41
SNAKE GOURD,2009-10-19,32.5,72.27
BRINJALS,2009-10-26,35.0,77.56
CABBAGE,2009-10-26,34.5,76.48
CARROT,2009-10-26,58.5,102.89
LEEKS,2009-10-26,29.0,74.66
PUMPKIN,2009-10-26,24.4,54.64
SNAKE GOURD,2009-10-26,32.5,71.07
BRINJALS,2009-11-02,41.5,79.43
CABBAGE,2009-11-02,24.1,71.7
CARROT,2009-11-02,60.91,101.77
LEEKS,2009-11-02,29.0,77.44
PUMPKIN,2009-11-02,31.3,55.81
SNAKE GOURD,2009-11-02,35.0,72.73
BRINJALS,2009-11-09,42.67,82.22
CABBAGE,2009-11-09,25.67,77.5
CARROT,2009-11-09,67.67,117.33
LEEKS,2009-11-09,28.2,76.18
PUMPKIN,2009-11-09,33.13,58.22
SNAKE GOURD,2009-11-09,35.67,76.89
BRINJALS,2009-11-16,55.67,95.88
CABBAGE,2009-11-16,33.9,77.0
CARROT,2009-11-16,63.25,107.88
LEEKS,2009-11-16,31.75,77.95
PUMPKIN,2009-11-16,32.52,61.32
SNAKE GOURD,2009-11-16,47.0,79.34
BRINJALS,2009-11-23,67.5,117.21
CABBAGE,2009-11-23,47.73,87.27
CARROT,2009-11-23,78.5,117.86
LEEKS,2009-11-23,43.0,90.0
PUMPKIN,2009-11-23,36.2,64.05
SNAKE GOURD,2009-11-23,50.5,88.33
BRINJALS,2009-11-30,57.0,104.44
CABBAGE,2009-11-30,50.0,91.33
CARROT,2009-11-30,70.5,110.47
LEEKS,2009-11-30,45.0,90.67
PUMPKIN,2009-11-30,35.5,69.76
SNAKE GOURD,2009-11-30,44.0,83.64
BRINJALS,2009-12-07,60.5,98.56
CABBAGE,2009-12-07,57.0,91.93
CARROT,2009-12-07,82.0,115.22
LEEKS,2009-12-07,51.0,91.78
PUMPKIN,2009-12-07,27.8,61.93
SNAKE GOURD,2009-12-07,34.5,74.44
BRINJALS,2009-12-14,44.0,96.7
CABBAGE,2009-12-14,43.5,85.91
CARROT,2009-12-14,74.0,120.7
LEEKS,2009-12-14,44.0,81.93
PUMPKIN,2009-12-14,19.8,57.79
SNAKE GOURD,2009-12-14,23.8,69.03
BRINJALS,2009-12-21,41.0,105.56
CABBAGE,2009-12-21,36.25,89.32
CARROT,2009-12-21,80.91,134.22
LEEKS,2009-12-21,46.5,97.5
PUMPKIN,2009-12-21,17.9,59.32
SNAKE GOURD,2009-12-21,29.0,80.22
BRINJALS,2010-01-04,60.0,113.17
CABBAGE,2010-01-04,41.82,93.78
CARROT,2010-01-04,73.18,129.76
LEEKS,2010-01-04,41.82,92.38
PUMPKIN,2010-01-04,26.46,60.0
SNAKE GOURD,2010-01-04,45.91,82.0
BRINJALS,2010-01-11,65.0,117.62
CABBAGE,2010-01-11,44.09,93.56
CARROT,2010-01-11,89.0,134.88
LEEKS,2010-01-11,51.82,98.78
PUMPKIN,2010-01-11,27.2,57.5
SNAKE GOURD,2010-01-11,41.0,80.79
BRINJALS,2010-01-18,66.0,116.43
CABBAGE,2010-01-18,47.27,97.44
CARROT,2010-01-18,94.0,139.05
LEEKS,2010-01-18,51.5,101.43
PUMPKIN,2010-01-18,27.9,56.34
SNAKE GOURD,2010-01-18,40.5,79.21
BRINJALS,2010-01-25,65.91,113.33
CABBAGE,2010-01-25,44.09,90.71
CARROT,2010-01-25,82.82,131.46
LEEKS,2010-01-25,49.0,99.3
PUMPKIN,2010-01-25,21.2,60.5
SNAKE GOURD,2010-01-25,34.5,80.51
BRINJALS,2010-02-01,15.17,71.59
CABBAGE,2010-02-01,36.5,88.98
CARROT,2010-02-01,61.5,117.73
LEEKS,2010-02-01,44.55,95.34
PUMPKIN,2010-02-01,19.9,59.15
SNAKE GOURD,2010-02-01,26.0,72.27
BRINJALS,2010-02-08,18.0,64.89
CABBAGE,2010-02-08,34.0,82.95
CARROT,2010-02-08,56.82,101.59
LEEKS,2010-02-08,46.0,89.55
PUMPKIN,2010-02-08,13.9,54.43
SNAKE GOURD,2010-02-08,29.5,73.02
BRINJALS,2010-02-15,16.73,57.22
CABBAGE,2010-02-15,34.5,79.89
CARROT,2010-02-15,53.5,95.56
LEEKS,2010-02-15,41.0,79.56
PUMPKIN,2010-02-15,15.6,49.78
SNAKE GOURD,2010-02-15,25.0,65.33
BRINJALS,2010-02-22,14.2,58.98
CABBAGE,2010-02-22,31.5,77.5
CARROT,2010-02-22,50.5,96.28
LEEKS,2010-02-22,37.0,78.86
PUMPKIN,2010-02-22,13.6,52.16
SNAKE GOURD,2010-02-22,24.0,64.43
BRINJALS,2010-03-01,19.0,65.91
CABBAGE,2010-03-01,32.0,81.59
CARROT,2010-03-01,59.0,110.45
LEEKS,2010-03-01,48.0,88.41
PUMPKIN,2010-03-01,21.6,55.33
SNAKE GOURD,2010-03-01,23.5,68.09
BRINJALS,2010-03-08,26.5,74.22
CABBAGE,2010-03-08,34.0,77.78
CARROT,2010-03-08,54.0,94.55
LEEKS,2010-03-08,42.34,86.56
PUMPKIN,2010-03-08,29.0,57.44
SNAKE GOURD,2010-03-08,24.5,67.69
BRINJALS,2010-03-15,33.8,73.86
CABBAGE,2010-03-15,31.5,75.57
CARROT,2010-03-15,51.5,90.23
LEEKS,2010-03-15,44.5,84.55
PUMPKIN,2010-03-15,33.3,63.86
SNAKE GOURD,2010-03-15,18.5,61.59
BRINJALS,2010-03-22,32.5,71.14
CABBAGE,2010-03-22,27.5,74.55
CARROT,2010-03-22,48.5,88.3
LEEKS,2010-03-22,45.5,79.48
PUMPKIN,2010-03-22,32.5,64.66
SNAKE GOURD,2010-03-22,16.3,61.14
BRINJALS,2010-03-29,22.5,68.06
CABBAGE,2010-03-29,23.0,70.11
CARROT,2010-03-29,45.5,83.86
LEEKS,2010-03-29,48.5,82.91
PUMPKIN,2010-03-29,28.5,59.66
SNAKE GOURD,2010-03-29,16.8,58.52
BRINJALS,2010-04-05,13.64,56.03
CABBAGE,2010-04-05,22.0,67.56
CARROT,2010-04-05,39.5,80.24
LEEKS,2010-04-05,38.5,80.73
PUMPKIN,2010-04-05,21.44,53.25
SNAKE GOURD,2010-04-05,12.67,55.12
BRINJALS,2010-04-12,38.0,88.05
CABBAGE,2010-04-12,28.0,83.9
CARROT,2010-04-12,60.0,107.32
LEEKS,2010-04-12,54.0,102.44
PUMPKIN,2010-04-12,19.2,62.32
SNAKE GOURD,2010-04-12,22.0,70.85
BRINJALS,2010-04-19,25.5,76.74
CABBAGE,2010-04-19,23.0,74.88
CARROT,2010-04-19,46.0,88.81
LEEKS,2010-04-19,34.5,82.86
PUMPKIN,2010-04-19,21.1,58.02
SNAKE GOURD,2010-04-19,17.0,65.37
BRINJALS,2010-04-26,23.64,70.12
CABBAGE,2010-04-26,18.5,66.28
CARROT,2010-04-26,43.89,87.39
LEEKS,2010-04-26,47.0,83.41
PUMPKIN,2010-04-26,19.0,54.2
SNAKE GOURD,2010-04-26,21.9,65.36
BRINJALS,2010-05-03,36.5,80.71
CABBAGE,2010-05-03,17.55,73.38
CARROT,2010-05-03,42.0,95.61
LEEKS,2010-05-03,45.91,98.57
PUMPKIN,2010-05-03,18.6,60.0
SNAKE GOURD,2010-05-03,38.5,77.5
BRINJALS,2010-05-10,43.0,85.63
CABBAGE,2010-05-10,20.2,70.25
CARROT,2010-05-10,56.5,101.88
LEEKS,2010-05-10,58.5,101.0
PUMPKIN,2010-05-10,21.6,59.88
SNAKE GOURD,2010-05-10,42.22,82.76
BRINJALS,2010-05-17,38.63,91.47
CABBAGE,2010-05-17,28.5,80.61
CARROT,2010-05-17,75.5,123.24
LEEKS,2010-05-17,77.0,118.53
PUMPKIN,2010-05-17,20.22,57.65
SNAKE GOURD,2010-05-17,45.63,78.18
BRINJALS,2010-05-24,52.22,102.97
CABBAGE,2010-05-24,34.0,92.11
CARROT,2010-05-24,91.0,147.37
LEEKS,2010-05-24,91.0,145.68
PUMPKIN,2010-05-24,21.22,67.3
SNAKE GOURD,2010-05-24,46.11,96.32
BRINJALS,2010-05-31,41.5,101.54
CABBAGE,2010-05-31,45.91,104.23
CARROT,2010-05-31,137.0,206.67
LEEKS,2010-05-31,111.0,163.68
PUMPKIN,2010-05-31,21.9,62.69
SNAKE GOURD,2010-05-31,52.0,98.95
BRINJALS,2010-06-07,45.5,91.11
CABBAGE,2010-06-07,59.0,102.0
CARROT,2010-06-07,166.0,204.86
LEEKS,2010-06-07,108.0,149.14
PUMPKIN,2010-06-07,22.3,59.24
SNAKE GOURD,2010-06-07,44.5,84.44
BRINJALS,2010-06-14,41.5,95.38
CABBAGE,2010-06-14,60.0,111.03
CARROT,2010-06-14,177.0,243.16
LEEKS,2010-06-14,112.0,170.0
PUMPKIN,2010-06-14,26.7,63.29
SNAKE GOURD,2010-06-14,42.5,85.64
BRINJALS,2010-06-21,17.82,75.37
CABBAGE,2010-06-21,43.18,106.75
CARROT,2010-06-21,109.09,178.33
LEEKS,2010-06-21,84.55,150.73
PUMPKIN,2010-06-21,35.7,70.53
SNAKE GOURD,2010-06-21,40.0,83.17
BRINJALS,2010-06-28,13.9,63.5
CABBAGE,2010-06-28,40.91,95.24
CARROT,2010-06-28,131.0,197.5
LEEKS,2010-06-28,95.0,154.63
PUMPKIN,2010-06-28,35.6,69.52
SNAKE GOURD,2010-06-28,34.0,78.33
BRINJALS,2010-07-05,14.5,65.58
CABBAGE,2010-07-05,39.0,91.11
CARROT,2010-07-05,105.0,146.44
LEEKS,2010-07-05,100.0,138.76
PUMPKIN,2010-07-05,37.8,75.33
SNAKE GOURD,2010-07-05,32.5,81.56
BRINJALS,2010-07-12,14.0,64.17
CABBAGE,2010-07-12,36.0,95.0
CARROT,2010-07-12,73.0,123.81
LEEKS,2010-07-12,84.54,131.9
PUMPKIN,2010-07-12,42.0,75.24
SNAKE GOURD,2010-07-12,28.0,78.57
BRINJALS,2010-07-19,14.0,68.3
CABBAGE,2010-07-19,30.46,88.18
CARROT,2010-07-19,79.09,137.05
LEEKS,2010-07-19,93.0,142.5
PUMPKIN,2010-07-19,36.5,73.41
SNAKE GOURD,2010-07-19,24.5,76.15
BRINJALS,2010-07-26,15.0,67.03
CABBAGE,2010-07-26,37.0,89.19
CARROT,2010-07-26,80.0,129.19
LEEKS,2010-07-26,85.0,141.08
PUMPKIN,2010-07-26,31.7,69.05
SNAKE GOURD,2010-07-26,25.5,81.62
BRINJALS,2010-08-02,16.7,66.9
CABBAGE,2010-08-02,41.5,92.14
CARROT,2010-08-02,60.5,120.75
LEEKS,2010-08-02,82.0,131.9
PUMPKIN,2010-08-02,30.7,65.95
SNAKE GOURD,2010-08-02,24.5,76.67
BRINJALS,2010-08-09,17.5,64.52
CABBAGE,2010-08-09,44.0,91.22
CARROT,2010-08-09,52.5,101.35
LEEKS,2010-08-09,87.0,135.61
PUMPKIN,2010-08-09,30.4,63.1
SNAKE GOURD,2010-08-09,26.0,71.9
BRINJALS,2010-08-16,20.5,67.84
CABBAGE,2010-08-16,48.5,99.74
CARROT,2010-08-16,54.5,104.05
LEEKS,2010-08-16,71.5,129.47
PUMPKIN,2010-08-16,30.7,67.5
SNAKE GOURD,2010-08-16,20.5,69.74
BRINJALS,2010-08-23,16.5,65.33
CABBAGE,2010-08-23,44.0,95.25
CARROT,2010-08-23,52.73,104.0
LEEKS,2010-08-23,68.0,125.75
PUMPKIN,2010-08-23,30.9,66.76
SNAKE GOURD,2010-08-23,20.5,67.5
BRINJALS,2010-08-30,20.5,66.33
CABBAGE,2010-08-30,40.0,91.43
CARROT,2010-08-30,54.5,102.14
LEEKS,2010-08-30,81.0,126.67
PUMPKIN,2010-08-30,38.0,71.08
SNAKE GOURD,2010-08-30,26.0,70.7
BRINJALS,2010-09-06,27.5,68.2
CABBAGE,2010-09-06,43.0,93.18
CARROT,2010-09-06,48.0,91.63
LEEKS,2010-09-06,72.5,113.81
PUMPKIN,2010-09-06,37.3,68.6
SNAKE GOURD,2010-09-06,28.0,71.71
BRINJALS,2010-09-13,34.5,82.19
CABBAGE,2010-09-13,42.0,91.07
CARROT,2010-09-13,44.0,89.43
LEEKS,2010-09-13,55.0,111.67
PUMPKIN,2010-09-13,38.33,72.11
SNAKE GOURD,2010-09-13,28.5,70.0
BRINJALS,2010-09-20,38.34,81.22
CABBAGE,2010-09-20,37.92,89.02
CARROT,2010-09-20,41.25,89.75
LEEKS,2010-09-20,55.0,100.05
PUMPKIN,2010-09-20,42.5,73.33
SNAKE GOURD,2010-09-20,32.27,72.25
BRINJALS,2010-09-27,35.5,79.77
CABBAGE,2010-09-27,29.0,83.07
CARROT,2010-09-27,35.91,87.5
LEEKS,2010-09-27,55.0,100.0
PUMPKIN,2010-09-27,42.0,74.46
SNAKE GOURD,2010-09-27,34.55,71.1
BRINJALS,2010-10-04,30.91,72.05
CABBAGE,2010-10-04,24.09,80.47
CARROT,2010-10-04,35.4,82.22
LEEKS,2010-10-04,53.33,97.27
PUMPKIN,2010-10-04,36.82,71.56
SNAKE GOURD,2010-10-04,32.73,69.77
BRINJALS,2010-10-11,29.0,71.28
CABBAGE,2010-10-11,23.5,79.77
CARROT,2010-10-11,42.0,90.68
LEEKS,2010-10-11,51.5,97.12
PUMPKIN,2010-10-11,33.5,70.83
SNAKE GOURD,2010-10-11,35.0,73.33
BRINJALS,2010-10-18,42.73,80.91
CABBAGE,2010-10-18,38.18,83.72
CARROT,2010-10-18,45.45,97.61
LEEKS,2010-10-18,68.5,117.21
PUMPKIN,2010-10-18,32.82,70.68
SNAKE GOURD,2010-10-18,35.91,73.9
BRINJALS,2010-10-25,43.0,92.38
CABBAGE,2010-10-25,43.18,99.76
CARROT,2010-10-25,50.0,100.93
LEEKS,2010-10-25,71.0,121.59
PUMPKIN,2010-10-25,41.0,74.05
SNAKE GOURD,2010-10-25,42.0,87.73
BRINJALS,2010-11-01,37.0,85.0
CABBAGE,2010-11-01,34.0,89.07
CARROT,2010-11-01,48.5,96.82
LEEKS,2010-11-01,76.0,124.33
PUMPKIN,2010-11-01,40.2,73.66
SNAKE GOURD,2010-11-01,39.67,81.88
BRINJALS,2010-11-08,21.37,71.74
CABBAGE,2010-11-08,30.5,88.69
CARROT,2010-11-08,60.5,113.56
LEEKS,2010-11-08,65.46,119.33
PUMPKIN,2010-11-08,34.09,72.05
SNAKE GOURD,2010-11-08,27.5,71.82
BRINJALS,2010-11-15,17.92,69.89
CABBAGE,2010-11-15,30.45,85.58
CARROT,2010-11-15,53.64,108.67
LEEKS,2010-11-15,57.5,108.89
PUMPKIN,2010-11-15,27.27,64.42
SNAKE GOURD,2010-11-15,20.42,71.67
BRINJALS,2010-11-22,21.36,74.55
CABBAGE,2010-11-22,30.4,84.89
CARROT,2010-11-22,58.34,109.09
LEEKS,2010-11-22,49.5,102.84
PUMPKIN,2010-11-22,22.73,60.35
SNAKE GOURD,2010-11-22,28.18,72.33
BRINJALS,2010-11-29,29.58,83.67
CABBAGE,2010-11-29,25.42,83.04
CARROT,2010-11-29,55.84,107.11
LEEKS,2010-11-29,41.25,100.8
PUMPKIN,2010-11-29,23.75,66.33
SNAKE GOURD,2010-11-29,25.84,71.78
BRINJALS,2010-12-06,39.55,86.83
CABBAGE,2010-12-06,24.58,82.67
CARROT,2010-12-06,57.92,111.91
LEEKS,2010-12-06,45.91,107.27
PUMPKIN,2010-12-06,23.82,66.9
SNAKE GOURD,2010-12-06,26.0,76.74
BRINJALS,2010-12-13,61.36,109.53
CABBAGE,2010-12-13,33.64,92.95
CARROT,2010-12-13,86.67,136.28
LEEKS,2010-12-13,60.0,119.55
PUMPKIN,2010-12-13,18.42,59.53
SNAKE GOURD,2010-12-13,38.5,84.38
BRINJALS,2010-12-20,62.0,112.05
CABBAGE,2010-12-20,34.17,95.11
CARROT,2010-12-20,66.67,125.91
LEEKS,2010-12-20,58.5,118.0
PUMPKIN,2010-12-20,15.27,59.33
SNAKE GOURD,2010-12-20,48.0,87.38
BRINJALS,2010-12-27,66.67,120.67
CABBAGE,2010-12-27,36.67,90.0
CARROT,2010-12-27,66.33,117.44
LEEKS,2010-12-27,63.34,120.68
PUMPKIN,2010-12-27,12.4,58.87
SNAKE GOURD,2010-12-27,47.0,87.0
BRINJALS,2011-01-03,77.5,125.53
CABBAGE,2011-01-03,34.75,84.62
CARROT,2011-01-03,84.09,140.5
LEEKS,2011-01-03,78.18,136.67
PUMPKIN,2011-01-03,14.9,56.67
SNAKE GOURD,2011-01-03,52.0,88.13
BRINJALS,2011-01-10,58.64,107.1
CABBAGE,2011-01-10,39.55,99.25
CARROT,2011-01-10,82.5,132.7
LEEKS,2011-01-10,79.0,137.89
PUMPKIN,2011-01-10,12.82,50.13
SNAKE GOURD,2011-01-10,53.0,98.33
BRINJALS,2011-01-17,88.18,142.5
CABBAGE,2011-01-17,42.5,110.28
CARROT,2011-01-17,93.64,158.33
LEEKS,2011-01-17,85.83,152.57
PUMPKIN,2011-01-17,15.18,57.08
SNAKE GOURD,2011-01-17,75.0,136.19
BRINJALS,2011-01-24,113.64,180.81
CABBAGE,2011-01-24,64.09,124.0
CARROT,2011-01-24,132.0,193.33
LEEKS,2011-01-24,84.67,148.38
PUMPKIN,2011-01-24,26.54,60.83
SNAKE GOURD,2011-01-24,84.55,140.69
BRINJALS,2011-01-31,115.45,182.37
CABBAGE,2011-01-31,59.59,120.3
CARROT,2011-01-31,103.0,171.33
LEEKS,2011-01-31,83.18,143.79
PUMPKIN,2011-01-31,22.73,67.34
SNAKE GOURD,2011-01-31,83.33,151.33
BRINJALS,2011-02-07,118.18,179.14
CABBAGE,2011-02-07,52.27,120.81
CARROT,2011-02-07,98.33,158.89
LEEKS,2011-02-07,78.18,149.17
PUMPKIN,2011-02-07,36.6,75.14
SNAKE GOURD,2011-02-07,91.67,144.29
BRINJALS,2011-02-14,98.0,162.82
CABBAGE,2011-02-14,57.27,127.11
CARROT,2011-02-14,115.45,185.68
LEEKS,2011-02-14,82.73,153.78
PUMPKIN,2011-02-14,45.91,79.22
SNAKE GOURD,2011-02-14,88.18,150.29
BRINJALS,2011-02-21,101.0,168.53
CABBAGE,2011-02-21,70.0,140.29
CARROT,2011-02-21,136.67,197.86
LEEKS,2011-02-21,80.0,148.06
PUMPKIN,2011-02-21,61.43,101.15
SNAKE GOURD,2011-02-21,95.0,152.19
BRINJALS,2011-02-28,99.0,161.43
CABBAGE,2011-02-28,87.0,150.94
CARROT,2011-02-28,146.67,202.35
LEEKS,2011-02-28,75.46,136.58
PUMPKIN,2011-02-28,87.5,140.0
SNAKE GOURD,2011-02-28,80.0,149.14
BRINJALS,2011-03-07,89.17,143.95
CABBAGE,2011-03-07,86.33,139.63
CARROT,2011-03-07,160.91,216.75
LEEKS,2011-03-07,69.09,133.0
PUMPKIN,2011-03-07,72.5,126.67
SNAKE GOURD,2011-03-07,55.45,115.41
BRINJALS,2011-03-14,63.0,123.53
CABBAGE,2011-03-14,90.91,149.69
CARROT,2011-03-14,165.0,218.14
LEEKS,2011-03-14,71.82,133.33
PUMPKIN,2011-03-14,57.86,107.81
SNAKE GOURD,2011-03-14,50.63,112.71
BRINJALS,2011-03-21,32.0,87.35
CABBAGE,2011-03-21,77.0,140.57
CARROT,2011-03-21,150.0,211.87
LEEKS,2011-03-21,77.0,134.67
PUMPKIN,2011-03-21,51.25,91.77
SNAKE GOURD,2011-03-21,42.0,94.17
BRINJALS,2011-03-28,33.5,89.72
CABBAGE,2011-03-28,64.55,121.67
CARROT,2011-03-28,103.64,168.06
LEEKS,2011-03-28,57.27,127.63
PUMPKIN,2011-03-28,51.11,87.33
SNAKE GOURD,2011-03-28,31.5,79.12
BRINJALS,2011-04-04,35.0,90.5
CABBAGE,2011-04-04,70.0,128.46
CARROT,2011-04-04,117.78,193.16
LEEKS,2011-04-04,52.5,107.3
PUMPKIN,2011-04-04,50.0,86.28
SNAKE GOURD,2011-04-04,29.17,73.68
BRINJALS,2011-04-11,76.0,115.79
CABBAGE,2011-04-11,68.0,131.67
CARROT,2011-04-11,112.0,165.26
LEEKS,2011-04-11,47.0,102.43
PUMPKIN,2011-04-11,48.0,89.19
SNAKE GOURD,2011-04-11,31.0,79.44
BRINJALS,2011-04-18,44.0,102.33
CABBAGE,2011-04-18,78.0,146.33
CARROT,2011-04-18,104.55,155.76
LEEKS,2011-04-18,39.0,101.67
PUMPKIN,2011-04-18,34.0,75.83
SNAKE GOURD,2011-04-18,20.0,64.84
BRINJALS,2011-04-25,48.89,104.79
CABBAGE,2011-04-25,48.0,112.57
CARROT,2011-04-25,80.0,135.41
LEEKS,2011-04-25,42.0,103.94
PUMPKIN,2011-04-25,27.0,70.0
SNAKE GOURD,2011-04-25,16.5,63.06
BRINJALS,2011-05-02,40.42,88.86
CABBAGE,2011-05-02,52.73,119.71
CARROT,2011-05-02,94.17,149.71
LEEKS,2011-05-02,42.08,93.34
PUMPKIN,2011-05-02,21.37,63.29
SNAKE GOURD,2011-05-02,21.82,62.33
BRINJALS,2011-05-09,40.0,87.33
CABBAGE,2011-05-09,44.5,116.06
CARROT,2011-05-09,80.0,144.33
LEEKS,2011-05-09,29.54,84.83
PUMPKIN,2011-05-09,20.89,60.91
SNAKE GOURD,2011-05-09,25.0,74.69
BRINJALS,2011-05-16,68.37,109.27
CABBAGE,2011-05-16,43.67,114.29
CARROT,2011-05-16,99.0,155.5
LEEKS,2011-05-16,36.67,90.7
PUMPKIN,2011-05-16,17.25,65.54
SNAKE GOURD,2011-05-16,23.57,74.52
BRINJALS,2011-05-23,52.22,92.63
CABBAGE,2011-05-23,53.65,121.82
CARROT,2011-05-23,96.0,136.67
LEEKS,2011-05-23,30.5,81.97
PUMPKIN,2011-05-23,18.7,67.5
SNAKE GOURD,2011-05-23,32.0,76.57
BRINJALS,2011-05-30,25.91,85.0
CABBAGE,2011-05-30,45.0,108.29
CARROT,2011-05-30,56.0,127.8
LEEKS,2011-05-30,27.27,79.6
PUMPKIN,2011-05-30,18.6,61.37
SNAKE GOURD,2011-05-30,25.46,75.14
BRINJALS,2011-06-06,29.0,88.5
CABBAGE,2011-06-06,40.91,96.82
CARROT,2011-06-06,54.5,114.32
LEEKS,2011-06-06,30.0,80.91
PUMPKIN,2011-06-06,19.0,59.22
SNAKE GOURD,2011-06-06,23.5,73.64
BRINJALS,2011-06-13,33.0,75.58
CABBAGE,2011-06-13,35.0,89.23
CARROT,2011-06-13,55.0,96.74
LEEKS,2011-06-13,46.0,86.28
PUMPKIN,2011-06-13,17.4,55.81
SNAKE GOURD,2011-06-13,29.5,73.25
BRINJALS,2011-06-20,27.78,82.14
CABBAGE,2011-06-20,30.0,87.25
CARROT,2011-06-20,40.0,100.23
LEEKS,2011-06-20,36.93,83.64
PUMPKIN,2011-06-20,17.7,56.91
SNAKE GOURD,2011-06-20,29.0,72.86
BRINJALS,2011-06-27,25.0,76.74
CABBAGE,2011-06-27,25.5,80.65
CARROT,2011-06-27,45.0,102.35
LEEKS,2011-06-27,35.0,81.11
PUMPKIN,2011-06-27,18.0,58.07
SNAKE GOURD,2011-06-27,27.0,70.0
BRINJALS,2011-07-04,20.5,65.22
CABBAGE,2011-07-04,23.0,76.17
CARROT,2011-07-04,35.0,85.98
LEEKS,2011-07-04,27.5,74.68
PUMPKIN,2011-07-04,16.5,59.46
SNAKE GOURD,2011-07-04,23.5,71.06
BRINJALS,2011-07-11,15.5,65.33
CABBAGE,2011-07-11,23.5,70.63
CARROT,2011-07-11,33.0,78.8
LEEKS,2011-07-11,23.0,72.13
PUMPKIN,2011-07-11,16.55,53.33
SNAKE GOURD,2011-07-11,17.78,59.78
BRINJALS,2011-07-18,15.91,58.83
CABBAGE,2011-07-18,22.0,68.3
CARROT,2011-07-18,33.0,80.33
LEEKS,2011-07-18,22.68,66.81
PUMPKIN,2011-07-18,16.54,51.98
SNAKE GOURD,2011-07-18,20.5,59.02
BRINJALS,2011-07-25,12.5,53.44
CABBAGE,2011-07-25,18.0,63.04
CARROT,2011-07-25,32.5,72.98
LEEKS,2011-07-25,20.8,66.96
PUMPKIN,2011-07-25,16.7,50.54
SNAKE GOURD,2011-07-25,25.5,59.65
BRINJALS,2011-08-01,14.9,57.89
CABBAGE,2011-08-01,17.2,62.22
CARROT,2011-08-01,30.5,73.4
LEEKS,2011-08-01,15.0,58.91
PUMPKIN,2011-08-01,14.5,49.66
SNAKE GOURD,2011-08-01,22.5,60.0
BRINJALS,2011-08-08,20.8,63.59
CABBAGE,2011-08-08,18.45,62.39
CARROT,2011-08-08,39.0,84.06
LEEKS,2011-08-08,20.27,67.66
PUMPKIN,2011-08-08,15.0,52.0
SNAKE GOURD,2011-08-08,23.0,64.22
BRINJALS,2011-08-15,36.5,81.44
CABBAGE,2011-08-15,18.6,67.11
CARROT,2011-08-15,41.5,86.36
LEEKS,2011-08-15,17.8,64.65
PUMPKIN,2011-08-15,15.3,52.73
SNAKE GOURD,2011-08-15,23.0,66.19
BRINJALS,2011-08-22,37.0,82.44
CABBAGE,2011-08-22,17.7,64.89
CARROT,2011-08-22,37.0,80.89
LEEKS,2011-08-22,19.8,68.33
PUMPKIN,2011-08-22,19.5,55.36
SNAKE GOURD,2011-08-22,22.5,65.44
BRINJALS,2011-08-29,38.5,86.59
CABBAGE,2011-08-29,17.4,63.33
CARROT,2011-08-29,41.5,83.86
LEEKS,2011-08-29,16.5,67.09
PUMPKIN,2011-08-29,24.9,58.21
SNAKE GOURD,2011-08-29,22.5,66.36
BRINJALS,2011-09-05,53.0,94.03
CABBAGE,2011-09-05,17.0,62.14
CARROT,2011-09-05,57.63,94.31
LEEKS,2011-09-05,26.25,74.43
PUMPKIN,2011-09-05,25.4,62.35
SNAKE GOURD,2011-09-05,25.0,68.97
BRINJALS,2011-09-12,35.0,81.39
CABBAGE,2011-09-12,16.7,60.26
CARROT,2011-09-12,44.0,87.9
LEEKS,2011-09-12,16.7,63.42
PUMPKIN,2011-09-12,37.0,68.68
SNAKE GOURD,2011-09-12,30.0,71.11
BRINJALS,2011-09-19,31.0,75.81
CABBAGE,2011-09-19,14.4,58.47
CARROT,2011-09-19,40.0,84.67
LEEKS,2011-09-19,15.0,62.48
PUMPKIN,2011-09-19,39.5,76.0
SNAKE GOURD,2011-09-19,30.0,72.02
BRINJALS,2011-09-26,20.55,67.32
CABBAGE,2011-09-26,17.37,60.24
CARROT,2011-09-26,52.5,94.05
LEEKS,2011-09-26,14.4,61.88
PUMPKIN,2011-09-26,42.27,76.1
SNAKE GOURD,2011-09-26,34.5,73.08
BRINJALS,2011-10-03,18.0,64.05
CABBAGE,2011-10-03,20.2,62.38
CARROT,2011-10-03,59.44,101.84
LEEKS,2011-10-03,14.0,61.43
PUMPKIN,2011-10-03,37.0,75.77
SNAKE GOURD,2011-10-03,36.0,73.6
BRINJALS,2011-10-10,17.3,63.67
CABBAGE,2011-10-10,28.0,70.57
CARROT,2011-10-10,64.0,119.77
LEEKS,2011-10-10,19.8,66.3
PUMPKIN,2011-10-10,36.5,73.67
SNAKE GOURD,2011-10-10,37.28,76.63
BRINJALS,2011-10-17,15.5,62.33
CABBAGE,2011-10-17,20.8,67.33
CARROT,2011-10-17,52.0,94.32
LEEKS,2011-10-17,17.4,60.45
PUMPKIN,2011-10-17,37.5,74.0
SNAKE GOURD,2011-10-17,32.0,74.59
BRINJALS,2011-10-24,13.3,59.55
CABBAGE,2011-10-24,15.6,67.21
CARROT,2011-10-24,53.33,104.55
LEEKS,2011-10-24,16.3,58.88
PUMPKIN,2011-10-24,38.5,77.44
SNAKE GOURD,2011-10-24,33.0,75.81
BRINJALS,2011-10-31,17.5,71.16
CABBAGE,2011-10-31,15.1,65.35
CARROT,2011-10-31,45.91,104.52
LEEKS,2011-10-31,13.9,57.67
PUMPKIN,2011-10-31,37.0,75.48
SNAKE GOURD,2011-10-31,38.5,78.95
BRINJALS,2011-11-07,35.5,85.44
CABBAGE,2011-11-07,13.0,64.5
CARROT,2011-11-07,54.0,115.33
LEEKS,2011-11-07,11.5,57.33
PUMPKIN,2011-11-07,42.5,77.0
SNAKE GOURD,2011-11-07,52.5,90.89
BRINJALS,2011-11-14,57.0,112.13
CABBAGE,2011-11-14,23.6,86.38
CARROT,2011-11-14,82.5,150.22
LEEKS,2011-11-14,20.0,78.3
PUMPKIN,2011-11-14,46.25,88.19
SNAKE GOURD,2011-11-14,66.0,110.0
BRINJALS,2011-11-21,55.67,106.67
CABBAGE,2011-11-21,32.73,90.89
CARROT,2011-11-21,90.91,152.22
LEEKS,2011-11-21,29.09,80.89
PUMPKIN,2011-11-21,53.0,94.66
SNAKE GOURD,2011-11-21,66.82,113.95
BRINJALS,2011-11-28,33.33,88.37
CABBAGE,2011-11-28,42.73,97.5
CARROT,2011-11-28,89.09,143.02
LEEKS,2011-11-28,30.25,82.56
PUMPKIN,2011-11-28,62.27,98.81
SNAKE GOURD,2011-11-28,59.09,110.95
BRINJALS,2011-12-05,17.5,78.18
CABBAGE,2011-12-05,61.36,114.3
CARROT,2011-12-05,94.0,159.56
LEEKS,2011-12-05,31.5,85.35
PUMPKIN,2011-12-05,57.0,100.11
SNAKE GOURD,2011-12-05,65.5,120.0
BRINJALS,2011-12-12,17.5,76.11
CABBAGE,2011-12-12,86.0,146.84
CARROT,2011-12-12,134.0,184.78
LEEKS,2011-12-12,54.0,128.0
PUMPKIN,2011-12-12,58.67,105.24
SNAKE GOURD,2011-12-12,66.0,118.33
BRINJALS,2011-12-19,31.36,100.85
CABBAGE,2011-12-19,66.25,137.73
CARROT,2011-12-19,92.5,161.82
LEEKS,2011-12-19,45.0,108.57
PUMPKIN,2011-12-19,57.27,103.67
SNAKE GOURD,2011-12-19,60.0,115.67
BRINJALS,2011-12-26,60.0,110.0
CABBAGE,2011-12-26,52.5,124.0
CARROT,2011-12-26,101.0,179.55
LEEKS,2011-12-26,36.5,106.49
PUMPKIN,2011-12-26,49.5,100.0
SNAKE GOURD,2011-12-26,54.5,113.13
BRINJALS,2012-01-02,49.0,103.78
CABBAGE,2012-01-02,66.5,127.27
CARROT,2012-01-02,103.64,180.14
LEEKS,2012-01-02,49.0,112.56
PUMPKIN,2012-01-02,40.8,92.67
SNAKE GOURD,2012-01-02,54.5,115.23
BRINJALS,2012-01-09,42.0,99.74
CABBAGE,2012-01-09,66.5,119.05
CARROT,2012-01-09,70.5,138.54
LEEKS,2012-01-09,51.0,113.22
PUMPKIN,2012-01-09,32.0,90.65
SNAKE GOURD,2012-01-09,54.0,113.45
BRINJALS,2012-01-16,43.33,97.02
CABBAGE,2012-01-16,52.5,103.4
CARROT,2012-01-16,65.0,135.51
LEEKS,2012-01-16,47.5,102.65
PUMPKIN,2012-01-16,29.0,70.31
SNAKE GOURD,2012-01-16,52.5,91.91
BRINJALS,2012-01-23,43.1,90.71
CABBAGE,2012-01-23,41.0,96.0
CARROT,2012-01-23,62.73,112.25
LEEKS,2012-01-23,46.5,96.5
PUMPKIN,2012-01-23,29.54,76.5
SNAKE GOURD,2012-01-23,29.55,79.0
BRINJALS,2012-01-30,20.89,67.76
CABBAGE,2012-01-30,25.56,75.41
CARROT,2012-01-30,53.89,96.67
LEEKS,2012-01-30,53.5,90.24
PUMPKIN,2012-01-30,22.8,68.0
SNAKE GOURD,2012-01-30,23.75,70.79
BRINJALS,2012-02-06,10.8,53.98
CABBAGE,2012-02-06,21.5,68.13
CARROT,2012-02-06,49.54,89.38
LEEKS,2012-02-06,48.5,89.18
PUMPKIN,2012-02-06,22.0,63.23
SNAKE GOURD,2012-02-06,23.0,65.92
BRINJALS,2012-02-13,9.27,53.75
CABBAGE,2012-02-13,21.5,70.59
CARROT,2012-02-13,44.5,88.06
LEEKS,2012-02-13,48.6,92.57
PUMPKIN,2012-02-13,28.33,71.89
SNAKE GOURD,2012-02-13,20.0,64.5
BRINJALS,2012-02-20,8.85,53.38
CABBAGE,2012-02-20,14.17,63.46
CARROT,2012-02-20,46.25,89.07
LEEKS,2012-02-20,48.34,82.78
PUMPKIN,2012-02-20,28.09,70.14
SNAKE GOURD,2012-02-20,15.5,60.0
BRINJALS,2012-02-27,22.5,67.05
CABBAGE,2012-02-27,11.6,63.18
CARROT,2012-02-27,35.5,81.56
LEEKS,2012-02-27,48.5,88.22
PUMPKIN,2012-02-27,29.0,64.2
SNAKE GOURD,2012-02-27,19.5,71.43
BRINJALS,2012-03-05,22.5,67.05
CABBAGE,2012-03-05,11.6,63.18
CARROT,2012-03-05,35.5,81.56
LEEKS,2012-03-05,48.5,88.22
PUMPKIN,2012-03-05,29.0,64.2
SNAKE GOURD,2012-03-05,19.5,71.43
BRINJALS,2012-03-12,48.0,80.0
CABBAGE,2012-03-12,17.0,64.25
CARROT,2012-03-12,35.91,82.03
LEEKS,2012-03-12,51.82,92.67
PUMPKIN,2012-03-12,27.0,63.37
SNAKE GOURD,2012-03-12,26.5,72.0
BRINJALS,2012-03-19,38.0,77.39
CABBAGE,2012-03-19,16.65,63.125
CARROT,2012-03-19,38.455,79.46000000000001
LEEKS,2012-03-19,52.16,92.445
PUMPKIN,2012-03-19,21.75,61.02
SNAKE GOURD,2012-03-19,27.5,71.33500000000001
BRINJALS,2012-03-26,28.0,74.78
CABBAGE,2012-03-26,16.3,62.0
CARROT,2012-03-26,41.0,76.89
LEEKS,2012-03-26,52.5,92.22
PUMPKIN,2012-03-26,16.5,58.67
SNAKE GOURD,2012-03-26,28.5,70.67
BRINJALS,2012-04-02,24.0,65.56
CABBAGE,2012-04-02,13.64,56.78
CARROT,2012-04-02,36.5,74.67
LEEKS,2012-04-02,55.0,96.36
PUMPKIN,2012-04-02,16.2,55.89
SNAKE GOURD,2012-04-02,24.0,69.53
BRINJALS,2012-04-09,43.5,85.81
CABBAGE,2012-04-09,12.0,57.89
CARROT,2012-04-09,31.0,72.89
LEEKS,2012-04-09,52.5,98.67
PUMPKIN,2012-04-09,17.5,56.56
SNAKE GOURD,2012-04-09,31.5,69.76
BRINJALS,2012-04-16,45.0,91.11
CABBAGE,2012-04-16,16.0,68.57
CARROT,2012-04-16,42.0,87.78
LEEKS,2012-04-16,76.0,106.29
PUMPKIN,2012-04-16,17.0,61.67
SNAKE GOURD,2012-04-16,31.0,76.47
BRINJALS,2012-04-23,21.5,74.0
CABBAGE,2012-04-23,12.7,62.67
CARROT,2012-04-23,27.5,79.78
LEEKS,2012-04-23,53.0,104.22
PUMPKIN,2012-04-23,19.9,60.78
SNAKE GOURD,2012-04-23,39.0,77.47
BRINJALS,2012-04-30,44.0,88.14
CABBAGE,2012-04-30,13.0,70.45
CARROT,2012-04-30,29.0,80.68
LEEKS,2012-04-30,74.0,120.23
PUMPKIN,2012-04-30,20.0,57.79
SNAKE GOURD,2012-04-30,64.0,93.49
BRINJALS,2012-05-07,60.0,112.67
CABBAGE,2012-05-07,20.0,78.0
CARROT,2012-05-07,42.0,105.11
LEEKS,2012-05-07,108.89,154.22
PUMPKIN,2012-05-07,22.0,69.33
SNAKE GOURD,2012-05-07,60.0,92.5
BRINJALS,2012-05-14,64.0,115.33
CABBAGE,2012-05-14,20.6,80.0
CARROT,2012-05-14,44.0,107.5
LEEKS,2012-05-14,120.0,163.11
PUMPKIN,2012-05-14,23.4,72.5
SNAKE GOURD,2012-05-14,60.5,113.11
BRINJALS,2012-05-21,60.0,106.89
CABBAGE,2012-05-21,25.5,81.11
CARROT,2012-05-21,71.36,108.67
LEEKS,2012-05-21,127.0,168.64
PUMPKIN,2012-05-21,26.5,64.56
SNAKE GOURD,2012-05-21,55.45,110.22
BRINJALS,2012-05-28,36.5,95.78
CABBAGE,2012-05-28,29.55,90.22
CARROT,2012-05-28,61.36,114.67
LEEKS,2012-05-28,97.73,171.33
PUMPKIN,2012-05-28,25.56,75.11
SNAKE GOURD,2012-05-28,51.0,103.44
BRINJALS,2012-06-04,43.33,125.33
CABBAGE,2012-06-04,31.67,121.33
CARROT,2012-06-04,65.83,120.69
LEEKS,2012-06-04,111.67,176.55
PUMPKIN,2012-06-04,34.17,92.33
SNAKE GOURD,2012-06-04,66.67,111.6
BRINJALS,2012-06-11,37.5,98.22
CABBAGE,2012-06-11,43.0,123.5
CARROT,2012-06-11,131.67,150.0
LEEKS,2012-06-11,115.0,180.5
PUMPKIN,2012-06-11,58.33,95.75
SNAKE GOURD,2012-06-11,64.0,108.5
BRINJALS,2012-06-18,47.5,100.23
CABBAGE,2012-06-18,38.0,98.86
CARROT,2012-06-18,116.0,149.0
LEEKS,2012-06-18,116.0,181.0
PUMPKIN,2012-06-18,55.0,95.0
SNAKE GOURD,2012-06-18,63.33,106.5
BRINJALS,2012-06-25,45.0,99.68
CABBAGE,2012-06-25,48.18,99.0
CARROT,2012-06-25,85.56,148.67
LEEKS,2012-06-25,108.89,173.11
PUMPKIN,2012-06-25,78.5,93.5
SNAKE GOURD,2012-06-25,65.0,114.0
BRINJALS,2012-07-02,44.55,97.5
CABBAGE,2012-07-02,39.5,97.5
CARROT,2012-07-02,104.17,150.55
LEEKS,2012-07-02,113.34,175.27
PUMPKIN,2012-07-02,61.5,91.75
SNAKE GOURD,2012-07-02,62.73,112.6
BRINJALS,2012-07-09,37.0,96.65
CABBAGE,2012-07-09,33.0,92.44
CARROT,2012-07-09,86.0,140.73
LEEKS,2012-07-09,88.0,149.76
PUMPKIN,2012-07-09,53.0,90.0
SNAKE GOURD,2012-07-09,51.0,103.9
BRINJALS,2012-07-16,36.0,97.08
CABBAGE,2012-07-16,26.82,82.17
CARROT,2012-07-16,76.37,118.22
LEEKS,2012-07-16,68.18,126.52
PUMPKIN,2012-07-16,45.0,96.81
SNAKE GOURD,2012-07-16,51.82,93.04
BRINJALS,2012-07-23,49.09,95.0
CABBAGE,2012-07-23,31.37,96.82
CARROT,2012-07-23,85.83,138.22
LEEKS,2012-07-23,82.92,145.91
PUMPKIN,2012-07-23,48.33,97.78
SNAKE GOURD,2012-07-23,44.44,98.41
BRINJALS,2012-07-30,53.18,94.77
CABBAGE,2012-07-30,50.45,95.68
CARROT,2012-07-30,114.54,148.41
LEEKS,2012-07-30,96.36,150.75
PUMPKIN,2012-07-30,46.82,88.6
SNAKE GOURD,2012-07-30,45.5,94.42
BRINJALS,2012-08-06,52.73,103.57
CABBAGE,2012-08-06,54.59,103.33
CARROT,2012-08-06,111.82,164.52
LEEKS,2012-08-06,82.0,139.5
PUMPKIN,2012-08-06,49.55,88.29
SNAKE GOURD,2012-08-06,45.0,96.59
BRINJALS,2012-08-13,44.55,99.3
CABBAGE,2012-08-13,54.0,97.67
CARROT,2012-08-13,83.63,147.94
LEEKS,2012-08-13,59.0,132.33
PUMPKIN,2012-08-13,44.55,80.44
SNAKE GOURD,2012-08-13,34.0,92.79
BRINJALS,2012-08-20,57.0,99.78
CABBAGE,2012-08-20,54.0,97.67
CARROT,2012-08-20,83.0,139.77
LEEKS,2012-08-20,67.0,134.67
PUMPKIN,2012-08-20,48.5,86.28
SNAKE GOURD,2012-08-20,37.5,94.0
BRINJALS,2012-08-27,44.5,100.51
CABBAGE,2012-08-27,41.5,98.46
CARROT,2012-08-27,80.67,135.15
LEEKS,2012-08-27,66.0,125.64
PUMPKIN,2012-08-27,40.91,86.15
SNAKE GOURD,2012-08-27,34.5,92.5
BRINJALS,2012-09-03,46.25,105.0
CABBAGE,2012-09-03,39.55,89.77
CARROT,2012-09-03,85.5,136.22
LEEKS,2012-09-03,64.17,117.44
PUMPKIN,2012-09-03,37.73,82.16
SNAKE GOURD,2012-09-03,39.17,93.86
BRINJALS,2012-09-10,48.5,105.67
CABBAGE,2012-09-10,36.0,91.48
CARROT,2012-09-10,71.82,116.59
LEEKS,2012-09-10,56.82,113.78
PUMPKIN,2012-09-10,36.36,80.88
SNAKE GOURD,2012-09-10,38.33,89.52
BRINJALS,2012-09-17,57.0,107.73
CABBAGE,2012-09-17,34.0,93.64
CARROT,2012-09-17,64.0,115.0
LEEKS,2012-09-17,55.0,111.14
PUMPKIN,2012-09-17,37.5,85.95
SNAKE GOURD,2012-09-17,42.5,91.36
BRINJALS,2012-09-24,65.91,114.39
CABBAGE,2012-09-24,41.89,94.25
CARROT,2012-09-24,73.5,124.25
LEEKS,2012-09-24,51.0,110.0
PUMPKIN,2012-09-24,40.0,86.55
SNAKE GOURD,2012-09-24,41.11,89.29
BRINJALS,2012-10-01,73.18,119.51
CABBAGE,2012-10-01,45.42,103.75
CARROT,2012-10-01,78.0,126.86
LEEKS,2012-10-01,55.0,108.0
PUMPKIN,2012-10-01,42.5,82.36
SNAKE GOURD,2012-10-01,51.0,98.42
BRINJALS,2012-10-08,66.0,118.41
CABBAGE,2012-10-08,57.0,110.22
CARROT,2012-10-08,74.0,135.11
LEEKS,2012-10-08,56.0,118.18
PUMPKIN,2012-10-08,42.0,81.19
SNAKE GOURD,2012-10-08,65.0,102.05
BRINJALS,2012-10-15,64.0,116.83
CABBAGE,2012-10-15,54.44,106.83
CARROT,2012-10-15,79.0,138.72
LEEKS,2012-10-15,58.5,115.25
PUMPKIN,2012-10-15,38.5,78.57
SNAKE GOURD,2012-10-15,59.0,95.29
BRINJALS,2012-10-22,58.89,112.22
CABBAGE,2012-10-22,50.56,107.78
CARROT,2012-10-22,91.11,148.64
LEEKS,2012-10-22,43.89,113.78
PUMPKIN,2012-10-22,40.56,82.68
SNAKE GOURD,2012-10-22,54.44,99.74
BRINJALS,2012-10-29,75.0,122.89
CABBAGE,2012-10-29,60.0,116.22
CARROT,2012-10-29,133.75,187.14
LEEKS,2012-10-29,56.25,117.95
PUMPKIN,2012-10-29,43.75,84.6
SNAKE GOURD,2012-10-29,70.0,118.86
BRINJALS,2012-11-05,103.75,141.67
CABBAGE,2012-11-05,65.0,130.0
CARROT,2012-11-05,155.56,197.87
LEEKS,2012-11-05,39.38,116.59
PUMPKIN,2012-11-05,46.88,94.62
SNAKE GOURD,2012-11-05,80.0,128.25
BRINJALS,2012-11-12,110.0,167.29
CABBAGE,2012-11-12,81.25,142.14
CARROT,2012-11-12,167.5,218.37
LEEKS,2012-11-12,55.63,122.38
PUMPKIN,2012-11-12,56.25,107.95
SNAKE GOURD,2012-11-12,91.25,138.75
BRINJALS,2012-11-19,101.25,166.43
CABBAGE,2012-11-19,67.5,149.52
CARROT,2012-11-19,178.75,222.75
LEEKS,2012-11-19,56.25,134.0
PUMPKIN,2012-11-19,61.88,111.25
SNAKE GOURD,2012-11-19,85.0,139.86
BRINJALS,2012-11-26,90.0,145.12
CABBAGE,2012-11-26,83.75,151.09
CARROT,2012-11-26,188.75,230.57
LEEKS,2012-11-26,55.0,122.22
PUMPKIN,2012-11-26,46.25,102.38
SNAKE GOURD,2012-11-26,60.0,125.37
BRINJALS,2012-12-03,75.0,124.62
CABBAGE,2012-12-03,72.5,138.33
CARROT,2012-12-03,161.25,205.0
LEEKS,2012-12-03,66.25,137.69
PUMPKIN,2012-12-03,41.88,85.53
SNAKE GOURD,2012-12-03,50.0,96.92
BRINJALS,2012-12-10,52.5,107.14
CABBAGE,2012-12-10,53.75,126.43
CARROT,2012-12-10,143.75,188.33
LEEKS,2012-12-10,65.0,130.47
PUMPKIN,2012-12-10,22.22,78.67
SNAKE GOURD,2012-12-10,36.25,88.33
BRINJALS,2012-12-17,48.13,104.89
CABBAGE,2012-12-17,51.25,114.29
CARROT,2012-12-17,145.87,190.67
LEEKS,2012-12-17,88.75,135.0
PUMPKIN,2012-12-17,22.5,71.84
SNAKE GOURD,2012-12-17,33.13,81.62
BRINJALS,2012-12-24,59.38,117.73
CABBAGE,2012-12-24,49.85,113.08
CARROT,2012-12-24,113.75,184.86
LEEKS,2012-12-24,66.25,132.33
PUMPKIN,2012-12-24,21.75,68.8
SNAKE GOURD,2012-12-24,44.38,89.75
BRINJALS,2012-12-31,92.0,151.79
CABBAGE,2012-12-31,50.0,115.0
CARROT,2012-12-31,115.0,173.66
LEEKS,2012-12-31,65.0,133.08
PUMPKIN,2012-12-31,22.5,74.59
SNAKE GOURD,2012-12-31,35.0,79.67
BRINJALS,2013-01-07,140.0,213.53
CABBAGE,2013-01-07,50.0,115.25
CARROT,2013-01-07,128.75,188.16
LEEKS,2013-01-07,86.43,154.36
PUMPKIN,2013-01-07,21.88,68.69
SNAKE GOURD,2013-01-07,76.25,130.0
BRINJALS,2013-01-14,173.75,221.65
CABBAGE,2013-01-14,67.5,130.51
CARROT,2013-01-14,150.0,209.23
LEEKS,2013-01-14,93.75,164.19
PUMPKIN,2013-01-14,26.25,76.41
SNAKE GOURD,2013-01-14,115.0,144.72
BRINJALS,2013-01-21,130.0,195.14
CABBAGE,2013-01-21,58.13,127.57
CARROT,2013-01-21,125.0,191.95
LEEKS,2013-01-21,92.0,161.58
PUMPKIN,2013-01-21,31.88,77.7
SNAKE GOURD,2013-01-21,85.0,144.24
BRINJALS,2013-01-28,96.25,137.07
CABBAGE,2013-01-28,55.0,119.05
CARROT,2013-01-28,135.0,195.21
LEEKS,2013-01-28,70.0,135.23
PUMPKIN,2013-01-28,30.0,74.63
SNAKE GOURD,2013-01-28,70.0,129.5
BRINJALS,2013-02-04,40.0,89.0
CABBAGE,2013-02-04,47.5,100.24
CARROT,2013-02-04,108.75,164.72
LEEKS,2013-02-04,68.0,131.75
PUMPKIN,2013-02-04,22.5,70.0
SNAKE GOURD,2013-02-04,45.0,97.75
BRINJALS,2013-02-11,23.75,79.32
CABBAGE,2013-02-11,43.75,105.6
CARROT,2013-02-11,100.0,161.46
LEEKS,2013-02-11,70.0,133.6
PUMPKIN,2013-02-11,22.5,70.64
SNAKE GOURD,2013-02-11,48.75,103.24
BRINJALS,2013-02-18,27.5,85.0
CABBAGE,2013-02-18,37.5,100.5
CARROT,2013-02-18,118.75,167.18
LEEKS,2013-02-18,60.0,119.21
PUMPKIN,2013-02-18,28.13,83.68
SNAKE GOURD,2013-02-18,55.0,110.88
BRINJALS,2013-02-25,46.5,95.45
CABBAGE,2013-02-25,53.89,110.49
CARROT,2013-02-25,116.0,164.39
LEEKS,2013-02-25,71.0,125.13
PUMPKIN,2013-02-25,52.0,90.77
SNAKE GOURD,2013-02-25,65.0,115.0
BRINJALS,2013-03-04,56.25,110.86
CABBAGE,2013-03-04,55.78,111.67
CARROT,2013-03-04,78.75,150.56
LEEKS,2013-03-04,55.0,114.29
PUMPKIN,2013-03-04,62.5,106.21
SNAKE GOURD,2013-03-04,55.0,110.0
BRINJALS,2013-03-11,51.0,109.11
CABBAGE,2013-03-11,43.0,99.54
CARROT,2013-03-11,67.0,133.18
LEEKS,2013-03-11,60.0,119.51
PUMPKIN,2013-03-11,69.0,106.81
SNAKE GOURD,2013-03-11,38.0,101.71
BRINJALS,2013-03-18,28.13,89.59
CABBAGE,2013-03-18,41.0,98.21
CARROT,2013-03-18,57.5,120.24
LEEKS,2013-03-18,57.5,111.46
PUMPKIN,2013-03-18,51.88,84.55
SNAKE GOURD,2013-03-18,37.0,100.0
BRINJALS,2013-03-25,26.88,75.26
CABBAGE,2013-03-25,50.0,99.49
CARROT,2013-03-25,86.25,120.77
LEEKS,2013-03-25,60.63,111.95
PUMPKIN,2013-03-25,35.0,77.43
SNAKE GOURD,2013-03-25,35.0,82.35
BRINJALS,2013-04-01,34.38,78.72
CABBAGE,2013-04-01,50.0,93.78
CARROT,2013-04-01,80.0,124.24
LEEKS,2013-04-01,60.0,111.51
PUMPKIN,2013-04-01,30.0,81.29
SNAKE GOURD,2013-04-01,25.0,74.17
BRINJALS,2013-04-08,33.13,76.645
CABBAGE,2013-04-08,53.44,100.17
CARROT,2013-04-08,95.0,132.435
LEEKS,2013-04-08,65.0,111.785
PUMPKIN,2013-04-08,28.75,76.2
SNAKE GOURD,2013-04-08,24.375,77.775
BRINJALS,2013-04-15,31.88,74.57
CABBAGE,2013-04-15,56.88,106.56
CARROT,2013-04-15,110.0,140.63
LEEKS,2013-04-15,70.0,112.06
PUMPKIN,2013-04-15,27.5,71.11
SNAKE GOURD,2013-04-15,23.75,81.38
BRINJALS,2013-04-22,19.38,70.11
CABBAGE,2013-04-22,38.75,102.0
CARROT,2013-04-22,85.0,135.48
LEEKS,2013-04-22,65.0,110.71
PUMPKIN,2013-04-22,26.88,69.52
SNAKE GOURD,2013-04-22,23.0,77.24
BRINJALS,2013-04-29,22.5,86.11
CABBAGE,2013-04-29,35.0,99.85
CARROT,2013-04-29,86.33,138.65
LEEKS,2013-04-29,75.0,133.55
PUMPKIN,2013-04-29,27.5,78.94
SNAKE GOURD,2013-04-29,31.25,88.71
BRINJALS,2013-05-06,27.78,87.57
CABBAGE,2013-05-06,50.0,104.75
CARROT,2013-05-06,91.11,143.0
LEEKS,2013-05-06,91.11,143.33
PUMPKIN,2013-05-06,25.0,74.31
SNAKE GOURD,2013-05-06,51.11,89.41
BRINJALS,2013-05-13,35.5,85.0
CABBAGE,2013-05-13,51.0,106.35
CARROT,2013-05-13,90.0,142.0
LEEKS,2013-05-13,86.0,138.48
PUMPKIN,2013-05-13,25.0,76.75
SNAKE GOURD,2013-05-13,52.5,100.49
BRINJALS,2013-05-20,46.0,107.14
CABBAGE,2013-05-20,65.0,126.59
CARROT,2013-05-20,130.0,176.51
LEEKS,2013-05-20,100.0,152.13
PUMPKIN,2013-05-20,22.0,74.44
SNAKE GOURD,2013-05-20,49.0,95.81
BRINJALS,2013-05-27,52.0,118.41
CABBAGE,2013-05-27,66.0,132.93
CARROT,2013-05-27,119.0,183.86
LEEKS,2013-05-27,94.0,154.77
PUMPKIN,2013-05-27,28.0,78.05
SNAKE GOURD,2013-05-27,47.0,100.7
BRINJALS,2013-06-03,45.0,109.2
CABBAGE,2013-06-03,62.0,120.0
CARROT,2013-06-03,115.0,174.65
LEEKS,2013-06-03,93.33,145.43
PUMPKIN,2013-06-03,31.6,79.85
SNAKE GOURD,2013-06-03,44.0,99.36
BRINJALS,2013-06-10,30.91,100.67
CABBAGE,2013-06-10,67.27,132.56
CARROT,2013-06-10,112.45,164.19
LEEKS,2013-06-10,110.91,153.11
PUMPKIN,2013-06-10,40.91,82.79
SNAKE GOURD,2013-06-10,50.5,100.64
BRINJALS,2013-06-17,34.0,100.67
CABBAGE,2013-06-17,70.0,132.56
CARROT,2013-06-17,121.0,164.19
LEEKS,2013-06-17,101.0,153.11
PUMPKIN,2013-06-17,37.5,82.79
SNAKE GOURD,2013-06-17,61.0,100.64
BRINJALS,2013-06-24,25.0,80.44
CABBAGE,2013-06-24,75.0,135.81
CARROT,2013-06-24,104.29,162.04
LEEKS,2013-06-24,85.0,139.75
PUMPKIN,2013-06-24,33.57,79.89
SNAKE GOURD,2013-06-24,47.14,98.1
BRINJALS,2013-07-01,16.5,76.4
CABBAGE,2013-07-01,55.0,132.22
CARROT,2013-07-01,102.67,158.14
LEEKS,2013-07-01,89.0,143.48
PUMPKIN,2013-07-01,30.0,78.56
SNAKE GOURD,2013-07-01,43.0,98.0
BRINJALS,2013-07-08,25.0,77.65
CABBAGE,2013-07-08,64.0,136.51
CARROT,2013-07-08,150.0,190.89
LEEKS,2013-07-08,66.0,139.57
PUMPKIN,2013-07-08,25.0,77.61
SNAKE GOURD,2013-07-08,33.0,97.33
BRINJALS,2013-07-15,18.0,76.96
CABBAGE,2013-07-15,74.0,136.82
CARROT,2013-07-15,136.0,179.35
LEEKS,2013-07-15,74.0,140.74
PUMPKIN,2013-07-15,18.0,73.89
SNAKE GOURD,2013-07-15,44.0,98.65
BRINJALS,2013-07-22,24.0,82.45
CABBAGE,2013-07-22,66.0,134.09
CARROT,2013-07-22,98.0,162.83
LEEKS,2013-07-22,70.0,127.02
PUMPKIN,2013-07-22,17.5,70.83
SNAKE GOURD,2013-07-22,38.0,98.44
BRINJALS,2013-07-29,36.5,90.22
CABBAGE,2013-07-29,64.0,128.89
CARROT,2013-07-29,93.33,158.75
LEEKS,2013-07-29,74.5,128.08
PUMPKIN,2013-07-29,21.0,73.5
SNAKE GOURD,2013-07-29,43.0,99.44
BRINJALS,2013-08-05,38.0,98.22
CABBAGE,2013-08-05,58.0,122.13
CARROT,2013-08-05,90.0,155.0
LEEKS,2013-08-05,74.0,133.7
PUMPKIN,2013-08-05,22.4,71.82
SNAKE GOURD,2013-08-05,56.0,94.58
BRINJALS,2013-08-12,44.0,100.74
CABBAGE,2013-08-12,59.0,119.11
CARROT,2013-08-12,83.0,138.4
LEEKS,2013-08-12,60.0,122.77
PUMPKIN,2013-08-12,22.0,69.85
SNAKE GOURD,2013-08-12,45.5,90.11
BRINJALS,2013-08-19,40.0,99.13
CABBAGE,2013-08-19,53.0,107.45
CARROT,2013-08-19,68.0,125.11
LEEKS,2013-08-19,55.0,114.79
PUMPKIN,2013-08-19,31.0,76.55
SNAKE GOURD,2013-08-19,43.0,97.11
BRINJALS,2013-08-26,28.5,84.67
CABBAGE,2013-08-26,37.5,103.64
CARROT,2013-08-26,57.0,108.26
LEEKS,2013-08-26,46.0,105.78
PUMPKIN,2013-08-26,29.4,74.19
SNAKE GOURD,2013-08-26,38.5,85.24
BRINJALS,2013-09-02,28.0,81.2
CABBAGE,2013-09-02,33.0,101.63
CARROT,2013-09-02,52.0,100.21
LEEKS,2013-09-02,50.5,106.49
PUMPKIN,2013-09-02,30.0,76.98
SNAKE GOURD,2013-09-02,33.5,83.02
BRINJALS,2013-09-09,22.5,77.5
CABBAGE,2013-09-09,26.0,87.21
CARROT,2013-09-09,45.5,99.55
LEEKS,2013-09-09,44.0,99.78
PUMPKIN,2013-09-09,26.0,75.65
SNAKE GOURD,2013-09-09,29.5,82.95
BRINJALS,2013-09-16,24.5,81.14
CABBAGE,2013-09-16,29.5,91.86
CARROT,2013-09-16,53.89,104.9
LEEKS,2013-09-16,43.65,98.37
PUMPKIN,2013-09-16,25.0,75.36
SNAKE GOURD,2013-09-16,40.0,89.77
BRINJALS,2013-09-23,27.0,86.36
CABBAGE,2013-09-23,27.0,86.98
CARROT,2013-09-23,46.0,108.6
LEEKS,2013-09-23,45.0,99.77
PUMPKIN,2013-09-23,23.0,73.45
SNAKE GOURD,2013-09-23,44.0,92.5
BRINJALS,2013-09-30,30.0,91.63
CABBAGE,2013-09-30,26.5,82.05
CARROT,2013-09-30,44.5,95.71
LEEKS,2013-09-30,42.5,91.82
PUMPKIN,2013-09-30,23.01,70.23
SNAKE GOURD,2013-09-30,39.0,80.76
BRINJALS,2013-10-07,45.5,97.5
CABBAGE,2013-10-07,20.5,80.33
CARROT,2013-10-07,46.5,100.89
LEEKS,2013-10-07,43.0,94.22
PUMPKIN,2013-10-07,22.0,70.0
SNAKE GOURD,2013-10-07,35.0,79.63
BRINJALS,2013-10-14,25.5,87.62
CABBAGE,2013-10-14,18.5,78.81
CARROT,2013-10-14,43.5,96.09
LEEKS,2013-10-14,38.0,93.77
PUMPKIN,2013-10-14,21.7,68.68
SNAKE GOURD,2013-10-14,33.5,78.62
BRINJALS,2013-10-21,23.5,87.11
CABBAGE,2013-10-21,16.5,77.44
CARROT,2013-10-21,44.0,101.3
LEEKS,2013-10-21,39.44,99.78
PUMPKIN,2013-10-21,22.2,72.38
SNAKE GOURD,2013-10-21,34.0,85.58
BRINJALS,2013-10-28,28.29,81.9
CABBAGE,2013-10-28,15.71,73.49
CARROT,2013-10-28,44.29,104.77
LEEKS,2013-10-28,42.86,101.71
PUMPKIN,2013-10-28,27.86,74.39
SNAKE GOURD,2013-10-28,32.86,83.78
BRINJALS,2013-11-04,23.0,80.0
CABBAGE,2013-11-04,14.0,71.07
CARROT,2013-11-04,40.5,101.96
LEEKS,2013-11-04,38.0,90.24
PUMPKIN,2013-11-04,25.0,73.0
SNAKE GOURD,2013-11-04,34.0,90.0
BRINJALS,2013-11-11,24.0,84.67
CABBAGE,2013-11-11,21.0,75.0
CARROT,2013-11-11,45.0,105.0
LEEKS,2013-11-11,42.5,104.67
PUMPKIN,2013-11-11,32.0,76.19
SNAKE GOURD,2013-11-11,32.0,88.46
BRINJALS,2013-11-18,23.65,83.04
CABBAGE,2013-11-18,11.36,72.05
CARROT,2013-11-18,42.27,97.23
LEEKS,2013-11-18,36.5,95.0
PUMPKIN,2013-11-18,31.67,70.55
SNAKE GOURD,2013-11-18,38.5,95.65
BRINJALS,2013-11-25,19.0,81.86
CABBAGE,2013-11-25,14.0,73.67
CARROT,2013-11-25,47.0,107.23
LEEKS,2013-11-25,38.0,99.35
PUMPKIN,2013-11-25,32.33,71.7
SNAKE GOURD,2013-11-25,30.5,87.67
BRINJALS,2013-12-02,17.5,79.79
CABBAGE,2013-12-02,10.6,71.06
CARROT,2013-12-02,50.0,108.21
LEEKS,2013-12-02,35.0,91.09
PUMPKIN,2013-12-02,20.6,69.56
SNAKE GOURD,2013-12-02,25.0,79.78
BRINJALS,2013-12-09,23.57,73.78
CABBAGE,2013-12-09,17.0,74.27
CARROT,2013-12-09,46.0,101.87
LEEKS,2013-12-09,42.5,93.96
PUMPKIN,2013-12-09,19.0,67.22
SNAKE GOURD,2013-12-09,32.0,86.12
BRINJALS,2013-12-16,24.5,90.64
CABBAGE,2013-12-16,13.0,70.43
CARROT,2013-12-16,45.0,98.11
LEEKS,2013-12-16,37.0,91.0
PUMPKIN,2013-12-16,18.7,70.4
SNAKE GOURD,2013-12-16,32.0,82.17
BRINJALS,2013-12-23,64.0,109.3
CABBAGE,2013-12-23,17.0,72.09
CARROT,2013-12-23,62.0,123.91
LEEKS,2013-12-23,38.0,102.79
PUMPKIN,2013-12-23,17.6,67.56
SNAKE GOURD,2013-12-23,35.0,83.72
BRINJALS,2013-12-30,40.45,98.02
CABBAGE,2013-12-30,16.18,70.67
CARROT,2013-12-30,73.18,125.33
LEEKS,2013-12-30,49.09,105.7
PUMPKIN,2013-12-30,25.0,71.19
SNAKE GOURD,2013-12-30,30.0,82.0
BRINJALS,2014-01-06,62.14,99.5
CABBAGE,2014-01-06,18.0,79.33
CARROT,2014-01-06,68.75,113.86
LEEKS,2014-01-06,52.86,106.33
PUMPKIN,2014-01-06,23.14,70.33
SNAKE GOURD,2014-01-06,30.0,86.19
BRINJALS,2014-01-13,50.5,97.62
CABBAGE,2014-01-13,14.11,71.28
CARROT,2014-01-13,42.5,106.9
LEEKS,2014-01-13,41.5,96.34
PUMPKIN,2014-01-13,17.3,64.4
SNAKE GOURD,2014-01-13,33.33,82.25
BRINJALS,2014-01-20,44.44,90.47
CABBAGE,2014-01-20,15.89,74.63
CARROT,2014-01-20,51.0,107.94
LEEKS,2014-01-20,42.5,98.29
PUMPKIN,2014-01-20,15.2,63.14
SNAKE GOURD,2014-01-20,45.0,83.67
BRINJALS,2014-01-27,37.0,83.78
CABBAGE,2014-01-27,14.3,72.27
CARROT,2014-01-27,48.67,98.64
LEEKS,2014-01-27,40.56,95.23
PUMPKIN,2014-01-27,17.8,69.89
SNAKE GOURD,2014-01-27,39.5,82.5
BRINJALS,2014-02-03,37.63,96.5
CABBAGE,2014-02-03,14.0,68.69
CARROT,2014-02-03,55.91,107.07
LEEKS,2014-02-03,47.27,96.05
PUMPKIN,2014-02-03,15.4,63.14
SNAKE GOURD,2014-02-03,40.35,93.49
BRINJALS,2014-02-10,35.5,96.34
CABBAGE,2014-02-10,26.0,75.58
CARROT,2014-02-10,66.0,112.62
LEEKS,2014-02-10,49.0,101.63
PUMPKIN,2014-02-10,17.6,69.05
SNAKE GOURD,2014-02-10,42.73,97.38
BRINJALS,2014-02-17,27.0,83.26
CABBAGE,2014-02-17,19.3,70.24
CARROT,2014-02-17,50.5,107.38
LEEKS,2014-02-17,42.0,97.21
PUMPKIN,2014-02-17,21.18,72.91
SNAKE GOURD,2014-02-17,42.5,87.07
BRINJALS,2014-02-24,22.0,69.29
CABBAGE,2014-02-24,17.64,69.07
CARROT,2014-02-24,55.5,108.4
LEEKS,2014-02-24,38.18,90.24
PUMPKIN,2014-02-24,15.9,68.57
SNAKE GOURD,2014-02-24,35.46,82.77
BRINJALS,2014-03-03,18.42,68.85
CABBAGE,2014-03-03,15.18,68.9
CARROT,2014-03-03,45.0,107.95
LEEKS,2014-03-03,28.18,88.48
PUMPKIN,2014-03-03,29.5,72.79
SNAKE GOURD,2014-03-03,25.0,75.85
BRINJALS,2014-03-10,35.42,82.04
CABBAGE,2014-03-10,17.6,69.51
CARROT,2014-03-10,41.5,103.19
LEEKS,2014-03-10,29.44,90.51
PUMPKIN,2014-03-10,26.36,70.85
SNAKE GOURD,2014-03-10,28.75,90.0
BRINJALS,2014-03-17,33.63,81.6
CABBAGE,2014-03-17,15.42,67.91
CARROT,2014-03-17,48.33,104.67
LEEKS,2014-03-17,26.5,77.86
PUMPKIN,2014-03-17,25.45,66.63
SNAKE GOURD,2014-03-17,35.84,91.33
BRINJALS,2014-03-24,50.0,104.63
CABBAGE,2014-03-24,23.64,78.05
CARROT,2014-03-24,66.36,118.5
LEEKS,2014-03-24,41.7,90.0
PUMPKIN,2014-03-24,25.5,69.3
SNAKE GOURD,2014-03-24,36.25,92.09
BRINJALS,2014-03-31,58.18,108.0
CABBAGE,2014-03-31,17.3,74.88
CARROT,2014-03-31,51.5,99.21
LEEKS,2014-03-31,32.0,84.1
PUMPKIN,2014-03-31,25.45,65.48
SNAKE GOURD,2014-03-31,37.0,100.71
BRINJALS,2014-04-07,25.0,90.71
CABBAGE,2014-04-07,17.0,72.55
CARROT,2014-04-07,65.0,113.02
LEEKS,2014-04-07,29.0,83.25
PUMPKIN,2014-04-07,33.33,74.42
SNAKE GOURD,2014-04-07,35.0,98.35
BRINJALS,2014-04-14,25.0,90.71
CABBAGE,2014-04-14,17.0,72.55
CARROT,2014-04-14,65.0,113.02
LEEKS,2014-04-14,29.0,83.25
PUMPKIN,2014-04-14,33.33,74.42
SNAKE GOURD,2014-04-14,35.0,98.35
BRINJALS,2014-04-21,29.59,92.14
CABBAGE,2014-04-21,16.63,70.46
CARROT,2014-04-21,53.5,110.41
LEEKS,2014-04-21,30.0,88.78
PUMPKIN,2014-04-21,26.3,70.7
SNAKE GOURD,2014-04-21,70.83,116.1
BRINJALS,2014-04-28,22.14,90.5
CABBAGE,2014-04-28,11.29,68.5
CARROT,2014-04-28,48.57,108.5
LEEKS,2014-04-28,25.71,81.95
PUMPKIN,2014-04-28,26.43,82.68
SNAKE GOURD,2014-04-28,71.0,124.86
BRINJALS,2014-05-05,47.73,109.51
CABBAGE,2014-05-05,25.0,83.5
CARROT,2014-05-05,72.5,131.43
LEEKS,2014-05-05,26.5,90.81
PUMPKIN,2014-05-05,39.59,89.27
SNAKE GOURD,2014-05-05,83.18,161.67
BRINJALS,2014-05-12,55.0,123.33
CABBAGE,2014-05-12,35.0,101.8
CARROT,2014-05-12,91.0,179.74
LEEKS,2014-05-12,34.0,112.82
PUMPKIN,2014-05-12,45.0,99.0
SNAKE GOURD,2014-05-12,83.5,168.1
BRINJALS,2014-05-19,89.09,140.28
CABBAGE,2014-05-19,49.5,111.46
CARROT,2014-05-19,134.44,195.88
LEEKS,2014-05-19,35.46,114.35
PUMPKIN,2014-05-19,49.5,100.93
SNAKE GOURD,2014-05-19,90.0,170.82
BRINJALS,2014-05-26,81.67,140.71
CABBAGE,2014-05-26,51.36,112.05
CARROT,2014-05-26,112.0,190.56
LEEKS,2014-05-26,32.5,103.16
PUMPKIN,2014-05-26,53.18,104.39
SNAKE GOURD,2014-05-26,87.5,145.0
BRINJALS,2014-06-02,75.83,140.71
CABBAGE,2014-06-02,50.42,112.05
CARROT,2014-06-02,119.0,190.56
LEEKS,2014-06-02,44.17,103.16
PUMPKIN,2014-06-02,75.45,104.39
SNAKE GOURD,2014-06-02,90.0,145.0
BRINJALS,2014-06-09,60.0,126.39
CABBAGE,2014-06-09,63.64,164.55
CARROT,2014-06-09,128.0,236.77
LEEKS,2014-06-09,54.5,123.61
PUMPKIN,2014-06-09,71.36,134.32
SNAKE GOURD,2014-06-09,90.56,152.37
BRINJALS,2014-06-16,55.46,125.16
CABBAGE,2014-06-16,99.0,178.46
CARROT,2014-06-16,162.0,213.61
LEEKS,2014-06-16,58.18,128.95
PUMPKIN,2014-06-16,71.82,143.81
SNAKE GOURD,2014-06-16,86.0,150.68
BRINJALS,2014-06-23,60.0,140.29
CABBAGE,2014-06-23,92.0,176.64
CARROT,2014-06-23,126.0,204.12
LEEKS,2014-06-23,54.0,119.46
PUMPKIN,2014-06-23,75.0,145.51
SNAKE GOURD,2014-06-23,76.0,146.11
BRINJALS,2014-06-30,60.0,117.95
CABBAGE,2014-06-30,92.0,161.82
CARROT,2014-06-30,126.0,198.38
LEEKS,2014-06-30,54.0,113.33
PUMPKIN,2014-06-30,75.0,115.68
SNAKE GOURD,2014-06-30,76.0,140.11
BRINJALS,2014-07-07,42.36,110.13
CABBAGE,2014-07-07,81.82,148.25
CARROT,2014-07-07,144.44,216.39
LEEKS,2014-07-07,52.5,113.72
PUMPKIN,2014-07-07,37.27,108.54
SNAKE GOURD,2014-07-07,56.67,126.28
BRINJALS,2014-07-14,38.0,105.14
CABBAGE,2014-07-14,78.6,143.5
CARROT,2014-07-14,85.0,139.73
LEEKS,2014-07-14,31.5,110.0
PUMPKIN,2014-07-14,37.0,102.56
SNAKE GOURD,2014-07-14,52.0,112.25
BRINJALS,2014-07-21,31.0,99.27
CABBAGE,2014-07-21,75.0,135.26
CARROT,2014-07-21,83.0,128.29
LEEKS,2014-07-21,40.0,101.75
PUMPKIN,2014-07-21,33.5,76.13
SNAKE GOURD,2014-07-21,40.0,94.47
BRINJALS,2014-07-28,31.0,101.23
CABBAGE,2014-07-28,75.0,134.92
CARROT,2014-07-28,83.0,119.5
LEEKS,2014-07-28,40.0,93.25
PUMPKIN,2014-07-28,33.5,82.2
SNAKE GOURD,2014-07-28,40.0,91.05
BRINJALS,2014-08-04,36.7,94.5
CABBAGE,2014-08-04,69.5,120.51
CARROT,2014-08-04,50.0,110.53
LEEKS,2014-08-04,36.5,90.86
PUMPKIN,2014-08-04,32.27,80.75
SNAKE GOURD,2014-08-04,30.0,89.17
BRINJALS,2014-08-11,32.91,94.05
CABBAGE,2014-08-11,57.5,117.25
CARROT,2014-08-11,47.33,106.9
LEEKS,2014-08-11,35.5,87.56
PUMPKIN,2014-08-11,24.0,78.21
SNAKE GOURD,2014-08-11,32.0,102.93
BRINJALS,2014-08-18,38.0,91.9
CABBAGE,2014-08-18,55.0,113.33
CARROT,2014-08-18,45.0,99.25
LEEKS,2014-08-18,36.5,85.61
PUMPKIN,2014-08-18,22.5,71.22
SNAKE GOURD,2014-08-18,36.0,86.0
BRINJALS,2014-08-25,49.0,102.25
CABBAGE,2014-08-25,55.0,107.5
CARROT,2014-08-25,54.0,94.05
LEEKS,2014-08-25,46.5,88.1
PUMPKIN,2014-08-25,23.5,69.05
SNAKE GOURD,2014-08-25,33.0,86.25
BRINJALS,2014-09-01,39.0,88.72
CABBAGE,2014-09-01,44.0,109.51
CARROT,2014-09-01,54.5,89.19
LEEKS,2014-09-01,75.0,95.61
PUMPKIN,2014-09-01,25.0,62.44
SNAKE GOURD,2014-09-01,33.64,89.05
BRINJALS,2014-09-08,39.0,87.5
CABBAGE,2014-09-08,44.0,92.86
CARROT,2014-09-08,54.5,98.5
LEEKS,2014-09-08,75.0,109.5
PUMPKIN,2014-09-08,25.0,68.69
SNAKE GOURD,2014-09-08,33.64,85.61
BRINJALS,2014-09-15,55.0,112.2
CABBAGE,2014-09-15,44.0,95.38
CARROT,2014-09-15,47.0,96.3
LEEKS,2014-09-15,76.0,115.13
PUMPKIN,2014-09-15,26.0,67.67
SNAKE GOURD,2014-09-15,34.5,85.35
BRINJALS,2014-09-22,56.0,106.83
CABBAGE,2014-09-22,40.45,90.0
CARROT,2014-09-22,65.0,103.89
LEEKS,2014-09-22,75.0,129.75
PUMPKIN,2014-09-22,27.73,64.19
SNAKE GOURD,2014-09-22,34.55,101.5
BRINJALS,2014-09-29,64.0,129.55
CABBAGE,2014-09-29,36.5,101.67
CARROT,2014-09-29,50.45,119.23
LEEKS,2014-09-29,89.0,142.33
PUMPKIN,2014-09-29,27.5,71.11
SNAKE GOURD,2014-09-29,36.0,111.46
BRINJALS,2014-10-06,60.0,113.41
CABBAGE,2014-10-06,37.0,104.15
CARROT,2014-10-06,64.44,120.75
LEEKS,2014-10-06,90.91,147.0
PUMPKIN,2014-10-06,25.0,70.54
SNAKE GOURD,2014-10-06,65.0,137.25
BRINJALS,2014-10-13,61.67,113.89
CABBAGE,2014-10-13,34.0,100.24
CARROT,2014-10-13,100.0,137.63
LEEKS,2014-10-13,105.0,157.25
PUMPKIN,2014-10-13,29.5,73.81
SNAKE GOURD,2014-10-13,71.0,150.0
BRINJALS,2014-10-20,64.0,139.5
CABBAGE,2014-10-20,30.5,106.25
CARROT,2014-10-20,104.0,148.0
LEEKS,2014-10-20,101.0,167.8
PUMPKIN,2014-10-20,32.5,80.19
SNAKE GOURD,2014-10-20,75.0,153.59
BRINJALS,2014-10-27,60.5,118.61
CABBAGE,2014-10-27,27.0,107.86
CARROT,2014-10-27,90.0,152.89
LEEKS,2014-10-27,89.0,167.56
PUMPKIN,2014-10-27,40.5,85.88
SNAKE GOURD,2014-10-27,90.0,133.26
BRINJALS,2014-11-03,65.0,140.48
CABBAGE,2014-11-03,46.0,128.33
CARROT,2014-11-03,136.0,218.49
LEEKS,2014-11-03,151.0,212.05
PUMPKIN,2014-11-03,43.0,95.0
SNAKE GOURD,2014-11-03,94.0,149.77
BRINJALS,2014-11-10,49.0,108.14
CABBAGE,2014-11-10,56.0,125.71
CARROT,2014-11-10,127.27,209.75
LEEKS,2014-11-10,145.0,210.48
PUMPKIN,2014-11-10,39.5,87.56
SNAKE GOURD,2014-11-10,85.0,133.57
BRINJALS,2014-11-17,40.46,99.3
CABBAGE,2014-11-17,58.33,119.29
CARROT,2014-11-17,145.0,210.92
LEEKS,2014-11-17,147.63,220.71
PUMPKIN,2014-11-17,33.5,81.55
SNAKE GOURD,2014-11-17,49.0,120.24
BRINJALS,2014-11-24,46.0,112.65
CABBAGE,2014-11-24,56.0,145.5
CARROT,2014-11-24,145.45,214.24
LEEKS,2014-11-24,144.0,232.63
PUMPKIN,2014-11-24,33.0,90.57
SNAKE GOURD,2014-11-24,86.0,130.29
BRINJALS,2014-12-01,65.0,136.98
CABBAGE,2014-12-01,60.0,148.1
CARROT,2014-12-01,150.0,217.55
LEEKS,2014-12-01,181.0,250.0
PUMPKIN,2014-12-01,29.5,85.68
SNAKE GOURD,2014-12-01,81.0,145.81
BRINJALS,2014-12-08,96.0,179.35
CABBAGE,2014-12-08,84.0,173.75
CARROT,2014-12-08,147.78,224.19
LEEKS,2014-12-08,177.78,278.93
PUMPKIN,2014-12-08,32.5,82.1
SNAKE GOURD,2014-12-08,89.0,151.0
BRINJALS,2014-12-15,126.0,194.17
CABBAGE,2014-12-15,74.0,150.83
CARROT,2014-12-15,141.0,197.5
LEEKS,2014-12-15,182.22,282.69
PUMPKIN,2014-12-15,33.0,82.5
SNAKE GOURD,2014-12-15,69.0,149.71
BRINJALS,2014-12-22,146.67,247.04
CABBAGE,2014-12-22,80.0,168.28
CARROT,2014-12-22,176.0,270.34
LEEKS,2014-12-22,193.64,305.52
PUMPKIN,2014-12-22,38.0,93.24
SNAKE GOURD,2014-12-22,95.0,159.64
BRINJALS,2014-12-29,137.78,227.5
CABBAGE,2014-12-29,84.0,188.23
CARROT,2014-12-29,181.0,335.81
LEEKS,2014-12-29,210.0,342.22
PUMPKIN,2014-12-29,39.7,107.06
SNAKE GOURD,2014-12-29,100.0,185.94
BRINJALS,2015-01-05,156.0,224.6
CABBAGE,2015-01-05,106.0,222.37
CARROT,2015-01-05,224.0,339.72
LEEKS,2015-01-05,255.0,394.05
PUMPKIN,2015-01-05,33.0,106.92
SNAKE GOURD,2015-01-05,106.0,206.25
BRINJALS,2015-01-12,178.18,266.9
CABBAGE,2015-01-12,104.33,220.33
CARROT,2015-01-12,173.64,291.72
LEEKS,2015-01-12,217.27,340.0
PUMPKIN,2015-01-12,43.89,107.35
SNAKE GOURD,2015-01-12,104.35,201.72
BRINJALS,2015-01-19,130.0,229.71
CABBAGE,2015-01-19,102.6,210.33
CARROT,2015-01-19,162.5,248.0
LEEKS,2015-01-19,190.91,293.03
PUMPKIN,2015-01-19,78.5,119.46
SNAKE GOURD,2015-01-19,74.0,155.29
BRINJALS,2015-01-26,54.0,122.89
CABBAGE,2015-01-26,93.35,168.72
CARROT,2015-01-26,140.0,231.21
LEEKS,2015-01-26,186.67,286.13
PUMPKIN,2015-01-26,93.0,154.32
SNAKE GOURD,2015-01-26,70.0,146.18
BRINJALS,2015-02-02,31.25,97.37
CABBAGE,2015-02-02,90.83,167.11
CARROT,2015-02-02,114.54,206.29
LEEKS,2015-02-02,133.64,219.47
PUMPKIN,2015-02-02,128.0,171.2
SNAKE GOURD,2015-02-02,74.55,148.89
BRINJALS,2015-02-09,27.92,83.17
CABBAGE,2015-02-09,81.82,147.11
CARROT,2015-02-09,112.0,192.9
LEEKS,2015-02-09,158.34,231.11
PUMPKIN,2015-02-09,130.91,194.0
SNAKE GOURD,2015-02-09,67.5,145.85
BRINJALS,2015-02-16,35.0,91.14
CABBAGE,2015-02-16,76.67,145.0
CARROT,2015-02-16,132.5,195.9
LEEKS,2015-02-16,134.17,207.27
PUMPKIN,2015-02-16,124.17,190.0
SNAKE GOURD,2015-02-16,65.33,144.63
BRINJALS,2015-02-23,46.0,97.86
CABBAGE,2015-02-23,53.34,120.93
CARROT,2015-02-23,90.83,171.21
LEEKS,2015-02-23,135.0,209.28
PUMPKIN,2015-02-23,109.09,188.71
SNAKE GOURD,2015-02-23,61.0,132.62
BRINJALS,2015-03-02,43.33,96.67
CABBAGE,2015-03-02,40.42,104.09
CARROT,2015-03-02,79.17,153.57
LEEKS,2015-03-02,115.84,187.38
PUMPKIN,2015-03-02,73.33,159.77
SNAKE GOURD,2015-03-02,51.67,119.77
BRINJALS,2015-03-09,37.09,92.67
CABBAGE,2015-03-09,38.75,98.22
CARROT,2015-03-09,68.75,138.33
LEEKS,2015-03-09,94.17,155.95
PUMPKIN,2015-03-09,66.36,125.81
SNAKE GOURD,2015-03-09,40.83,102.17
BRINJALS,2015-03-16,31.15,87.83
CABBAGE,2015-03-16,26.54,88.22
CARROT,2015-03-16,85.0,142.27
LEEKS,2015-03-16,110.0,160.73
PUMPKIN,2015-03-16,57.31,113.26
SNAKE GOURD,2015-03-16,38.46,100.35
BRINJALS,2015-03-23,17.31,75.0
CABBAGE,2015-03-23,25.3,88.1
CARROT,2015-03-23,94.61,150.0
LEEKS,2015-03-23,103.08,158.33
PUMPKIN,2015-03-23,37.73,97.69
SNAKE GOURD,2015-03-23,25.0,85.33
BRINJALS,2015-03-30,27.08,80.67
CABBAGE,2015-03-30,23.7,83.33
CARROT,2015-03-30,106.36,154.76
LEEKS,2015-03-30,88.33,141.63
PUMPKIN,2015-03-30,28.63,83.95
SNAKE GOURD,2015-03-30,24.33,80.0
BRINJALS,2015-04-06,35.0,92.44
CABBAGE,2015-04-06,34.17,85.53
CARROT,2015-04-06,98.0,171.43
LEEKS,2015-04-06,98.0,168.0
PUMPKIN,2015-04-06,28.0,90.27
SNAKE GOURD,2015-04-06,21.67,98.21
BRINJALS,2015-04-13,14.29,90.44
CABBAGE,2015-04-13,27.14,80.0
CARROT,2015-04-13,97.35,166.92
LEEKS,2015-04-13,87.5,154.42
PUMPKIN,2015-04-13,25.0,79.55
SNAKE GOURD,2015-04-13,18.35,90.75
BRINJALS,2015-04-20,29.55,90.71
CABBAGE,2015-04-20,27.5,89.3
CARROT,2015-04-20,81.82,156.19
LEEKS,2015-04-20,89.17,157.86
PUMPKIN,2015-04-20,23.64,79.3
SNAKE GOURD,2015-04-20,42.5,98.1
BRINJALS,2015-04-27,49.17,105.35
CABBAGE,2015-04-27,25.84,86.63
CARROT,2015-04-27,80.0,154.63
LEEKS,2015-04-27,101.82,169.47
PUMPKIN,2015-04-27,20.45,75.91
SNAKE GOURD,2015-04-27,60.91,120.0
BRINJALS,2015-05-04,45.0,93.72
CABBAGE,2015-05-04,32.69,92.73
CARROT,2015-05-04,81.82,154.76
LEEKS,2015-05-04,102.73,171.9
PUMPKIN,2015-05-04,20.0,72.89
SNAKE GOURD,2015-05-04,70.0,128.0
BRINJALS,2015-05-11,38.64,90.14
CABBAGE,2015-05-11,35.0,97.91
CARROT,2015-05-11,117.5,175.0
LEEKS,2015-05-11,130.83,199.02
PUMPKIN,2015-05-11,19.0,70.0
SNAKE GOURD,2015-05-11,67.27,123.0
BRINJALS,2015-05-18,37.5,86.0
CABBAGE,2015-05-18,48.64,115.91
CARROT,2015-05-18,154.17,201.56
LEEKS,2015-05-18,165.0,221.25
PUMPKIN,2015-05-18,17.5,67.0
SNAKE GOURD,2015-05-18,61.82,120.0
BRINJALS,2015-05-25,45.84,115.45
CABBAGE,2015-05-25,52.92,119.29
CARROT,2015-05-25,172.5,214.87
LEEKS,2015-05-25,148.34,218.4
PUMPKIN,2015-05-25,17.27,66.36
SNAKE GOURD,2015-05-25,66.37,125.75
BRINJALS,2015-06-01,60.0,119.09
CABBAGE,2015-06-01,70.0,130.0
CARROT,2015-06-01,180.91,249.71
LEEKS,2015-06-01,120.0,194.88
PUMPKIN,2015-06-01,13.91,64.35
SNAKE GOURD,2015-06-01,62.73,113.68
BRINJALS,2015-06-08,48.18,113.18
CABBAGE,2015-06-08,47.5,127.78
CARROT,2015-06-08,175.0,247.33
LEEKS,2015-06-08,113.33,194.33
PUMPKIN,2015-06-08,18.73,70.25
SNAKE GOURD,2015-06-08,45.0,112.2
BRINJALS,2015-06-15,25.0,95.35
CABBAGE,2015-06-15,42.08,116.19
CARROT,2015-06-15,182.73,255.64
LEEKS,2015-06-15,96.37,185.64
PUMPKIN,2015-06-15,17.22,66.67
SNAKE GOURD,2015-06-15,52.73,116.19
BRINJALS,2015-06-22,16.54,95.24
CABBAGE,2015-06-22,38.46,111.63
CARROT,2015-06-22,167.5,242.9
LEEKS,2015-06-22,90.83,175.85
PUMPKIN,2015-06-22,17.73,67.5
SNAKE GOURD,2015-06-22,55.0,125.23
BRINJALS,2015-06-29,24.09,97.33
CABBAGE,2015-06-29,30.42,108.14
CARROT,2015-06-29,151.67,224.39
LEEKS,2015-06-29,72.5,167.5
PUMPKIN,2015-06-29,20.91,68.5
SNAKE GOURD,2015-06-29,53.33,123.66
BRINJALS,2015-07-06,23.55,86.36
CABBAGE,2015-07-06,28.33,106.22
CARROT,2015-07-06,133.33,216.92
LEEKS,2015-07-06,70.33,150.7
PUMPKIN,2015-07-06,29.23,76.28
SNAKE GOURD,2015-07-06,52.0,118.81
BRINJALS,2015-07-13,49.54,104.77
CABBAGE,2015-07-13,40.83,107.4
CARROT,2015-07-13,110.84,186.92
LEEKS,2015-07-13,78.33,152.86
PUMPKIN,2015-07-13,28.5,74.33
SNAKE GOURD,2015-07-13,49.17,116.41
BRINJALS,2015-07-20,41.0,100.33
CABBAGE,2015-07-20,34.59,106.74
CARROT,2015-07-20,97.5,176.82
LEEKS,2015-07-20,60.0,137.91
PUMPKIN,2015-07-20,36.0,84.88
SNAKE GOURD,2015-07-20,47.27,109.77
BRINJALS,2015-07-27,37.0,100.0
CABBAGE,2015-07-27,33.6,106.05
CARROT,2015-07-27,96.67,173.9
LEEKS,2015-07-27,51.67,126.59
PUMPKIN,2015-07-27,49.0,94.0
SNAKE GOURD,2015-07-27,45.0,104.33
BRINJALS,2015-08-03,34.09,99.35
CABBAGE,2015-08-03,49.59,108.33
CARROT,2015-08-03,81.67,154.29
LEEKS,2015-08-03,50.0,117.83
PUMPKIN,2015-08-03,40.0,90.0
SNAKE GOURD,2015-08-03,40.56,102.35
BRINJALS,2015-08-10,49.5,110.5
CABBAGE,2015-08-10,44.54,104.33
CARROT,2015-08-10,91.82,155.7
LEEKS,2015-08-10,47.5,109.0
PUMPKIN,2015-08-10,32.0,79.19
SNAKE GOURD,2015-08-10,36.67,100.33
BRINJALS,2015-08-17,46.0,100.0
CABBAGE,2015-08-17,40.0,97.56
CARROT,2015-08-17,77.27,152.63
LEEKS,2015-08-17,38.18,107.33
PUMPKIN,2015-08-17,34.55,83.25
SNAKE GOURD,2015-08-17,40.5,103.14
BRINJALS,2015-08-24,55.46,102.13
CABBAGE,2015-08-24,39.55,95.0
CARROT,2015-08-24,86.67,155.0
LEEKS,2015-08-24,40.0,108.53
PUMPKIN,2015-08-24,36.67,85.5
SNAKE GOURD,2015-08-24,50.0,107.6
BRINJALS,2015-08-31,45.0,100.33
CABBAGE,2015-08-31,33.18,93.35
CARROT,2015-08-31,66.15,134.32
LEEKS,2015-08-31,32.27,99.5
PUMPKIN,2015-08-31,35.91,82.11
SNAKE GOURD,2015-08-31,52.22,109.33
BRINJALS,2015-09-07,56.0,103.33
CABBAGE,2015-09-07,27.5,91.33
CARROT,2015-09-07,63.63,127.18
LEEKS,2015-09-07,30.42,95.0
PUMPKIN,2015-09-07,33.64,75.95
SNAKE GOURD,2015-09-07,56.0,110.3
BRINJALS,2015-09-14,54.17,113.41
CABBAGE,2015-09-14,29.09,98.29
CARROT,2015-09-14,60.0,122.94
LEEKS,2015-09-14,37.09,97.0
PUMPKIN,2015-09-14,43.75,84.2
SNAKE GOURD,2015-09-14,57.0,112.0
BRINJALS,2015-09-21,60.0,119.19
CABBAGE,2015-09-21,24.17,95.0
CARROT,2015-09-21,56.67,120.5
LEEKS,2015-09-21,30.42,95.0
PUMPKIN,2015-09-21,45.0,93.68
SNAKE GOURD,2015-09-21,55.46,110.0
BRINJALS,2015-09-28,35.83,113.41
CABBAGE,2015-09-28,35.42,98.29
CARROT,2015-09-28,58.4,122.94
LEEKS,2015-09-28,33.34,97.0
PUMPKIN,2015-09-28,45.0,84.2
SNAKE GOURD,2015-09-28,81.0,112.0
BRINJALS,2015-10-05,40.45,120.0
CABBAGE,2015-10-05,35.0,97.5
CARROT,2015-10-05,53.75,121.82
LEEKS,2015-10-05,26.67,92.0
PUMPKIN,2015-10-05,40.42,82.25
SNAKE GOURD,2015-10-05,70.0,110.0
BRINJALS,2015-10-12,41.36,122.35
CABBAGE,2015-10-12,38.75,104.0
CARROT,2015-10-12,55.0,124.35
LEEKS,2015-10-12,23.34,89.65
PUMPKIN,2015-10-12,38.64,80.35
SNAKE GOURD,2015-10-12,63.64,107.35
BRINJALS,2015-10-19,46.37,123.65
CABBAGE,2015-10-19,66.36,123.24
CARROT,2015-10-19,111.82,200.0
LEEKS,2015-10-19,45.42,123.64
PUMPKIN,2015-10-19,41.67,88.57
SNAKE GOURD,2015-10-19,61.0,104.35
BRINJALS,2015-10-26,57.27,125.65
CABBAGE,2015-10-26,70.0,141.71
CARROT,2015-10-26,101.67,180.26
LEEKS,2015-10-26,47.5,135.45
PUMPKIN,2015-10-26,43.64,98.33
SNAKE GOURD,2015-10-26,68.18,135.41
BRINJALS,2015-11-02,73.0,128.46
CABBAGE,2015-11-02,79.09,169.21
CARROT,2015-11-02,151.67,227.69
LEEKS,2015-11-02,56.67,148.1
PUMPKIN,2015-11-02,46.82,99.15
SNAKE GOURD,2015-11-02,81.11,148.89
BRINJALS,2015-11-09,92.73,157.5
CABBAGE,2015-11-09,114.54,187.13
CARROT,2015-11-09,175.46,274.48
LEEKS,2015-11-09,95.83,178.05
PUMPKIN,2015-11-09,38.0,97.35
SNAKE GOURD,2015-11-09,82.35,160.24
BRINJALS,2015-11-16,100.0,170.45
CABBAGE,2015-11-16,111.54,185.0
CARROT,2015-11-16,183.64,278.79
LEEKS,2015-11-16,100.91,183.85
PUMPKIN,2015-11-16,36.67,94.77
SNAKE GOURD,2015-11-16,91.54,165.0
BRINJALS,2015-11-23,85.38,169.74
CABBAGE,2015-11-23,129.17,222.43
CARROT,2015-11-23,223.08,301.5
LEEKS,2015-11-23,114.17,189.49
PUMPKIN,2015-11-23,35.77,93.59
SNAKE GOURD,2015-11-23,88.33,161.32
BRINJALS,2015-11-30,79.09,153.42
CABBAGE,2015-11-30,123.63,220.35
CARROT,2015-11-30,191.54,296.76
LEEKS,2015-11-30,116.36,207.38
PUMPKIN,2015-11-30,29.55,90.91
SNAKE GOURD,2015-11-30,68.33,146.19
BRINJALS,2015-12-07,97.14,155.0
CABBAGE,2015-12-07,102.8,200.94
CARROT,2015-12-07,196.92,305.0
LEEKS,2015-12-07,113.85,199.76
PUMPKIN,2015-12-07,34.09,92.95
SNAKE GOURD,2015-12-07,71.54,148.0
BRINJALS,2015-12-14,127.92,190.75
CABBAGE,2015-12-14,109.58,205.0
CARROT,2015-12-14,201.67,307.0
LEEKS,2015-12-14,90.0,185.48
PUMPKIN,2015-12-14,39.17,94.5
SNAKE GOURD,2015-12-14,99.17,169.0
BRINJALS,2015-12-21,170.0,242.11
CABBAGE,2015-12-21,136.67,239.51
CARROT,2015-12-21,293.85,378.13
LEEKS,2015-12-21,103.08,194.25
PUMPKIN,2015-12-21,42.73,99.55
SNAKE GOURD,2015-12-21,103.64,186.58
BRINJALS,2016-01-04,107.5,197.5
CABBAGE,2016-01-04,91.82,196.67
CARROT,2016-01-04,185.0,290.0
LEEKS,2016-01-04,90.0,174.71
PUMPKIN,2016-01-04,45.45,100.27
SNAKE GOURD,2016-01-04,78.33,157.78
BRINJALS,2016-01-11,87.27,160.48
CABBAGE,2016-01-11,74.17,158.0
CARROT,2016-01-11,177.0,264.86
LEEKS,2016-01-11,83.0,158.57
PUMPKIN,2016-01-11,44.05,96.22
SNAKE GOURD,2016-01-11,70.83,140.24
BRINJALS,2016-01-18,82.5,154.02
CABBAGE,2016-01-18,96.67,168.77
CARROT,2016-01-18,275.0,300.91
LEEKS,2016-01-18,83.33,168.47
PUMPKIN,2016-01-18,62.0,101.61
SNAKE GOURD,2016-01-18,72.0,141.75
BRINJALS,2016-01-25,67.5,140.0
CABBAGE,2016-01-25,116.67,176.83
CARROT,2016-01-25,213.63,298.0
LEEKS,2016-01-25,83.25,166.0
PUMPKIN,2016-01-25,62.5,104.05
SNAKE GOURD,2016-01-25,70.0,138.0
BRINJALS,2016-02-01,55.0,133.78
CABBAGE,2016-02-01,96.67,165.38
CARROT,2016-02-01,208.18,297.78
LEEKS,2016-02-01,72.22,150.0
PUMPKIN,2016-02-01,78.0,128.75
SNAKE GOURD,2016-02-01,64.55,131.0
BRINJALS,2016-02-08,63.34,135.5
CABBAGE,2016-02-08,81.25,151.54
CARROT,2016-02-08,206.67,249.14
LEEKS,2016-02-08,77.5,151.0
PUMPKIN,2016-02-08,110.0,151.14
SNAKE GOURD,2016-02-08,58.34,121.58
BRINJALS,2016-02-15,43.64,114.13
CABBAGE,2016-02-15,70.56,146.51
CARROT,2016-02-15,155.0,245.0
LEEKS,2016-02-15,76.25,145.85
PUMPKIN,2016-02-15,80.0,149.51
SNAKE GOURD,2016-02-15,58.34,118.37
BRINJALS,2016-02-22,40.05,102.89
CABBAGE,2016-02-22,49.58,119.09
CARROT,2016-02-22,132.5,194.75
LEEKS,2016-02-22,81.67,147.0
PUMPKIN,2016-02-22,65.42,134.76
SNAKE GOURD,2016-02-22,55.0,114.87
BRINJALS,2016-02-29,58.5,112.5
CABBAGE,2016-02-29,49.13,115.0
CARROT,2016-02-29,87.5,171.63
LEEKS,2016-02-29,62.5,132.89
PUMPKIN,2016-02-29,60.5,125.58
SNAKE GOURD,2016-02-29,50.84,112.0
BRINJALS,2016-03-07,65.56,121.25
CABBAGE,2016-03-07,40.0,112.0
CARROT,2016-03-07,82.73,160.0
LEEKS,2016-03-07,55.84,125.24
PUMPKIN,2016-03-07,41.67,114.63
SNAKE GOURD,2016-03-07,54.17,118.5
BRINJALS,2016-03-14,75.0,131.0
CABBAGE,2016-03-14,39.5,106.74
CARROT,2016-03-14,72.86,141.11
LEEKS,2016-03-14,50.0,120.22
PUMPKIN,2016-03-14,37.5,87.73
SNAKE GOURD,2016-03-14,55.0,122.0
BRINJALS,2016-03-21,77.5,131.46
CABBAGE,2016-03-21,45.31,120.0
CARROT,2016-03-21,72.5,138.22
LEEKS,2016-03-21,50.83,125.0
PUMPKIN,2016-03-21,25.0,83.02
SNAKE GOURD,2016-03-21,60.84,125.0
BRINJALS,2016-03-28,65.0,126.89
CABBAGE,2016-03-28,71.25,140.23
CARROT,2016-03-28,99.17,179.07
LEEKS,2016-03-28,77.5,142.39
PUMPKIN,2016-03-28,22.5,80.89
SNAKE GOURD,2016-03-28,72.5,126.98
BRINJALS,2016-04-04,45.84,118.41
CABBAGE,2016-04-04,50.83,125.22
CARROT,2016-04-04,81.82,156.25
LEEKS,2016-04-04,75.0,136.14
PUMPKIN,2016-04-04,22.1,78.05
SNAKE GOURD,2016-04-04,77.5,128.41
BRINJALS,2016-04-11,65.45,137.56
CABBAGE,2016-04-11,43.64,123.48
CARROT,2016-04-11,69.0,156.3
LEEKS,2016-04-11,64.55,147.38
PUMPKIN,2016-04-11,22.5,77.27
SNAKE GOURD,2016-04-11,74.55,129.25
BRINJALS,2016-04-18,46.25,122.0
CABBAGE,2016-04-18,41.82,119.58
CARROT,2016-04-18,80.0,158.0
LEEKS,2016-04-18,70.0,149.5
PUMPKIN,2016-04-18,27.5,89.75
SNAKE GOURD,2016-04-18,45.0,122.73
BRINJALS,2016-04-25,27.09,101.22
CABBAGE,2016-04-25,46.88,116.13
CARROT,2016-04-25,74.55,150.93
LEEKS,2016-04-25,66.36,138.78
PUMPKIN,2016-04-25,26.25,85.68
SNAKE GOURD,2016-04-25,62.92,132.62
BRINJALS,2016-05-02,47.92,104.75
CABBAGE,2016-05-02,47.5,122.68
CARROT,2016-05-02,72.5,145.12
LEEKS,2016-05-02,67.5,142.5
PUMPKIN,2016-05-02,27.3,88.0
SNAKE GOURD,2016-05-02,98.33,150.75
BRINJALS,2016-05-09,60.0,117.45
CABBAGE,2016-05-09,60.84,127.91
CARROT,2016-05-09,70.0,144.76
LEEKS,2016-05-09,90.0,146.56
PUMPKIN,2016-05-09,27.8,90.0
SNAKE GOURD,2016-05-09,110.0,167.75
BRINJALS,2016-05-16,72.08,135.11
CABBAGE,2016-05-16,62.5,158.05
CARROT,2016-05-16,85.0,198.06
LEEKS,2016-05-16,92.5,180.28
PUMPKIN,2016-05-16,36.25,93.89
SNAKE GOURD,2016-05-16,97.5,172.86
BRINJALS,2016-05-23,87.5,177.9
CABBAGE,2016-05-23,65.0,166.1
CARROT,2016-05-23,97.5,216.22
LEEKS,2016-05-23,107.5,204.36
PUMPKIN,2016-05-23,43.75,111.05
SNAKE GOURD,2016-05-23,103.34,187.65
BRINJALS,2016-05-30,114.72,201.79
CABBAGE,2016-05-30,98.66,193.43
CARROT,2016-05-30,155.0,272.12
LEEKS,2016-05-30,155.0,240.54
PUMPKIN,2016-05-30,55.42,120.47
SNAKE GOURD,2016-05-30,120.84,200.1
BRINJALS,2016-06-06,125.0,208.21
CABBAGE,2016-06-06,118.63,211.82
CARROT,2016-06-06,168.34,276.5
LEEKS,2016-06-06,158.0,242.5
PUMPKIN,2016-06-06,60.0,122.0
SNAKE GOURD,2016-06-06,130.0,211.0
BRINJALS,2016-06-13,99.09,202.68
CABBAGE,2016-06-13,130.0,231.0
CARROT,2016-06-13,185.45,282.5
LEEKS,2016-06-13,153.64,238.5
PUMPKIN,2016-06-13,75.91,130.0
SNAKE GOURD,2016-06-13,122.78,200.91
BRINJALS,2016-06-20,65.83,145.12
CABBAGE,2016-06-20,110.0,210.53
CARROT,2016-06-20,226.67,288.65
LEEKS,2016-06-20,128.34,215.5
PUMPKIN,2016-06-20,93.33,156.98
SNAKE GOURD,2016-06-20,123.1,204.5
BRINJALS,2016-06-27,55.84,139.52
CABBAGE,2016-06-27,86.67,194.61
CARROT,2016-06-27,170.0,269.46
LEEKS,2016-06-27,114.17,201.95
PUMPKIN,2016-06-27,103.34,175.25
SNAKE GOURD,2016-06-27,90.0,167.5
BRINJALS,2016-07-04,55.71,131.59
CABBAGE,2016-07-04,81.54,171.19
CARROT,2016-07-04,131.67,220.95
LEEKS,2016-07-04,105.0,194.75
PUMPKIN,2016-07-04,140.0,199.52
SNAKE GOURD,2016-07-04,87.5,159.76
BRINJALS,2016-07-11,53.89,130.1
CABBAGE,2016-07-11,101.11,184.39
CARROT,2016-07-11,143.34,223.5
LEEKS,2016-07-11,90.0,193.5
PUMPKIN,2016-07-11,157.5,214.74
SNAKE GOURD,2016-07-11,75.83,152.31
BRINJALS,2016-07-18,58.5,133.75
CABBAGE,2016-07-18,97.5,182.5
CARROT,2016-07-18,103.0,186.98
LEEKS,2016-07-18,85.0,171.0
PUMPKIN,2016-07-18,144.54,210.25
SNAKE GOURD,2016-07-18,71.0,137.44
BRINJALS,2016-07-25,69.17,133.95
CABBAGE,2016-07-25,90.0,168.05
CARROT,2016-07-25,100.5,180.56
LEEKS,2016-07-25,72.5,156.58
PUMPKIN,2016-07-25,92.5,186.15
SNAKE GOURD,2016-07-25,71.11,139.46
BRINJALS,2016-08-01,67.0,119.05
CABBAGE,2016-08-01,59.0,133.6
CARROT,2016-08-01,70.0,155.6
LEEKS,2016-08-01,65.0,135.42
PUMPKIN,2016-08-01,80.0,157.69
SNAKE GOURD,2016-08-01,52.22,131.79
BRINJALS,2016-08-08,60.0,111.92
CABBAGE,2016-08-08,67.5,144.78
CARROT,2016-08-08,62.5,142.08
LEEKS,2016-08-08,62.5,128.57
PUMPKIN,2016-08-08,62.5,142.4
SNAKE GOURD,2016-08-08,40.0,115.93
BRINJALS,2016-08-15,50.0,98.5
CABBAGE,2016-08-15,76.15,147.21
CARROT,2016-08-15,61.5,134.57
LEEKS,2016-08-15,65.0,134.67
PUMPKIN,2016-08-15,44.0,118.92
SNAKE GOURD,2016-08-15,27.73,103.1
BRINJALS,2016-08-22,56.67,117.73
CABBAGE,2016-08-22,51.67,131.5
CARROT,2016-08-22,63.0,135.59
LEEKS,2016-08-22,64.0,131.58
PUMPKIN,2016-08-22,34.0,100.98
SNAKE GOURD,2016-08-22,27.2,100.0
BRINJALS,2016-08-29,57.5,110.89
CABBAGE,2016-08-29,40.36,115.41
CARROT,2016-08-29,55.0,117.22
LEEKS,2016-08-29,65.83,120.53
PUMPKIN,2016-08-29,31.25,96.52
SNAKE GOURD,2016-08-29,28.33,95.13
BRINJALS,2016-09-05,54.5,109.76
CABBAGE,2016-09-05,38.89,105.78
CARROT,2016-09-05,50.0,112.5
LEEKS,2016-09-05,66.2,122.5
PUMPKIN,2016-09-05,27.5,86.74
SNAKE GOURD,2016-09-05,42.5,103.78
BRINJALS,2016-09-12,56.5,114.55
CABBAGE,2016-09-12,51.36,117.44
CARROT,2016-09-12,60.0,124.88
LEEKS,2016-09-12,72.5,135.55
PUMPKIN,2016-09-12,29.38,93.81
SNAKE GOURD,2016-09-12,45.0,110.15
BRINJALS,2016-09-19,58.21,117.67
CABBAGE,2016-09-19,43.08,115.4
CARROT,2016-09-19,65.0,125.9
LEEKS,2016-09-19,84.17,154.76
PUMPKIN,2016-09-19,30.0,95.79
SNAKE GOURD,2016-09-19,45.6,113.08
BRINJALS,2016-09-26,55.91,116.74
CABBAGE,2016-09-26,40.91,112.5
CARROT,2016-09-26,55.0,123.47
LEEKS,2016-09-26,72.0,141.67
PUMPKIN,2016-09-26,31.82,96.7
SNAKE GOURD,2016-09-26,55.0,114.88
BRINJALS,2016-10-03,51.79,110.75
CABBAGE,2016-10-03,33.46,111.36
CARROT,2016-10-03,50.0,120.83
LEEKS,2016-10-03,80.0,145.5
PUMPKIN,2016-10-03,28.33,84.36
SNAKE GOURD,2016-10-03,65.0,120.0
BRINJALS,2016-10-10,60.0,112.56
CABBAGE,2016-10-10,36.43,112.5
CARROT,2016-10-10,51.67,122.13
LEEKS,2016-10-10,76.67,141.04
PUMPKIN,2016-10-10,25.83,83.3
SNAKE GOURD,2016-10-10,66.67,124.52
BRINJALS,2016-10-17,62.5,121.78
CABBAGE,2016-10-17,43.21,112.89
CARROT,2016-10-17,68.33,143.7
LEEKS,2016-10-17,88.33,151.36
PUMPKIN,2016-10-17,28.33,89.09
SNAKE GOURD,2016-10-17,90.83,140.93
BRINJALS,2016-10-24,63.6,124.42
CABBAGE,2016-10-24,34.62,110.47
CARROT,2016-10-24,75.0,145.5
LEEKS,2016-10-24,91.67,154.88
PUMPKIN,2016-10-24,27.65,88.78
SNAKE GOURD,2016-10-24,91.75,150.0
BRINJALS,2016-10-31,60.0,114.52
CABBAGE,2016-10-31,31.54,108.5
CARROT,2016-10-31,73.33,138.84
LEEKS,2016-10-31,87.5,152.5
PUMPKIN,2016-10-31,30.83,89.57
SNAKE GOURD,2016-10-31,88.33,148.0
BRINJALS,2016-11-07,43.57,107.39
CABBAGE,2016-11-07,25.36,97.56
CARROT,2016-11-07,72.1,135.35
LEEKS,2016-11-07,67.92,141.11
PUMPKIN,2016-11-07,30.0,89.3
SNAKE GOURD,2016-11-07,75.0,143.08
BRINJALS,2016-11-14,57.14,117.95
CABBAGE,2016-11-14,15.77,96.2
CARROT,2016-11-14,70.83,133.5
LEEKS,2016-11-14,51.67,129.77
PUMPKIN,2016-11-14,32.08,90.6
SNAKE GOURD,2016-11-14,75.6,145.95
BRINJALS,2016-11-21,55.71,107.87
CABBAGE,2016-11-21,13.86,86.19
CARROT,2016-11-21,53.33,132.73
LEEKS,2016-11-21,45.83,127.5
PUMPKIN,2016-11-21,28.5,82.68
SNAKE GOURD,2016-11-21,78.33,146.32
BRINJALS,2016-11-28,56.43,110.0
CABBAGE,2016-11-28,16.43,87.25
CARROT,2016-11-28,83.33,154.55
LEEKS,2016-11-28,59.17,128.0
PUMPKIN,2016-11-28,35.83,95.35
SNAKE GOURD,2016-11-28,103.33,166.41
BRINJALS,2016-12-05,40.71,92.0
CABBAGE,2016-12-05,16.65,88.0
CARROT,2016-12-05,84.17,176.0
LEEKS,2016-12-05,51.67,126.67
PUMPKIN,2016-12-05,40.0,80.0
SNAKE GOURD,2016-12-05,83.33,170.0
BRINJALS,2016-12-12,44.64,96.36
CABBAGE,2016-12-12,20.71,93.1
CARROT,2016-12-12,99.17,158.5
LEEKS,2016-12-12,56.67,127.05
PUMPKIN,2016-12-12,33.33,92.84
SNAKE GOURD,2016-12-12,85.5,148.33
BRINJALS,2016-12-19,34.29,94.5
CABBAGE,2016-12-19,16.43,85.25
CARROT,2016-12-19,85.0,158.0
LEEKS,2016-12-19,54.17,125.45
PUMPKIN,2016-12-19,37.5,94.5
SNAKE GOURD,2016-12-19,68.33,145.56
BRINJALS,2016-12-26,32.5,92.6
CABBAGE,2016-12-26,15.9,81.2
CARROT,2016-12-26,75.83,154.39
LEEKS,2016-12-26,58.33,132.11
PUMPKIN,2016-12-26,37.7,95.6
SNAKE GOURD,2016-12-26,43.33,126.0
BRINJALS,2017-01-02,30.71,84.25
CABBAGE,2017-01-02,14.64,77.75
CARROT,2017-01-02,65.83,133.41
LEEKS,2017-01-02,50.0,118.0
PUMPKIN,2017-01-02,52.08,110.29
SNAKE GOURD,2017-01-02,39.58,110.0
BRINJALS,2017-01-09,32.5,87.5
CABBAGE,2017-01-09,13.21,74.5
CARROT,2017-01-09,64.17,121.95
LEEKS,2017-01-09,44.17,105.0
PUMPKIN,2017-01-09,53.7,112.5
SNAKE GOURD,2017-01-09,37.5,106.36
BRINJALS,2017-01-16,40.36,89.51
CABBAGE,2017-01-16,15.36,75.48
CARROT,2017-01-16,75.83,126.32
LEEKS,2017-01-16,50.0,109.09
PUMPKIN,2017-01-16,37.5,104.25
SNAKE GOURD,2017-01-16,50.83,112.11
BRINJALS,2017-01-23,50.0,102.25
CABBAGE,2017-01-23,11.14,73.4
CARROT,2017-01-23,45.42,116.32
LEEKS,2017-01-23,34.58,105.91
PUMPKIN,2017-01-23,43.75,111.0
SNAKE GOURD,2017-01-23,49.17,111.32
BRINJALS,2017-01-30,43.21,99.5
CABBAGE,2017-01-30,9.93,71.5
CARROT,2017-01-30,43.33,114.55
LEEKS,2017-01-30,33.75,100.23
PUMPKIN,2017-01-30,42.6,101.0
SNAKE GOURD,2017-01-30,40.0,106.15
BRINJALS,2017-02-06,37.86,98.29
CABBAGE,2017-02-06,11.75,74.51
CARROT,2017-02-06,37.92,103.1
LEEKS,2017-02-06,29.17,98.5
PUMPKIN,2017-02-06,45.0,101.32
SNAKE GOURD,2017-02-06,45.83,108.1
BRINJALS,2017-02-13,48.33,105.71
CABBAGE,2017-02-13,16.0,79.3
CARROT,2017-02-13,45.0,111.96
LEEKS,2017-02-13,22.5,89.27
PUMPKIN,2017-02-13,46.5,107.95
SNAKE GOURD,2017-02-13,71.67,139.41
BRINJALS,2017-02-20,48.33,105.71
CABBAGE,2017-02-20,16.0,79.3
CARROT,2017-02-20,45.0,111.96
LEEKS,2017-02-20,22.5,89.27
PUMPKIN,2017-02-20,46.5,107.95
SNAKE GOURD,2017-02-20,71.67,139.41
BRINJALS,2017-02-27,55.0,115.2
CABBAGE,2017-02-27,15.31,73.3
CARROT,2017-02-27,38.75,101.96
LEEKS,2017-02-27,20.83,84.55
PUMPKIN,2017-02-27,53.75,111.86
SNAKE GOURD,2017-02-27,94.17,143.25
BRINJALS,2017-03-06,181.428571428571,101.16279069767442
CABBAGE,2017-03-06,22.9133333333333,72.95454545454545
CARROT,2017-03-06,126.0,94.04761904761904
LEEKS,2017-03-06,81.25,83.14285714285714
PUMPKIN,2017-03-06,86.25,115.8974358974359
SNAKE GOURD,2017-03-06,44.6153846153846,146.36363636363637
BRINJALS,2017-03-13,171.111111111111,91.25
CABBAGE,2017-03-13,20.10125,78.15789473684211
CARROT,2017-03-13,137.272727272727,101.1904761904762
LEEKS,2017-03-13,93.0,95.45454545454544
PUMPKIN,2017-03-13,88.0,115.28571428571428
SNAKE GOURD,2017-03-13,42.5,152.14285714285714
BRINJALS,2017-03-20,165.0,82.43243243243244
CABBAGE,2017-03-20,18.0499999999999,88.97435897435898
CARROT,2017-03-20,135.384615384615,119.26829268292684
LEEKS,2017-03-20,87.0,88.88888888888889
PUMPKIN,2017-03-20,85.7142857142857,109.47368421052632
SNAKE GOURD,2017-03-20,41.3333333333333,150.66666666666666
BRINJALS,2017-03-27,154.444444444444,107.0
CABBAGE,2017-03-27,17.3333333333333,112.43243243243244
CARROT,2017-03-27,145.454545454545,140.52631578947367
LEEKS,2017-03-27,85.4545454545454,115.25
PUMPKIN,2017-03-27,88.6363636363636,131.14285714285714
SNAKE GOURD,2017-03-27,37.9166666666666,158.9189189189189
BRINJALS,2017-04-03,148.333333333333,107.6923076923077
CABBAGE,2017-04-03,13.6666666666666,113.5897435897436
CARROT,2017-04-03,153.636363636363,139.5
LEEKS,2017-04-03,92.0,111.02564102564102
PUMPKIN,2017-04-03,95.5555555555555,122.25
SNAKE GOURD,2017-04-03,40.0,158.88888888888889
BRINJALS,2017-04-10,143.33333333333334,136.57142857142858
CABBAGE,2017-04-10,11.083333333333334,122.42424242424242
CARROT,2017-04-10,191.11111111111111,153.93939393939394
LEEKS,2017-04-10,93.33333333333331,120.55555555555556
PUMPKIN,2017-04-10,85.55555555555556,118.52941176470588
SNAKE GOURD,2017-04-10,47.72727272727273,157.8125
BRINJALS,2017-04-17,124.0,140.0
CABBAGE,2017-04-17,13.27666667,163.52941176470588
CARROT,2017-04-17,198.4615385,219.0909090909091
LEEKS,2017-04-17,95.38461538,115.83333333333331
PUMPKIN,2017-04-17,92.08333333,133.33333333333334
SNAKE GOURD,2017-04-17,45.38461538,154.28571428571428
BRINJALS,2017-04-24,118.333333333333,114.73684210526316
CABBAGE,2017-04-24,11.6666666666666,187.0
CARROT,2017-04-24,152.727272727272,218.8235294117647
LEEKS,2017-04-24,82.2222222222222,113.03030303030305
PUMPKIN,2017-04-24,57.0,123.125
SNAKE GOURD,2017-04-24,44.6153846153846,157.24137931034485
BRINJALS,2017-05-01,117.5,130.97560975609755
CABBAGE,2017-05-01,8.2,214.5
CARROT,2017-05-01,111.111111111111,278.3783783783784
LEEKS,2017-05-01,71.0,113.64864864864865
PUMPKIN,2017-05-01,43.2857142857142,115.60975609756098
SNAKE GOURD,2017-05-01,29.5,162.97297297297297
BRINJALS,2017-05-08,112.857142857142,148.2051282051282
CABBAGE,2017-05-08,7.42857142857142,211.53846153846155
CARROT,2017-05-08,101.818181818181,272.94117647058823
LEEKS,2017-05-08,58.8888888888888,115.9090909090909
PUMPKIN,2017-05-08,37.0833333333333,114.44444444444444
SNAKE GOURD,2017-05-08,38.076923076923,188.06451612903223
BRINJALS,2017-05-15,108.571428571428,149.23076923076923
CABBAGE,2017-05-15,8.57142857142857,212.5
CARROT,2017-05-15,99.0909090909091,299.35483870967744
LEEKS,2017-05-15,71.1111111111111,126.38888888888889
PUMPKIN,2017-05-15,34.8333333333333,113.15789473684212
SNAKE GOURD,2017-05-15,40.3076923076923,186.95652173913044
BRINJALS,2017-05-22,81.6666666666666,149.71428571428572
CABBAGE,2017-05-22,8.85714285714285,199.41176470588235
CARROT,2017-05-22,90.0,297.3333333333333
LEEKS,2017-05-22,57.5,124.16666666666669
PUMPKIN,2017-05-22,29.1666666666666,114.57142857142856
SNAKE GOURD,2017-05-22,34.5833333333333,194.54545454545453
BRINJALS,2017-05-29,56.6666666666666,181.8421052631579
CABBAGE,2017-05-29,13.8333333333333,230.0
CARROT,2017-05-29,84.0,300.0
LEEKS,2017-05-29,52.8571428571428,136.8181818181818
PUMPKIN,2017-05-29,35.0,134.11764705882354
SNAKE GOURD,2017-05-29,31.0,192.9032258064516
BRINJALS,2017-06-05,108.75,210.3703703703704
CABBAGE,2017-06-05,14.6666666666666,190.0
CARROT,2017-06-05,96.6666666666666,268.7096774193548
LEEKS,2017-06-05,70.0,136.76470588235293
PUMPKIN,2017-06-05,53.8888888888888,136.47058823529412
SNAKE GOURD,2017-06-05,30.4545454545454,194.34782608695653
BRINJALS,2017-06-12,107.142857142857,216.31578947368425
CABBAGE,2017-06-12,11.2857142857142,200.54054054054055
CARROT,2017-06-12,124.615384615384,356.6666666666667
LEEKS,2017-06-12,70.0,160.0
PUMPKIN,2017-06-12,68.0666666666666,157.27272727272728
SNAKE GOURD,2017-06-12,33.5833333333333,218.9655172413793
BRINJALS,2017-06-19,105.7142857,172.1875
CABBAGE,2017-06-19,14.2,197.5
CARROT,2017-06-19,116.0,320.7692307692308
LEEKS,2017-06-19,51.11111111,156.5
PUMPKIN,2017-06-19,74.0,165.66666666666666
SNAKE GOURD,2017-06-19,42.0,204.07407407407408
BRINJALS,2017-06-26,130.0,171.42857142857142
CABBAGE,2017-06-26,12.8,176.28571428571428
CARROT,2017-06-26,131.111111111111,296.2962962962963
LEEKS,2017-06-26,57.2727272727272,141.42857142857142
PUMPKIN,2017-06-26,95.0,185.55555555555551
SNAKE GOURD,2017-06-26,36.3636363636363,188.27586206896552
BRINJALS,2017-07-03,108.333333333333,145.78947368421052
CABBAGE,2017-07-03,9.14285714285714,153.33333333333334
CARROT,2017-07-03,134.0,243.33333333333337
LEEKS,2017-07-03,60.5555555555555,131.53846153846155
PUMPKIN,2017-07-03,102.222222222222,188.125
SNAKE GOURD,2017-07-03,25.5555555555555,195.3571428571429
BRINJALS,2017-07-10,131.666666666666,150.27027027027026
CABBAGE,2017-07-10,10.4285714285714,171.05263157894737
CARROT,2017-07-10,136.0,241.76470588235293
LEEKS,2017-07-10,67.2727272727272,129.0909090909091
PUMPKIN,2017-07-10,104.090909090909,196.66666666666663
SNAKE GOURD,2017-07-10,24.5833333333333,191.6
BRINJALS,2017-07-17,136.6666667,153.52941176470588
CABBAGE,2017-07-17,12.77272727,177.57575757575756
CARROT,2017-07-17,138.3333333,246.28571428571428
LEEKS,2017-07-17,71.53846154,126.97674418604652
PUMPKIN,2017-07-17,105.5555556,189.6296296296296
SNAKE GOURD,2017-07-17,32.125,188.3870967741935
BRINJALS,2017-07-24,120.0,177.3684210526316
CABBAGE,2017-07-24,11.5,172.0
CARROT,2017-07-24,140.0,231.33333333333337
LEEKS,2017-07-24,74.5454545454545,120.52631578947368
PUMPKIN,2017-07-24,86.875,180.6060606060606
SNAKE GOURD,2017-07-24,43.9166666666666,187.1875
BRINJALS,2017-07-31,105.714285714285,177.4193548387097
CABBAGE,2017-07-31,11.125,165.71428571428572
CARROT,2017-07-31,135.384615384615,214.48275862068965
LEEKS,2017-07-31,72.8571428571428,126.57894736842104
PUMPKIN,2017-07-31,115.714285714285,160.9375
SNAKE GOURD,2017-07-31,31.5384615384615,177.27272727272728
BRINJALS,2017-08-07,130.0,175.45454545454547
CABBAGE,2017-08-07,10.85714286,142.33333333333334
CARROT,2017-08-07,139.0909091,207.1428571428571
LEEKS,2017-08-07,90.0,126.28571428571428
PUMPKIN,2017-08-07,118.3333333,143.75
SNAKE GOURD,2017-08-07,25.0,175.625
BRINJALS,2017-08-14,113.75,173.25581395348837
CABBAGE,2017-08-14,9.66666666666666,126.5
CARROT,2017-08-14,138.333333333333,164.6341463414634
LEEKS,2017-08-14,83.076923076923,120.2439024390244
PUMPKIN,2017-08-14,120.0,119.28571428571428
SNAKE GOURD,2017-08-14,23.8,175.3125
BRINJALS,2017-08-21,150.0,170.0
CABBAGE,2017-08-21,10.818181818181818,118.6046511627907
CARROT,2017-08-21,142.14285714285714,156.09756097560975
LEEKS,2017-08-21,85.71428571428571,115.6818181818182
PUMPKIN,2017-08-21,104.1818181818182,105.0
SNAKE GOURD,2017-08-21,22.0,163.0
BRINJALS,2017-08-28,131.428571428571,176.1764705882353
CABBAGE,2017-08-28,9.14285714285714,107.17948717948718
CARROT,2017-08-28,144.0,135.89743589743588
LEEKS,2017-08-28,90.0,120.52631578947368
PUMPKIN,2017-08-28,93.5,100.57142857142856
SNAKE GOURD,2017-08-28,19.076923076923,140.0
BRINJALS,2017-09-04,115.0,185.8823529411765
CABBAGE,2017-09-04,9.8,117.17948717948718
CARROT,2017-09-04,158.888888888888,148.0
LEEKS,2017-09-04,87.5,132.12121212121212
PUMPKIN,2017-09-04,110.9,94.0625
SNAKE GOURD,2017-09-04,10.8461538461538,133.33333333333334
BRINJALS,2017-09-11,111.666666666666,206.0606060606061
CABBAGE,2017-09-11,8.75,120.54054054054056
CARROT,2017-09-11,162.5,149.21052631578948
LEEKS,2017-09-11,87.7777777777777,149.48717948717947
PUMPKIN,2017-09-11,111.285714285714,103.125
SNAKE GOURD,2017-09-11,13.9090909090909,149.28571428571428
BRINJALS,2017-09-18,111.1111111,184.73684210526315
CABBAGE,2017-09-18,9.833333333,115.22727272727272
CARROT,2017-09-18,164.1666667,136.31578947368422
LEEKS,2017-09-18,91.66666667,144.8780487804878
PUMPKIN,2017-09-18,116.0,106.75675675675676
SNAKE GOURD,2017-09-18,13.11111111,153.2258064516129
BRINJALS,2017-09-25,125.0,214.19354838709677
CABBAGE,2017-09-25,11.2,147.57575757575756
CARROT,2017-09-25,166.0,157.5
LEEKS,2017-09-25,92.7272727272727,177.09677419354838
PUMPKIN,2017-09-25,92.5454545454545,108.33333333333331
SNAKE GOURD,2017-09-25,14.9,154.54545454545453
BRINJALS,2017-10-02,116.0,222.16216216216216
CABBAGE,2017-10-02,11.0,150.54054054054055
CARROT,2017-10-02,152.0,167.71428571428572
LEEKS,2017-10-02,84.16666666666667,216.1290322580645
PUMPKIN,2017-10-02,80.0,108.83720930232558
SNAKE GOURD,2017-10-02,11.0,170.0
BRINJALS,2017-10-09,111.6666667,213.9393939393939
CABBAGE,2017-10-09,10.53846154,170.27777777777777
CARROT,2017-10-09,145.4545455,160.23809523809524
LEEKS,2017-10-09,82.30769231,212.8571428571429
PUMPKIN,2017-10-09,66.90909091,109.5
SNAKE GOURD,2017-10-09,10.5,170.27777777777777
BRINJALS,2017-10-16,107.7777778,208.75
CABBAGE,2017-10-16,10.25,176.875
CARROT,2017-10-16,130.0,177.5
LEEKS,2017-10-16,77.5,225.80645161290323
PUMPKIN,2017-10-16,60.5,113.14285714285714
SNAKE GOURD,2017-10-16,11.92307692,172.0
BRINJALS,2017-10-23,102.2222222,201.31578947368425
CABBAGE,2017-10-23,10.14285714,173.23529411764707
CARROT,2017-10-23,146.6666667,186.5625
LEEKS,2017-10-23,83.0,267.4193548387097
PUMPKIN,2017-10-23,58.25,114.11764705882354
SNAKE GOURD,2017-10-23,11.63636364,165.75757575757575
BRINJALS,2017-10-30,84.54545455,200.58823529411765
CABBAGE,2017-10-30,8.615384615,171.8181818181818
CARROT,2017-10-30,139.1666667,189.0
LEEKS,2017-10-30,79.09090909,235.71428571428572
PUMPKIN,2017-10-30,48.92857143,120.0
SNAKE GOURD,2017-10-30,10.9,175.80645161290323
BRINJALS,2017-11-06,60.83333333,216.58536585365857
CABBAGE,2017-11-06,7.5,168.78048780487805
CARROT,2017-11-06,129.1666667,221.6216216216216
LEEKS,2017-11-06,72.30769231,225.1282051282051
PUMPKIN,2017-11-06,45.0,130.23809523809524
SNAKE GOURD,2017-11-06,10.58333333,180.625
BRINJALS,2017-11-13,56.11111111,232.0
CABBAGE,2017-11-13,7.0,175.71428571428572
CARROT,2017-11-13,127.2727273,223.24324324324328
LEEKS,2017-11-13,70.0,239.3939393939394
PUMPKIN,2017-11-13,35.41666667,136.28571428571428
SNAKE GOURD,2017-11-13,8.909090909,176.20689655172413
BRINJALS,2017-11-20,54.0,229.42857142857144
CABBAGE,2017-11-20,9.1,215.2941176470588
CARROT,2017-11-20,122.0,240.3571428571429
LEEKS,2017-11-20,65.45454545,271.1764705882353
PUMPKIN,2017-11-20,37.27272727,130.0
SNAKE GOURD,2017-11-20,8.583333333,204.48275862068965
BRINJALS,2017-11-27,53.33333333,197.8947368421053
CABBAGE,2017-11-27,8.25,200.9090909090909
CARROT,2017-11-27,117.0,210.55555555555551
LEEKS,2017-11-27,63.33333333,277.7142857142857
PUMPKIN,2017-11-27,36.0,125.26315789473684
SNAKE GOURD,2017-11-27,11.0,195.1851851851852
BRINJALS,2017-12-04,55.71428571,197.5
CABBAGE,2017-12-04,5.8,198.0
CARROT,2017-12-04,118.75,207.87878787878788
LEEKS,2017-12-04,80.0,280.0
PUMPKIN,2017-12-04,44.0,128.97435897435898
SNAKE GOURD,2017-12-04,5.833333333,199.0625
BRINJALS,2017-12-11,61.42857143,210.78947368421052
CABBAGE,2017-12-11,6.0,187.6190476190476
CARROT,2017-12-11,115.4545455,205.5
LEEKS,2017-12-11,77.27272727,293.93939393939394
PUMPKIN,2017-12-11,49.0,128.75
SNAKE GOURD,2017-12-11,7.384615385,199.1891891891892
BRINJALS,2017-12-18,71.66666667,213.90243902439025
CABBAGE,2017-12-18,8.1,183.51351351351352
CARROT,2017-12-18,125.8333333,186.66666666666663
LEEKS,2017-12-18,83.63636364,283.05555555555554
PUMPKIN,2017-12-18,51.44444444,123.0
SNAKE GOURD,2017-12-18,10.11111111,208.57142857142856
BRINJALS,2017-12-25,77.5,262.05882352941177
CABBAGE,2017-12-25,8.8,156.66666666666666
CARROT,2017-12-25,132.5,205.80645161290323
LEEKS,2017-12-25,85.0,280.55555555555554
PUMPKIN,2017-12-25,71.42857143,118.64864864864865
SNAKE GOURD,2017-12-25,13.77777778,210.0
BRINJALS,2018-01-01,211.5384615,299.2857142857143
CABBAGE,2018-01-01,75.83333333,172.85714285714286
CARROT,2018-01-01,100.8333333,207.5
LEEKS,2018-01-01,182.5,269.4117647058824
PUMPKIN,2018-01-01,35.41666667,117.14285714285714
SNAKE GOURD,2018-01-01,98.33333333,192.33333333333337
BRINJALS,2018-01-08,111.6666667,201.33333333333337
CABBAGE,2018-01-08,45.38461538,139.3548387096774
CARROT,2018-01-08,90.0,182.97297297297297
LEEKS,2018-01-08,138.3333333,237.64705882352945
PUMPKIN,2018-01-08,40.83333333,118.78787878787878
SNAKE GOURD,2018-01-08,85.0,175.33333333333334
BRINJALS,2018-01-15,65.38461538,159.53488372093022
CABBAGE,2018-01-15,41.15384615,138.3783783783784
CARROT,2018-01-15,73.33333333,168.97435897435898
LEEKS,2018-01-15,172.5,241.8918918918919
PUMPKIN,2018-01-15,38.75,106.66666666666669
SNAKE GOURD,2018-01-15,75.83333333,171.71428571428572
BRINJALS,2018-01-22,63.07692308,140.5
CABBAGE,2018-01-22,34.61538462,111.94444444444444
CARROT,2018-01-22,70.41666667,147.3170731707317
LEEKS,2018-01-22,169.1666667,239.47368421052633
PUMPKIN,2018-01-22,36.66666667,101.95121951219512
SNAKE GOURD,2018-01-22,65.83333333,147.3684210526316
BRINJALS,2018-01-29,45.0,132.56410256410257
CABBAGE,2018-01-29,30.41666667,109.21052631578948
CARROT,2018-01-29,67.5,149.41176470588235
LEEKS,2018-01-29,165.8333333,229.1891891891892
PUMPKIN,2018-01-29,40.41666667,108.78048780487804
SNAKE GOURD,2018-01-29,68.33333333,156.21621621621622
BRINJALS,2018-02-05,41.78571429,122.3076923076923
CABBAGE,2018-02-05,29.64285714,115.94594594594597
CARROT,2018-02-05,65.0,148.1081081081081
LEEKS,2018-02-05,125.8333333,223.61111111111111
PUMPKIN,2018-02-05,42.08333333,113.51351351351352
SNAKE GOURD,2018-02-05,58.33333333,140.0
BRINJALS,2018-02-12,57.30769231,129.42857142857142
CABBAGE,2018-02-12,31.66666667,115.9375
CARROT,2018-02-12,92.5,181.1764705882353
LEEKS,2018-02-12,182.5,245.66666666666663
PUMPKIN,2018-02-12,45.83333333,114.375
SNAKE GOURD,2018-02-12,65.83333333,141.1764705882353
BRINJALS,2018-02-19,60.83333333,132.94117647058823
CABBAGE,2018-02-19,26.36363636,112.5
CARROT,2018-02-19,61.66666667,143.4375
LEEKS,2018-02-19,109.1666667,206.0606060606061
PUMPKIN,2018-02-19,47.91666667,116.875
SNAKE GOURD,2018-02-19,56.66666667,127.87878787878788
BRINJALS,2018-02-26,76.92307692,146.0
CABBAGE,2018-02-26,24.61538462,102.0
CARROT,2018-02-26,65.83333333,148.4848484848485
LEEKS,2018-02-26,102.5,190.9090909090909
PUMPKIN,2018-02-26,47.08333333,112.58064516129032
SNAKE GOURD,2018-02-26,64.16666667,128.42105263157896
BRINJALS,2018-03-05,74.64285714,129.41176470588235
CABBAGE,2018-03-05,22.85714286,100.3125
CARROT,2018-03-05,59.16666667,131.47058823529412
LEEKS,2018-03-05,93.33333333,172.5806451612903
PUMPKIN,2018-03-05,44.58333333,102.6470588235294
SNAKE GOURD,2018-03-05,54.16666667,118.23529411764706
BRINJALS,2018-03-12,52.08333333,127.42857142857144
CABBAGE,2018-03-12,24.16666667,107.22222222222224
CARROT,2018-03-12,60.0,135.67567567567568
LEEKS,2018-03-12,95.83333333,181.8421052631579
PUMPKIN,2018-03-12,42.5,101.17647058823528
SNAKE GOURD,2018-03-12,50.83333333,116.12903225806453
BRINJALS,2018-03-19,51.33333333,123.24324324324324
CABBAGE,2018-03-19,20.71428571,101.94444444444444
CARROT,2018-03-19,54.16666667,130.8108108108108
LEEKS,2018-03-19,90.0,163.88888888888889
PUMPKIN,2018-03-19,35.0,100.0
SNAKE GOURD,2018-03-19,60.83333333,136.0
BRINJALS,2018-03-26,48.33333333,123.33333333333331
CABBAGE,2018-03-26,23.33333333,101.42857142857144
CARROT,2018-03-26,65.83333333,149.7058823529412
LEEKS,2018-03-26,97.5,180.57142857142856
PUMPKIN,2018-03-26,27.5,98.4375
SNAKE GOURD,2018-03-26,55.83333333,129.14285714285714
BRINJALS,2018-04-02,46.92307692,120.0
CABBAGE,2018-04-02,27.27272727,103.88888888888889
CARROT,2018-04-02,65.0,144.72222222222223
LEEKS,2018-04-02,145.8333333,189.72972972972977
PUMPKIN,2018-04-02,19.58333333,97.14285714285714
SNAKE GOURD,2018-04-02,57.5,134.54545454545453
BRINJALS,2018-04-09,43.92857143,116.66666666666669
CABBAGE,2018-04-09,26.07142857,95.88235294117646
CARROT,2018-04-09,69.58333333,146.15384615384616
LEEKS,2018-04-09,118.3333333,187.22222222222223
PUMPKIN,2018-04-09,21.5,98.57142857142856
SNAKE GOURD,2018-04-09,53.33333333,123.4375
BRINJALS,2018-04-16,42.14285714,115.92592592592592
CABBAGE,2018-04-16,32.5,110.0
CARROT,2018-04-16,99.16666667,148.78787878787878
LEEKS,2018-04-16,145.8333333,221.3793103448276
PUMPKIN,2018-04-16,19.16666667,97.4074074074074
SNAKE GOURD,2018-04-16,55.83333333,138.07692307692307
BRINJALS,2018-04-23,40.71428571,108.37837837837836
CABBAGE,2018-04-23,28.07692308,103.52941176470588
CARROT,2018-04-23,88.33333333,147.56756756756758
LEEKS,2018-04-23,138.3333333,221.38888888888889
PUMPKIN,2018-04-23,18.75,94.24242424242424
SNAKE GOURD,2018-04-23,53.33333333,122.8125
BRINJALS,2018-04-30,55.41666667,114.375
CABBAGE,2018-04-30,28.75,107.58620689655172
CARROT,2018-04-30,90.0,148.70967741935485
LEEKS,2018-04-30,139.1666667,221.8181818181818
PUMPKIN,2018-04-30,17.91666667,81.81818181818181
SNAKE GOURD,2018-04-30,68.33333333,136.78571428571428
BRINJALS,2018-05-07,65.83333333,135.0
CABBAGE,2018-05-07,32.5,109.71428571428572
CARROT,2018-05-07,102.5,170.0
LEEKS,2018-05-07,144.1666667,226.47058823529412
PUMPKIN,2018-05-07,19.16666667,84.32432432432432
SNAKE GOURD,2018-05-07,75.83333333,143.4375
BRINJALS,2018-05-14,72.66666667,141.76470588235293
CABBAGE,2018-05-14,33.66666667,114.54545454545456
CARROT,2018-05-14,135.8333333,202.0
LEEKS,2018-05-14,154.1666667,227.05882352941177
PUMPKIN,2018-05-14,19.28571429,87.71428571428571
SNAKE GOURD,2018-05-14,90.0,167.0
BRINJALS,2018-05-21,73.21428571,146.8421052631579
CABBAGE,2018-05-21,50.35714286,123.14285714285714
CARROT,2018-05-21,171.6666667,251.8181818181818
LEEKS,2018-05-21,173.3333333,259.4117647058824
PUMPKIN,2018-05-21,21.66666667,88.15789473684211
SNAKE GOURD,2018-05-21,101.6666667,168.3783783783784
BRINJALS,2018-05-28,77.0,157.02702702702703
CABBAGE,2018-05-28,49.0,132.35294117647058
CARROT,2018-05-28,190.9090909,304.81481481481484
LEEKS,2018-05-28,175.4545455,276.1764705882353
PUMPKIN,2018-05-28,23.63636364,97.05882352941175
SNAKE GOURD,2018-05-28,100.9090909,167.0
BRINJALS,2018-06-04,102.5,188.4848484848485
CABBAGE,2018-06-04,65.83333333,147.27272727272728
CARROT,2018-06-04,193.3333333,305.27777777777777
LEEKS,2018-06-04,206.6666667,323.2258064516129
PUMPKIN,2018-06-04,26.66666667,87.5
SNAKE GOURD,2018-06-04,105.0,192.59259259259255
BRINJALS,2018-06-11,140.8333333,203.33333333333337
CABBAGE,2018-06-11,76.66666667,165.0
CARROT,2018-06-11,220.8333333,316.42857142857144
LEEKS,2018-06-11,220.8333333,317.4193548387097
PUMPKIN,2018-06-11,27.30769231,88.78787878787878
SNAKE GOURD,2018-06-11,123.3333333,195.0
BRINJALS,2018-06-18,109.1666667,193.1578947368421
CABBAGE,2018-06-18,112.5,191.6216216216216
CARROT,2018-06-18,285.0,343.8888888888889
LEEKS,2018-06-18,234.1666667,317.8787878787879
PUMPKIN,2018-06-18,26.66666667,87.3529411764706
SNAKE GOURD,2018-06-18,99.16666667,191.71428571428572
BRINJALS,2018-06-25,95.0,176.92307692307693
CABBAGE,2018-06-25,136.6666667,230.57142857142856
CARROT,2018-06-25,278.3333333,338.52941176470586
LEEKS,2018-06-25,205.8333333,295.9375
PUMPKIN,2018-06-25,27.5,89.39393939393939
SNAKE GOURD,2018-06-25,107.5,194.66666666666663
BRINJALS,2018-07-02,78.46153846,173.42857142857142
CABBAGE,2018-07-02,132.3076923,228.57142857142856
CARROT,2018-07-02,193.3333333,317.42857142857144
LEEKS,2018-07-02,160.0,293.3333333333333
PUMPKIN,2018-07-02,28.46153846,91.66666666666669
SNAKE GOURD,2018-07-02,103.3333333,192.05882352941177
BRINJALS,2018-07-09,61.42857143,159.72222222222223
CABBAGE,2018-07-09,126.6666667,225.3571428571429
CARROT,2018-07-09,186.6666667,273.0769230769231
LEEKS,2018-07-09,126.6666667,250.8571428571429
PUMPKIN,2018-07-09,32.91666667,100.57142857142856
SNAKE GOURD,2018-07-09,101.6666667,187.24137931034485
BRINJALS,2018-07-16,67.69,159.39
CABBAGE,2018-07-16,118.83,223.85
CARROT,2018-07-16,177.5,272.14
LEEKS,2018-07-16,110.83,210.0
PUMPKIN,2018-07-16,38.75,104.71
SNAKE GOURD,2018-07-16,88.33,185.56
BRINJALS,2018-07-23,70.0,162.0
CABBAGE,2018-07-23,131.0,234.28571428571428
CARROT,2018-07-23,207.0,277.94871794871796
LEEKS,2018-07-23,101.0,184.59459459459455
PUMPKIN,2018-07-23,40.5,113.61111111111111
SNAKE GOURD,2018-07-23,90.0,188.125
BRINJALS,2018-07-30,73.57142857,164.0
CABBAGE,2018-07-30,126.1538462,212.94117647058823
CARROT,2018-07-30,217.5,286.1111111111111
LEEKS,2018-07-30,74.16666667,155.0
PUMPKIN,2018-07-30,75.83333333,130.32258064516128
SNAKE GOURD,2018-07-30,85.83333333,176.47058823529412
BRINJALS,2018-08-06,70.38461538,152.28571428571428
CABBAGE,2018-08-06,93.84615385,200.32258064516128
CARROT,2018-08-06,235.8333333,295.625
LEEKS,2018-08-06,57.5,151.76470588235293
PUMPKIN,2018-08-06,78.33333333,135.16129032258064
SNAKE GOURD,2018-08-06,83.33333333,161.0
BRINJALS,2018-08-13,77.5,155.2941176470588
CABBAGE,2018-08-13,85.83333333,177.02702702702703
CARROT,2018-08-13,261.6666667,342.3529411764706
LEEKS,2018-08-13,50.83333333,132.57142857142858
PUMPKIN,2018-08-13,80.0,143.63636363636363
SNAKE GOURD,2018-08-13,78.33333333,154.11764705882354
BRINJALS,2018-08-20,87.5,158.125
CABBAGE,2018-08-20,95.83333333,205.80645161290323
CARROT,2018-08-20,269.1666667,345.0
LEEKS,2018-08-20,53.33333333,140.9375
PUMPKIN,2018-08-20,70.0,138.27586206896552
SNAKE GOURD,2018-08-20,50.0,143.2258064516129
BRINJALS,2018-08-27,110.0,176.7741935483871
CABBAGE,2018-08-27,98.46153846,203.51351351351352
CARROT,2018-08-27,258.3333333,345.29411764705884
LEEKS,2018-08-27,48.75,130.3125
PUMPKIN,2018-08-27,58.33333333,122.06896551724138
SNAKE GOURD,2018-08-27,53.07692308,146.25
BRINJALS,2018-09-03,92.85714286,170.6060606060606
CABBAGE,2018-09-03,123.8461538,208.4375
CARROT,2018-09-03,252.5,341.7647058823529
LEEKS,2018-09-03,40.0,124.70588235294116
PUMPKIN,2018-09-03,48.33333333,121.17647058823528
SNAKE GOURD,2018-09-03,51.53846154,126.25
BRINJALS,2018-09-10,91.66666667,162.94117647058823
CABBAGE,2018-09-10,100.0,206.36363636363637
CARROT,2018-09-10,211.8181818,291.6666666666667
LEEKS,2018-09-10,46.66666667,124.16666666666669
PUMPKIN,2018-09-10,42.5,118.23529411764706
SNAKE GOURD,2018-09-10,56.66666667,130.625
BRINJALS,2018-09-17,92.85714286,164.75
CABBAGE,2018-09-17,74.16666667,169.0625
CARROT,2018-09-17,167.5,282.1212121212121
LEEKS,2018-09-17,48.33333333,124.57142857142856
PUMPKIN,2018-09-17,38.33333333,117.1875
SNAKE GOURD,2018-09-17,54.16666667,121.8181818181818
BRINJALS,2018-09-24,88.0,153.05555555555554
CABBAGE,2018-09-24,58.46153846,150.3125
CARROT,2018-09-24,109.1666667,202.8571428571429
LEEKS,2018-09-24,45.83333333,119.71428571428572
PUMPKIN,2018-09-24,33.33333333,103.63636363636364
SNAKE GOURD,2018-09-24,51.66666667,121.8181818181818
BRINJALS,2018-10-01,81.42857143,134.44444444444446
CABBAGE,2018-10-01,40.76923077,132.94117647058823
CARROT,2018-10-01,106.6666667,186.66666666666663
LEEKS,2018-10-01,36.36363636,118.23529411764706
PUMPKIN,2018-10-01,33.75,114.28571428571428
SNAKE GOURD,2018-10-01,74.16666667,140.0
BRINJALS,2018-10-08,71.53846154,134.84848484848484
CABBAGE,2018-10-08,38.57142857,120.625
CARROT,2018-10-08,84.16666667,183.33333333333337
LEEKS,2018-10-08,31.66666667,116.47058823529412
PUMPKIN,2018-10-08,35.0,115.45454545454544
SNAKE GOURD,2018-10-08,90.0,146.66666666666666
BRINJALS,2018-10-15,93.84615385,161.61290322580646
CABBAGE,2018-10-15,67.91666667,148.0
CARROT,2018-10-15,124.1666667,204.83870967741936
LEEKS,2018-10-15,54.16666667,137.27272727272728
PUMPKIN,2018-10-15,37.91666667,116.7741935483871
SNAKE GOURD,2018-10-15,111.6666667,179.6551724137931
BRINJALS,2018-10-22,115.8333333,191.93548387096777
CABBAGE,2018-10-22,77.5,157.8125
CARROT,2018-10-22,125.8333333,208.8235294117647
LEEKS,2018-10-22,55.38461538,142.8125
PUMPKIN,2018-10-22,46.66666667,119.375
SNAKE GOURD,2018-10-22,120.8333333,192.66666666666663
BRINJALS,2018-10-29,125.8333333,206.1290322580645
CABBAGE,2018-10-29,83.33333333,165.0
CARROT,2018-10-29,155.8333333,224.72222222222223
LEEKS,2018-10-29,65.0,143.33333333333334
PUMPKIN,2018-10-29,45.83333333,112.6470588235294
SNAKE GOURD,2018-10-29,136.6666667,193.5483870967742
BRINJALS,2018-11-05,128.3333333,208.23529411764707
CABBAGE,2018-11-05,105.8333333,191.25
CARROT,2018-11-05,225.8333333,296.0
LEEKS,2018-11-05,126.6666667,207.87878787878788
PUMPKIN,2018-11-05,52.5,119.3939393939394
SNAKE GOURD,2018-11-05,118.3333333,190.3703703703704
BRINJALS,2018-11-12,111.6666667,200.8571428571429
CABBAGE,2018-11-12,108.3333333,200.33333333333337
CARROT,2018-11-12,227.5,335.48387096774195
LEEKS,2018-11-12,110.8333333,205.33333333333337
PUMPKIN,2018-11-12,53.33333333,121.875
SNAKE GOURD,2018-11-12,115.7142857,189.67741935483872
BRINJALS,2018-11-19,110.0,199.71428571428572
CABBAGE,2018-11-19,115.7142857,214.84848484848484
CARROT,2018-11-19,263.3333333,340.6896551724138
LEEKS,2018-11-19,185.8333333,258.2352941176471
PUMPKIN,2018-11-19,47.91666667,120.66666666666669
SNAKE GOURD,2018-11-19,115.0,189.41176470588235
BRINJALS,2018-11-26,114.1666667,202.35294117647055
CABBAGE,2018-11-26,112.5,200.83333333333337
CARROT,2018-11-26,215.0,323.2352941176471
LEEKS,2018-11-26,169.1666667,254.44444444444449
PUMPKIN,2018-11-26,45.0,117.6470588235294
SNAKE GOURD,2018-11-26,110.8333333,195.0
BRINJALS,2018-12-03,99.33333333,187.27272727272728
CABBAGE,2018-12-03,80.0,195.86206896551724
CARROT,2018-12-03,175.0,276.7647058823529
LEEKS,2018-12-03,143.3333333,242.22222222222223
PUMPKIN,2018-12-03,42.08333333,114.19354838709675
SNAKE GOURD,2018-12-03,83.63636364,176.66666666666666
BRINJALS,2018-12-10,96.78571429,172.05882352941177
CABBAGE,2018-12-10,80.0,176.76470588235293
CARROT,2018-12-10,208.3333333,281.61290322580646
LEEKS,2018-12-10,147.6923077,245.71428571428572
PUMPKIN,2018-12-10,36.25,108.4375
SNAKE GOURD,2018-12-10,63.33333333,158.1818181818182
BRINJALS,2018-12-17,100.0,176.875
CABBAGE,2018-12-17,98.0,183.0
CARROT,2018-12-17,125.8333333,244.54545454545453
LEEKS,2018-12-17,143.3333333,231.72413793103448
PUMPKIN,2018-12-17,31.25,109.35483870967742
SNAKE GOURD,2018-12-17,80.83333333,164.66666666666666
BRINJALS,2018-12-24,116.0,179.375
CABBAGE,2018-12-24,79.33333333,181.76470588235293
CARROT,2018-12-24,97.5,200.0
LEEKS,2018-12-24,123.3333333,207.05882352941177
PUMPKIN,2018-12-24,23.75,100.0
SNAKE GOURD,2018-12-24,59.16666667,154.375
BRINJALS,2018-12-31,93.84615385,151.42857142857142
CABBAGE,2018-12-31,59.23076923,157.33333333333334
CARROT,2018-12-31,82.5,166.96969696969697
LEEKS,2018-12-31,81.66666667,187.27272727272728
PUMPKIN,2018-12-31,19.16666667,92.5925925925926
SNAKE GOURD,2018-12-31,53.33333333,132.06896551724137
BRINJALS,2019-01-07,85.33333333,150.9375
CABBAGE,2019-01-07,42.0,118.6206896551724
CARROT,2019-01-07,71.66666667,155.0
LEEKS,2019-01-07,77.5,149.0909090909091
PUMPKIN,2019-01-07,15.41666667,89.6774193548387
SNAKE GOURD,2019-01-07,47.5,122.0
BRINJALS,2019-01-14,77.85714286,146.1290322580645
CABBAGE,2019-01-14,33.92857143,116.5625
CARROT,2019-01-14,64.16666667,140.625
LEEKS,2019-01-14,71.66666667,148.38709677419354
PUMPKIN,2019-01-14,16.66666667,90.37037037037037
SNAKE GOURD,2019-01-14,46.66666667,121.5625
BRINJALS,2019-01-21,58.0,131.11111111111111
CABBAGE,2019-01-21,30.76923077,112.3529411764706
CARROT,2019-01-21,70.0,144.0
LEEKS,2019-01-21,49.58333333,129.41176470588235
PUMPKIN,2019-01-21,16.15384615,74.375
SNAKE GOURD,2019-01-21,45.83333333,117.33333333333331
BRINJALS,2019-01-28,37.0,114.66666666666669
CABBAGE,2019-01-28,30.0,101.29032258064515
CARROT,2019-01-28,75.83333333,145.3125
LEEKS,2019-01-28,55.41666667,124.375
PUMPKIN,2019-01-28,15.58333333,72.5
SNAKE GOURD,2019-01-28,40.41666667,110.34482758620688
BRINJALS,2019-02-04,34.66666667,107.77777777777776
CABBAGE,2019-02-04,18.0,99.1891891891892
CARROT,2019-02-04,70.83333333,128.94736842105263
LEEKS,2019-02-04,45.83333333,121.8181818181818
PUMPKIN,2019-02-04,13.75,72.85714285714286
SNAKE GOURD,2019-02-04,38.33333333,107.27272727272728
BRINJALS,2019-02-11,47.33333333,116.47058823529412
CABBAGE,2019-02-11,15.8,94.6875
CARROT,2019-02-11,66.66666667,126.66666666666669
LEEKS,2019-02-11,35.0,116.96969696969695
PUMPKIN,2019-02-11,12.91666667,70.3125
SNAKE GOURD,2019-02-11,44.58333333,114.0
BRINJALS,2019-02-18,60.0,118.125
CABBAGE,2019-02-18,18.07692308,100.9375
CARROT,2019-02-18,70.0,149.6969696969697
LEEKS,2019-02-18,37.5,118.06451612903226
PUMPKIN,2019-02-18,21.25,81.93548387096774
SNAKE GOURD,2019-02-18,55.38461538,131.72413793103448
BRINJALS,2019-02-25,83.0,135.16129032258064
CABBAGE,2019-02-25,16.66666667,98.4375
CARROT,2019-02-25,65.83333333,136.66666666666666
LEEKS,2019-02-25,34.16666667,114.48275862068964
PUMPKIN,2019-02-25,19.58333333,78.0
SNAKE GOURD,2019-02-25,77.5,132.14285714285714
BRINJALS,2019-03-04,97.5,150.0
CABBAGE,2019-03-04,30.83333333,100.0
CARROT,2019-03-04,66.66666667,137.4193548387097
LEEKS,2019-03-04,44.58333333,118.125
PUMPKIN,2019-03-04,18.33333333,76.25
SNAKE GOURD,2019-03-04,55.0,129.31034482758622
BRINJALS,2019-03-11,86.0,136.42857142857142
CABBAGE,2019-03-11,28.0,92.58064516129032
CARROT,2019-03-11,68.33333333,138.6206896551724
LEEKS,2019-03-11,45.0,121.29032258064515
PUMPKIN,2019-03-11,19.16666667,80.3225806451613
SNAKE GOURD,2019-03-11,59.09090909,134.64285714285714
BRINJALS,2019-03-18,75.0,126.06060606060606
CABBAGE,2019-03-18,33.07692308,100.625
CARROT,2019-03-18,62.08333333,129.11764705882354
LEEKS,2019-03-18,49.58333333,124.82758620689656
PUMPKIN,2019-03-18,18.33333333,79.66666666666667
SNAKE GOURD,2019-03-18,73.46153846,134.07407407407408
BRINJALS,2019-03-25,46.42857143,122.42424242424242
CABBAGE,2019-03-25,32.5,100.37037037037037
CARROT,2019-03-25,59.5,127.09677419354838
LEEKS,2019-03-25,42.0,118.96551724137932
PUMPKIN,2019-03-25,17.0,76.07142857142857
SNAKE GOURD,2019-03-25,85.0,148.92857142857142
BRINJALS,2019-04-01,50.0,122.57142857142856
CABBAGE,2019-04-01,31.25,98.38709677419357
CARROT,2019-04-01,60.0,138.57142857142858
LEEKS,2019-04-01,46.5,122.6470588235294
PUMPKIN,2019-04-01,18.5,84.24242424242425
SNAKE GOURD,2019-04-01,86.36363636,150.2941176470588
BRINJALS,2019-04-08,66.25,134.11764705882354
CABBAGE,2019-04-08,35.0,124.28571428571428
CARROT,2019-04-08,81.66666667,152.94117647058823
LEEKS,2019-04-08,53.75,144.11764705882354
PUMPKIN,2019-04-08,20.0,97.5
SNAKE GOURD,2019-04-08,79.16666667,147.85714285714286
BRINJALS,2019-04-15,46.58653846,121.71399594320488
CABBAGE,2019-04-15,28.75,118.03571428571428
CARROT,2019-04-15,65.33333333499999,153.13725490196077
LEEKS,2019-04-15,40.625,132.7731092436975
PUMPKIN,2019-04-15,27.25,97.19827586206895
SNAKE GOURD,2019-04-15,85.58333333499999,154.484126984127
BRINJALS,2019-04-22,26.92307692,109.3103448275862
CABBAGE,2019-04-22,22.5,111.78571428571428
CARROT,2019-04-22,49.0,153.33333333333334
LEEKS,2019-04-22,27.5,121.42857142857144
PUMPKIN,2019-04-22,34.5,96.89655172413794
SNAKE GOURD,2019-04-22,92.0,161.11111111111111
BRINJALS,2019-04-29,55.71428571,127.85714285714286
CABBAGE,2019-04-29,31.78571429,117.24137931034484
CARROT,2019-04-29,75.0,151.42857142857142
LEEKS,2019-04-29,41.0,122.75862068965516
PUMPKIN,2019-04-29,36.0,104.44444444444444
SNAKE GOURD,2019-04-29,120.0,194.16666666666663
BRINJALS,2019-05-06,98.63636364,155.80645161290323
CABBAGE,2019-05-06,63.63636364,125.33333333333331
CARROT,2019-05-06,124.0,190.71428571428572
LEEKS,2019-05-06,62.0,150.37037037037038
PUMPKIN,2019-05-06,47.0,117.14285714285714
SNAKE GOURD,2019-05-06,140.0,208.0
BRINJALS,2019-05-13,119.0909091,191.29032258064515
CABBAGE,2019-05-13,65.0,155.0
CARROT,2019-05-13,136.0,201.72413793103448
LEEKS,2019-05-13,64.0,159.28571428571428
PUMPKIN,2019-05-13,56.5,117.93103448275862
SNAKE GOURD,2019-05-13,129.0,194.13793103448276
BRINJALS,2019-05-20,110.4545455,163.79310344827587
CABBAGE,2019-05-20,52.0,148.125
CARROT,2019-05-20,138.0,212.35294117647055
LEEKS,2019-05-20,58.0,146.4516129032258
PUMPKIN,2019-05-20,65.5,128.92857142857142
SNAKE GOURD,2019-05-20,111.0,191.07142857142856
BRINJALS,2019-05-27,72.91666667,138.0
CABBAGE,2019-05-27,43.84615385,128.57142857142858
CARROT,2019-05-27,123.0,200.0
LEEKS,2019-05-27,45.0,127.58620689655172
PUMPKIN,2019-05-27,64.0,126.29629629629628
SNAKE GOURD,2019-05-27,81.0,173.21428571428572
BRINJALS,2019-06-03,54.16666667,125.33333333333331
CABBAGE,2019-06-03,37.5,126.20689655172414
CARROT,2019-06-03,115.0,181.85185185185185
LEEKS,2019-06-03,47.27272727,128.125
PUMPKIN,2019-06-03,66.0,135.76923076923077
SNAKE GOURD,2019-06-03,61.0,172.08333333333334
BRINJALS,2019-06-10,52.85714286,124.24242424242424
CABBAGE,2019-06-10,31.78571429,119.33333333333331
CARROT,2019-06-10,110.0,179.66666666666666
LEEKS,2019-06-10,41.0,122.90322580645162
PUMPKIN,2019-06-10,87.0,143.84615384615384
SNAKE GOURD,2019-06-10,60.0,166.36363636363637
BRINJALS,2019-06-17,54.58333333,127.74193548387096
CABBAGE,2019-06-17,22.91666667,111.875
CARROT,2019-06-17,108.0,173.33333333333334
LEEKS,2019-06-17,39.0,121.25
PUMPKIN,2019-06-17,120.0,180.71428571428572
SNAKE GOURD,2019-06-17,57.77777778,151.85185185185185
BRINJALS,2019-06-24,59.16666667,131.875
CABBAGE,2019-06-24,21.25,104.66666666666669
CARROT,2019-06-24,98.0,172.66666666666666
LEEKS,2019-06-24,42.0,121.875
PUMPKIN,2019-06-24,140.0,199.25925925925927
SNAKE GOURD,2019-06-24,75.0,142.14285714285714
BRINJALS,2019-07-01,72.91666667,133.79310344827587
CABBAGE,2019-07-01,25.83333333,107.1875
CARROT,2019-07-01,116.0,184.13793103448276
LEEKS,2019-07-01,51.0,124.48275862068964
PUMPKIN,2019-07-01,134.0,195.86206896551724
SNAKE GOURD,2019-07-01,71.0,142.22222222222223
BRINJALS,2019-07-08,77.91666667,136.25
CABBAGE,2019-07-08,29.09090909,107.58620689655172
CARROT,2019-07-08,92.0,171.61290322580646
LEEKS,2019-07-08,45.0,120.9375
PUMPKIN,2019-07-08,88.0,186.7741935483871
SNAKE GOURD,2019-07-08,74.0,142.75862068965515
BRINJALS,2019-07-15,62.85714286,137.0
CABBAGE,2019-07-15,22.5,106.76470588235294
CARROT,2019-07-15,95.0,174.24242424242425
LEEKS,2019-07-15,48.0,130.66666666666666
PUMPKIN,2019-07-15,67.0,165.66666666666666
SNAKE GOURD,2019-07-15,70.0,133.79310344827587
BRINJALS,2019-07-22,75.83333333,136.42857142857142
CABBAGE,2019-07-22,17.5,102.06896551724138
CARROT,2019-07-22,74.0,155.17241379310346
LEEKS,2019-07-22,30.0,122.06896551724138
PUMPKIN,2019-07-22,63.0,137.85714285714286
SNAKE GOURD,2019-07-22,67.27272727,148.75
BRINJALS,2019-07-29,74.16666667,134.66666666666666
CABBAGE,2019-07-29,18.75,102.75862068965516
CARROT,2019-07-29,67.0,145.66666666666666
LEEKS,2019-07-29,32.0,122.96296296296296
PUMPKIN,2019-07-29,55.0,131.0
SNAKE GOURD,2019-07-29,81.0,144.51612903225808
BRINJALS,2019-08-05,77.5,138.0
CABBAGE,2019-08-05,26.66666667,106.29629629629628
CARROT,2019-08-05,77.0,149.66666666666666
LEEKS,2019-08-05,37.0,124.28571428571428
PUMPKIN,2019-08-05,50.0,126.66666666666669
SNAKE GOURD,2019-08-05,76.0,137.24137931034485
BRINJALS,2019-08-12,80.0,139.0
CABBAGE,2019-08-12,24.09090909,97.0
CARROT,2019-08-12,67.0,133.33333333333334
LEEKS,2019-08-12,31.5,114.6875
PUMPKIN,2019-08-12,51.0,128.0
SNAKE GOURD,2019-08-12,77.27272727,141.66666666666666
BRINJALS,2019-08-19,84.16666667,143.23529411764707
CABBAGE,2019-08-19,25.83333333,113.05555555555556
CARROT,2019-08-19,64.0,128.33333333333334
LEEKS,2019-08-19,38.5,120.54054054054056
PUMPKIN,2019-08-19,39.0,117.77777777777776
SNAKE GOURD,2019-08-19,81.0,152.57142857142858
BRINJALS,2019-08-26,105.3846154,155.75
CABBAGE,2019-08-26,40.0,120.83333333333331
CARROT,2019-08-26,60.0,128.64864864864865
LEEKS,2019-08-26,44.0,124.32432432432432
PUMPKIN,2019-08-26,42.5,120.0
SNAKE GOURD,2019-08-26,92.0,158.33333333333334
BRINJALS,2019-09-02,106.6666667,162.05882352941177
CABBAGE,2019-09-02,48.33333333,128.4375
CARROT,2019-09-02,63.0,132.90322580645162
LEEKS,2019-09-02,57.0,125.29411764705884
PUMPKIN,2019-09-02,53.5,126.12903225806453
SNAKE GOURD,2019-09-02,94.0,147.58620689655172
BRINJALS,2019-09-09,98.33333333,154.11764705882354
CABBAGE,2019-09-09,57.27272727,130.6451612903226
CARROT,2019-09-09,60.0,127.58620689655172
LEEKS,2019-09-09,49.0,124.0
PUMPKIN,2019-09-09,54.5,130.96774193548387
SNAKE GOURD,2019-09-09,108.0,166.4516129032258
BRINJALS,2019-09-16,99.09090909,171.25
CABBAGE,2019-09-16,59.09090909,135.71428571428572
CARROT,2019-09-16,61.0,136.1290322580645
LEEKS,2019-09-16,56.0,130.6451612903226
PUMPKIN,2019-09-16,57.5,131.3793103448276
SNAKE GOURD,2019-09-16,111.0,173.10344827586206
BRINJALS,2019-09-23,98.18181818,156.25
CABBAGE,2019-09-23,88.18181818,178.125
CARROT,2019-09-23,64.0,138.4848484848485
LEEKS,2019-09-23,49.0,128.33333333333334
PUMPKIN,2019-09-23,74.0,132.94117647058823
SNAKE GOURD,2019-09-23,113.0,174.19354838709677
BRINJALS,2019-09-30,99.23076923,166.66666666666666
CABBAGE,2019-09-30,96.66666667,177.40740740740742
CARROT,2019-09-30,80.0,155.9375
LEEKS,2019-09-30,62.0,135.17241379310346
PUMPKIN,2019-09-30,77.0,138.9655172413793
SNAKE GOURD,2019-09-30,132.0,194.375
BRINJALS,2019-10-07,103.3333333,174.66666666666666
CABBAGE,2019-10-07,99.23076923,179.31034482758622
CARROT,2019-10-07,89.0,162.8125
LEEKS,2019-10-07,70.0,152.5806451612903
PUMPKIN,2019-10-07,79.0,145.625
SNAKE GOURD,2019-10-07,135.0,198.75
BRINJALS,2019-10-14,86.53846154,159.11764705882354
CABBAGE,2019-10-14,105.8333333,190.0
CARROT,2019-10-14,116.0,167.0
LEEKS,2019-10-14,91.0,172.12121212121212
PUMPKIN,2019-10-14,82.0,148.0
SNAKE GOURD,2019-10-14,122.0,188.75
BRINJALS,2019-10-21,65.0,158.0
CABBAGE,2019-10-21,109.2307692,196.1290322580645
CARROT,2019-10-21,164.0,243.44827586206895
LEEKS,2019-10-21,126.0,193.7037037037037
PUMPKIN,2019-10-21,69.0,141.3793103448276
SNAKE GOURD,2019-10-21,122.7272727,191.93548387096777
BRINJALS,2019-10-28,62.5,140.33333333333334
CABBAGE,2019-10-28,104.0909091,194.19354838709677
CARROT,2019-10-28,160.0,229.7058823529412
LEEKS,2019-10-28,115.0,203.33333333333337
PUMPKIN,2019-10-28,62.5,138.70967741935485
SNAKE GOURD,2019-10-28,114.0,187.27272727272728
BRINJALS,2019-11-04,92.27272727,161.33333333333334
CABBAGE,2019-11-04,111.8181818,200.2941176470588
CARROT,2019-11-04,200.0,252.5806451612903
LEEKS,2019-11-04,213.0,283.0
PUMPKIN,2019-11-04,51.0,135.0
SNAKE GOURD,2019-11-04,116.0,187.74193548387095
BRINJALS,2019-11-11,141.25,220.0
CABBAGE,2019-11-11,109.1666667,195.2173913043478
CARROT,2019-11-11,203.0,360.45454545454544
LEEKS,2019-11-11,216.0,351.3636363636364
PUMPKIN,2019-11-11,50.0,122.5
SNAKE GOURD,2019-11-11,114.0,163.91304347826087
BRINJALS,2019-11-18,125.3846154,187.0967741935484
CABBAGE,2019-11-18,90.0,179.31034482758622
CARROT,2019-11-18,197.0,253.4375
LEEKS,2019-11-18,214.5454545,306.2068965517241
PUMPKIN,2019-11-18,36.0,116.4516129032258
SNAKE GOURD,2019-11-18,84.0,151.72413793103448
BRINJALS,2019-11-25,110.4545455,181.2121212121212
CABBAGE,2019-11-25,63.63636364,162.5
CARROT,2019-11-25,175.0,244.51612903225808
LEEKS,2019-11-25,231.0,328.8235294117647
PUMPKIN,2019-11-25,31.0,109.0909090909091
SNAKE GOURD,2019-11-25,77.0,150.0
BRINJALS,2019-12-02,122.9166667,194.54545454545453
CABBAGE,2019-12-02,74.54545455,184.19354838709677
CARROT,2019-12-02,176.0,277.57575757575756
LEEKS,2019-12-02,246.0,339.375
PUMPKIN,2019-12-02,33.5,113.10344827586206
SNAKE GOURD,2019-12-02,104.0,186.875
BRINJALS,2019-12-09,180.4166667,269.6969696969697
CABBAGE,2019-12-09,86.36363636,198.06451612903223
CARROT,2019-12-09,221.0,308.38709677419354
LEEKS,2019-12-09,279.0,383.52941176470586
PUMPKIN,2019-12-09,35.0,117.09677419354838
SNAKE GOURD,2019-12-09,139.0,222.5
BRINJALS,2019-12-16,252.5,348.2352941176471
CABBAGE,2019-12-16,101.6666667,198.0
CARROT,2019-12-16,244.0,328.46153846153845
LEEKS,2019-12-16,292.0,391.25
PUMPKIN,2019-12-16,38.0,119.3103448275862
SNAKE GOURD,2019-12-16,146.0,230.3448275862069
BRINJALS,2019-12-23,338.3333333,422.8571428571428
CABBAGE,2019-12-23,112.7272727,204.28571428571428
CARROT,2019-12-23,322.0,412.5
LEEKS,2019-12-23,315.0,435.17241379310343
PUMPKIN,2019-12-23,41.0,122.3076923076923
SNAKE GOURD,2019-12-23,143.0,229.6296296296296
BRINJALS,2019-12-30,205.4545455,304.0
CABBAGE,2019-12-30,110.0,197.24137931034485
CARROT,2019-12-30,318.0,402.258064516129
LEEKS,2019-12-30,302.0,419.35483870967744
PUMPKIN,2019-12-30,40.0,110.71428571428572
SNAKE GOURD,2019-12-30,131.0,224.66666666666663
BRINJALS,2020-01-06,175.4545455,256.0
CABBAGE,2020-01-06,117.2727273,216.33333333333337
CARROT,2020-01-06,386.0,483.1034482758621
LEEKS,2020-01-06,312.0,423.8709677419355
PUMPKIN,2020-01-06,50.5,123.0
SNAKE GOURD,2020-01-06,138.0,226.42857142857144
BRINJALS,2020-01-13,152.2727273,242.8571428571429
CABBAGE,2020-01-13,125.4545455,219.31034482758625
CARROT,2020-01-13,366.0,425.7142857142857
LEEKS,2020-01-13,282.0,418.57142857142856
PUMPKIN,2020-01-13,85.0,142.22222222222223
SNAKE GOURD,2020-01-13,126.0,226.66666666666663
BRINJALS,2020-01-20,82.08333333,158.66666666666666
CABBAGE,2020-01-20,92.72727273,204.7058823529412
CARROT,2020-01-20,392.0,481.2121212121212
LEEKS,2020-01-20,216.0,343.6363636363636
PUMPKIN,2020-01-20,118.0,185.16129032258064
SNAKE GOURD,2020-01-20,119.0,197.74193548387095
BRINJALS,2020-01-27,89.16666667,171.875
CABBAGE,2020-01-27,110.8333333,208.70967741935485
CARROT,2020-01-27,374.0,478.92857142857144
LEEKS,2020-01-27,235.0,348.62068965517244
PUMPKIN,2020-01-27,153.0,235.75757575757575
SNAKE GOURD,2020-01-27,126.0,207.74193548387095
BRINJALS,2020-02-03,87.5,171.0
CABBAGE,2020-02-03,116.6666667,214.19354838709677
CARROT,2020-02-03,292.0,411.875
LEEKS,2020-02-03,224.0,315.51724137931035
PUMPKIN,2020-02-03,172.0,259.35483870967744
SNAKE GOURD,2020-02-03,116.0,195.2
BRINJALS,2020-02-10,100.0,182.5806451612903
CABBAGE,2020-02-10,105.0,201.8181818181818
CARROT,2020-02-10,185.0,279.375
LEEKS,2020-02-10,178.0,274.4117647058824
PUMPKIN,2020-02-10,161.0,254.0
SNAKE GOURD,2020-02-10,97.0,189.0625
BRINJALS,2020-02-17,113.75,167.40740740740742
CABBAGE,2020-02-17,80.0,167.93103448275863
CARROT,2020-02-17,153.0,230.3125
LEEKS,2020-02-17,124.0,218.75
PUMPKIN,2020-02-17,110.0,209.0
SNAKE GOURD,2020-02-17,85.0,170.0
BRINJALS,2020-02-24,96.66666667,166.06060606060606
CABBAGE,2020-02-24,69.0,146.5625
CARROT,2020-02-24,116.0,194.44444444444449
LEEKS,2020-02-24,97.0,179.0625
PUMPKIN,2020-02-24,85.0,178.4848484848485
SNAKE GOURD,2020-02-24,72.0,147.58620689655172
BRINJALS,2020-03-02,94.61538462,148.14814814814815
CABBAGE,2020-03-02,77.5,154.82758620689654
CARROT,2020-03-02,137.0,206.66666666666663
LEEKS,2020-03-02,115.0,181.0
PUMPKIN,2020-03-02,72.0,140.0
SNAKE GOURD,2020-03-02,71.66666667,145.76923076923077
BRINJALS,2020-03-09,94.10256410666666,146.91623263888889
CABBAGE,2020-03-09,71.66666666666667,154.3444104560623
CARROT,2020-03-09,129.11111111111111,204.79166666666663
LEEKS,2020-03-09,110.66666666666669,179.40524193548387
PUMPKIN,2020-03-09,70.22222222222223,137.21774193548387
SNAKE GOURD,2020-03-09,73.48148148444444,145.73123449131515
BRINJALS,2020-03-16,93.58974359333334,145.68431712962962
CABBAGE,2020-03-16,65.83333333333333,153.861234705228
CARROT,2020-03-16,121.22222222222224,202.91666666666663
LEEKS,2020-03-16,106.33333333333331,177.81048387096774
PUMPKIN,2020-03-16,68.44444444444444,134.43548387096774
SNAKE GOURD,2020-03-16,75.29629629888889,145.6932382133995
BRINJALS,2020-03-23,93.07692308,144.45240162037038
CABBAGE,2020-03-23,60.0,153.37805895439377
CARROT,2020-03-23,113.33333333333331,201.04166666666663
LEEKS,2020-03-23,102.0,176.21572580645162
PUMPKIN,2020-03-23,66.66666666666667,131.65322580645162
SNAKE GOURD,2020-03-23,77.11111111333334,145.65524193548387
BRINJALS,2020-03-30,92.56410256666666,143.22048611111111
CABBAGE,2020-03-30,54.16666666666667,152.89488320355952
CARROT,2020-03-30,105.44444444444444,199.16666666666663
LEEKS,2020-03-30,97.66666666666669,174.6209677419355
PUMPKIN,2020-03-30,64.88888888888889,128.8709677419355
SNAKE GOURD,2020-03-30,78.92592592777778,145.61724565756825
BRINJALS,2020-04-06,92.05128205333334,141.98857060185185
CABBAGE,2020-04-06,48.333333333333336,152.41170745272524
CARROT,2020-04-06,97.55555555555556,197.29166666666663
LEEKS,2020-04-06,93.33333333333334,173.02620967741936
PUMPKIN,2020-04-06,63.111111111111114,126.08870967741936
SNAKE GOURD,2020-04-06,80.74074074222221,145.5792493796526
BRINJALS,2020-04-13,91.53846154,140.7566550925926
CABBAGE,2020-04-13,42.5,151.928531701891
CARROT,2020-04-13,89.66666666666666,195.41666666666663
LEEKS,2020-04-13,89.0,171.43145161290323
PUMPKIN,2020-04-13,61.333333333333336,123.30645161290325
SNAKE GOURD,2020-04-13,82.55555555666666,145.54125310173697
BRINJALS,2020-04-20,91.02564102666666,139.52473958333334
CABBAGE,2020-04-20,36.66666666666667,151.4453559510567
CARROT,2020-04-20,81.77777777777777,193.54166666666663
LEEKS,2020-04-20,84.66666666666667,169.8366935483871
PUMPKIN,2020-04-20,59.55555555555556,120.5241935483871
SNAKE GOURD,2020-04-20,84.37037037111111,145.50325682382137
BRINJALS,2020-04-27,90.51282051333334,138.29282407407408
CABBAGE,2020-04-27,30.833333333333336,150.96218020022246
CARROT,2020-04-27,73.88888888888889,191.66666666666663
LEEKS,2020-04-27,80.33333333333334,168.24193548387098
PUMPKIN,2020-04-27,57.77777777777778,117.74193548387098
SNAKE GOURD,2020-04-27,86.18518518555555,145.46526054590572
BRINJALS,2020-05-04,90.0,137.0609085648148
CABBAGE,2020-05-04,25.0,150.4790044493882
CARROT,2020-05-04,66.0,189.79166666666663
LEEKS,2020-05-04,76.0,166.64717741935482
PUMPKIN,2020-05-04,56.0,114.95967741935485
SNAKE GOURD,2020-05-04,88.0,145.42726426799007
BRINJALS,2020-05-11,88.0,135.82899305555554
CABBAGE,2020-05-11,35.0,149.99582869855394
CARROT,2020-05-11,57.0,187.91666666666663
LEEKS,2020-05-11,95.0,165.0524193548387
PUMPKIN,2020-05-11,46.0,112.17741935483872
SNAKE GOURD,2020-05-11,100.0,145.38926799007444
BRINJALS,2020-05-18,112.0,134.5970775462963
CABBAGE,2020-05-18,42.0,149.5126529477197
CARROT,2020-05-18,65.0,186.04166666666663
LEEKS,2020-05-18,111.0,163.45766129032256
PUMPKIN,2020-05-18,31.66666667,109.39516129032258
SNAKE GOURD,2020-05-18,116.0,145.35127171215882
BRINJALS,2020-05-25,101.0,133.36516203703704
CABBAGE,2020-05-25,57.0,149.0294771968854
CARROT,2020-05-25,100.0,184.16666666666663
LEEKS,2020-05-25,108.8888889,161.86290322580643
PUMPKIN,2020-05-25,34.44444444,106.61290322580643
SNAKE GOURD,2020-05-25,118.0,145.31327543424317
BRINJALS,2020-06-01,107.0,132.13324652777777
CABBAGE,2020-06-01,98.18181818,148.54630144605116
CARROT,2020-06-01,133.0,182.29166666666663
LEEKS,2020-06-01,118.0,160.2681451612903
PUMPKIN,2020-06-01,35.0,103.83064516129032
SNAKE GOURD,2020-06-01,125.5555556,145.27527915632754
BRINJALS,2020-06-08,81.11111111,130.90133101851853
CABBAGE,2020-06-08,70.0,148.0631256952169
CARROT,2020-06-08,137.0,180.41666666666663
LEEKS,2020-06-08,124.0,158.67338709677418
PUMPKIN,2020-06-08,34.0,101.0483870967742
SNAKE GOURD,2020-06-08,83.0,145.23728287841192
BRINJALS,2020-06-15,69.0,129.66941550925927
CABBAGE,2020-06-15,65.55555556,147.57994994438263
CARROT,2020-06-15,120.0,178.54166666666666
LEEKS,2020-06-15,104.0,157.07862903225805
PUMPKIN,2020-06-15,33.5,98.26612903225806
SNAKE GOURD,2020-06-15,58.0,145.1992866004963
BRINJALS,2020-06-22,53.63636364,128.4375
CABBAGE,2020-06-22,64.54545455,147.09677419354838
CARROT,2020-06-22,117.0,176.66666666666666
LEEKS,2020-06-22,89.09090909,155.48387096774192
PUMPKIN,2020-06-22,30.0,95.48387096774194
SNAKE GOURD,2020-06-22,74.44444444,145.16129032258064
BRINJALS,2020-06-29,52.27272727,124.0
CABBAGE,2020-06-29,77.0,148.8235294117647
CARROT,2020-06-29,109.0,173.33333333333334
LEEKS,2020-06-29,72.0,148.38709677419354
PUMPKIN,2020-06-29,30.5,100.9090909090909
SNAKE GOURD,2020-06-29,67.0,139.3548387096774
BRINJALS,2020-07-06,56.66666667,126.06060606060606
CABBAGE,2020-07-06,68.0,137.66666666666666
CARROT,2020-07-06,86.0,162.57142857142858
LEEKS,2020-07-06,53.0,133.2258064516129
PUMPKIN,2020-07-06,29.0,96.66666666666669
SNAKE GOURD,2020-07-06,62.0,136.4516129032258
BRINJALS,2020-07-13,62.0,127.14285714285714
CABBAGE,2020-07-13,69.09090909,144.33333333333334
CARROT,2020-07-13,70.0,157.03703703703704
LEEKS,2020-07-13,43.0,131.3793103448276
PUMPKIN,2020-07-13,33.125,100.34482758620688
SNAKE GOURD,2020-07-13,58.0,134.48275862068965
BRINJALS,2020-07-20,71.0,138.57142857142858
CABBAGE,2020-07-20,71.36363636,146.78571428571428
CARROT,2020-07-20,89.0,158.27586206896552
LEEKS,2020-07-20,45.0,134.28571428571428
PUMPKIN,2020-07-20,43.5,117.85714285714286
SNAKE GOURD,2020-07-20,60.0,136.78571428571428
BRINJALS,2020-07-27,95.0,157.14285714285714
CABBAGE,2020-07-27,76.5,158.92857142857142
CARROT,2020-07-27,90.0,159.23076923076923
LEEKS,2020-07-27,73.0,136.78571428571428
PUMPKIN,2020-07-27,55.0,120.71428571428572
SNAKE GOURD,2020-07-27,61.0,142.5
BRINJALS,2020-08-03,93.07692308,154.64285714285714
CABBAGE,2020-08-03,86.36363636,146.07142857142858
CARROT,2020-08-03,124.0,165.55555555555554
LEEKS,2020-08-03,51.0,133.92857142857142
PUMPKIN,2020-08-03,76.0,123.92857142857144
SNAKE GOURD,2020-08-03,77.0,157.85714285714286
BRINJALS,2020-08-10,98.75,155.0
CABBAGE,2020-08-10,74.5,143.57142857142858
CARROT,2020-08-10,88.0,153.57142857142858
LEEKS,2020-08-10,56.0,135.1851851851852
PUMPKIN,2020-08-10,92.0,136.07142857142858
SNAKE GOURD,2020-08-10,87.0,154.0625
BRINJALS,2020-08-17,119.0,176.96969696969697
CABBAGE,2020-08-17,113.0,200.0
CARROT,2020-08-17,98.0,169.03225806451613
LEEKS,2020-08-17,51.0,124.33333333333331
PUMPKIN,2020-08-17,110.0,178.70967741935485
SNAKE GOURD,2020-08-17,108.8888889,163.44827586206895
BRINJALS,2020-08-24,93.0,173.4375
CABBAGE,2020-08-24,121.0,201.0344827586207
CARROT,2020-08-24,110.0,181.0
LEEKS,2020-08-24,45.0,122.25806451612904
PUMPKIN,2020-08-24,127.0,205.33333333333337
SNAKE GOURD,2020-08-24,95.0,158.88888888888889
BRINJALS,2020-08-31,79.0,134.44444444444446
CABBAGE,2020-08-31,88.0,171.78571428571428
CARROT,2020-08-31,109.0909091,168.66666666666666
LEEKS,2020-08-31,43.0,115.86206896551724
PUMPKIN,2020-08-31,125.0,187.93103448275863
SNAKE GOURD,2020-08-31,91.0,157.91666666666666
BRINJALS,2020-09-07,52.0,118.51851851851852
CABBAGE,2020-09-07,72.0,148.07692307692307
CARROT,2020-09-07,121.0,188.88888888888889
LEEKS,2020-09-07,42.0,111.85185185185183
PUMPKIN,2020-09-07,126.0,190.3703703703704
SNAKE GOURD,2020-09-07,117.0,171.36363636363637
BRINJALS,2020-09-14,44.0,117.24137931034484
CABBAGE,2020-09-14,80.0,156.42857142857142
CARROT,2020-09-14,138.0,198.6206896551724
LEEKS,2020-09-14,53.5,126.20689655172414
PUMPKIN,2020-09-14,123.0,170.4
SNAKE GOURD,2020-09-14,140.0,195.71428571428572
BRINJALS,2020-09-21,60.0,128.57142857142858
CABBAGE,2020-09-21,72.5,143.84615384615384
CARROT,2020-09-21,136.0,195.55555555555551
LEEKS,2020-09-21,52.0,112.3076923076923
PUMPKIN,2020-09-21,85.0,168.14814814814815
SNAKE GOURD,2020-09-21,138.0,185.83333333333337
BRINJALS,2020-09-28,98.33333333,129.23076923076923
CABBAGE,2020-09-28,77.5,145.0
CARROT,2020-09-28,125.8333333,195.2
LEEKS,2020-09-28,55.0,112.91666666666669
PUMPKIN,2020-09-28,75.0,168.0
SNAKE GOURD,2020-09-28,140.0,186.36363636363637
BRINJALS,2020-10-05,99.911111108,136.34871794871793
CABBAGE,2020-10-05,75.1,147.33333333333334
CARROT,2020-10-05,125.91111108,198.85333333333332
LEEKS,2020-10-05,54.666666666666664,117.65555555555557
PUMPKIN,2020-10-05,80.26666666666667,174.66666666666666
SNAKE GOURD,2020-10-05,139.33333333333334,191.51515151515153
BRINJALS,2020-10-12,101.488888886,143.46666666666667
CABBAGE,2020-10-12,72.7,149.66666666666666
CARROT,2020-10-12,125.98888886,202.50666666666663
LEEKS,2020-10-12,54.333333333333336,122.39444444444445
PUMPKIN,2020-10-12,85.53333333333333,181.33333333333337
SNAKE GOURD,2020-10-12,138.66666666666666,196.66666666666669
BRINJALS,2020-10-19,103.066666664,150.58461538461538
CABBAGE,2020-10-19,70.3,152.0
CARROT,2020-10-19,126.06666664,206.16
LEEKS,2020-10-19,54.0,127.13333333333334
PUMPKIN,2020-10-19,90.8,188.0
SNAKE GOURD,2020-10-19,138.0,201.8181818181818
BRINJALS,2020-10-26,104.644444442,157.7025641025641
CABBAGE,2020-10-26,67.9,154.33333333333334
CARROT,2020-10-26,126.14444442,209.81333333333333
LEEKS,2020-10-26,53.666666666666664,131.87222222222223
PUMPKIN,2020-10-26,96.06666666666666,194.66666666666663
SNAKE GOURD,2020-10-26,137.33333333333334,206.96969696969697
BRINJALS,2020-11-02,106.22222222,164.82051282051282
CABBAGE,2020-11-02,65.5,156.66666666666666
CARROT,2020-11-02,126.2222222,213.46666666666667
LEEKS,2020-11-02,53.333333333333336,136.61111111111111
PUMPKIN,2020-11-02,101.33333333333331,201.33333333333337
SNAKE GOURD,2020-11-02,136.66666666666666,212.12121212121212
BRINJALS,2020-11-09,107.799999998,171.93846153846152
CABBAGE,2020-11-09,63.1,159.0
CARROT,2020-11-09,126.29999998,217.12
LEEKS,2020-11-09,53.0,141.35
PUMPKIN,2020-11-09,106.6,208.0
SNAKE GOURD,2020-11-09,136.0,217.27272727272728
BRINJALS,2020-11-16,109.377777776,179.05641025641026
CABBAGE,2020-11-16,60.7,161.33333333333334
CARROT,2020-11-16,126.37777776,220.7733333333333
LEEKS,2020-11-16,52.666666666666664,146.0888888888889
PUMPKIN,2020-11-16,111.86666666666667,214.66666666666669
SNAKE GOURD,2020-11-16,135.33333333333334,222.42424242424244
BRINJALS,2020-11-23,110.955555554,186.17435897435897
CABBAGE,2020-11-23,58.3,163.66666666666666
CARROT,2020-11-23,126.45555554,224.42666666666668
LEEKS,2020-11-23,52.333333333333336,150.82777777777778
PUMPKIN,2020-11-23,117.13333333333333,221.33333333333337
SNAKE GOURD,2020-11-23,134.66666666666666,227.57575757575756
BRINJALS,2020-11-30,112.533333332,193.2923076923077
CABBAGE,2020-11-30,55.900000000000006,166.0
CARROT,2020-11-30,126.53333332,228.08
LEEKS,2020-11-30,52.0,155.56666666666666
PUMPKIN,2020-11-30,122.4,228.0
SNAKE GOURD,2020-11-30,134.0,232.72727272727272
BRINJALS,2020-12-07,114.11111111,200.4102564102564
CABBAGE,2020-12-07,53.5,168.33333333333334
CARROT,2020-12-07,126.6111111,231.73333333333335
LEEKS,2020-12-07,51.666666666666664,160.30555555555554
PUMPKIN,2020-12-07,127.66666666666666,234.66666666666669
SNAKE GOURD,2020-12-07,133.33333333333334,237.87878787878788
BRINJALS,2020-12-14,115.688888888,207.52820512820512
CABBAGE,2020-12-14,51.1,170.66666666666666
CARROT,2020-12-14,126.68888888,235.38666666666663
LEEKS,2020-12-14,51.333333333333336,165.04444444444445
PUMPKIN,2020-12-14,132.93333333333334,241.33333333333337
SNAKE GOURD,2020-12-14,132.66666666666666,243.03030303030303
BRINJALS,2020-12-21,117.266666666,214.64615384615385
CABBAGE,2020-12-21,48.7,173.0
CARROT,2020-12-21,126.76666666,239.04
LEEKS,2020-12-21,51.0,169.78333333333333
PUMPKIN,2020-12-21,138.2,248.0
SNAKE GOURD,2020-12-21,132.0,248.1818181818182
BRINJALS,2021-01-04,118.844444444,221.7641025641026
CABBAGE,2021-01-04,46.3,175.33333333333334
CARROT,2021-01-04,126.84444444,242.69333333333333
LEEKS,2021-01-04,50.666666666666664,174.52222222222224
PUMPKIN,2021-01-04,143.46666666666667,254.66666666666669
SNAKE GOURD,2021-01-04,131.33333333333334,253.33333333333331
BRINJALS,2021-01-11,120.422222222,228.8820512820513
CABBAGE,2021-01-11,43.9,177.66666666666669
CARROT,2021-01-11,126.92222222,246.34666666666664
LEEKS,2021-01-11,50.333333333333336,179.26111111111112
PUMPKIN,2021-01-11,148.73333333333335,261.33333333333337
SNAKE GOURD,2021-01-11,130.66666666666666,258.4848484848485
BRINJALS,2021-01-18,122.0,236.0
CABBAGE,2021-01-18,41.5,180.0
CARROT,2021-01-18,127.0,250.0
LEEKS,2021-01-18,50.0,184.0
PUMPKIN,2021-01-18,154.0,268.0
SNAKE GOURD,2021-01-18,130.0,263.6363636363636
BRINJALS,2021-01-25,235.0,306.6666666666667
CABBAGE,2021-01-25,47.5,180.0
CARROT,2021-01-25,122.5,250.58823529411765
LEEKS,2021-01-25,60.0,187.5
PUMPKIN,2021-01-25,160.0,272.94117647058823
SNAKE GOURD,2021-01-25,162.5,288.75
BRINJALS,2021-02-01,286.6666667,357.0
CABBAGE,2021-02-01,83.0,181.05263157894737
CARROT,2021-02-01,188.0,274.76190476190476
LEEKS,2021-02-01,103.0,209.52380952380952
PUMPKIN,2021-02-01,159.0909091,251.57894736842104
SNAKE GOURD,2021-02-01,161.0,286.0
BRINJALS,2021-02-08,239.0,308.0
CABBAGE,2021-02-08,55.90909091,160.95238095238096
CARROT,2021-02-08,168.0,254.44444444444449
LEEKS,2021-02-08,92.0,205.0
PUMPKIN,2021-02-08,146.0,242.0
SNAKE GOURD,2021-02-08,137.0,240.0
BRINJALS,2021-02-15,109.0,207.5
CABBAGE,2021-02-15,78.63636364,166.31578947368422
CARROT,2021-02-15,133.0,233.0
LEEKS,2021-02-15,81.0,194.0
PUMPKIN,2021-02-15,125.0,212.0
SNAKE GOURD,2021-02-15,97.0,210.0
BRINJALS,2021-02-22,47.0,127.33333333333331
CABBAGE,2021-02-22,83.63636364,155.3846153846154
CARROT,2021-02-22,126.0,203.66666666666663
LEEKS,2021-02-22,80.0,160.625
PUMPKIN,2021-02-22,88.0,181.93548387096777
SNAKE GOURD,2021-02-22,86.0,170.32258064516128
BRINJALS,2021-03-01,42.0,123.57142857142856
CABBAGE,2021-03-01,114.0,182.59259259259255
CARROT,2021-03-01,175.0,230.71428571428572
LEEKS,2021-03-01,81.0,164.8148148148148
PUMPKIN,2021-03-01,81.0,163.04347826086956
SNAKE GOURD,2021-03-01,84.54545455,175.0
BRINJALS,2021-03-08,31.0,114.48275862068964
CABBAGE,2021-03-08,113.0,180.4
CARROT,2021-03-08,140.0,200.0
LEEKS,2021-03-08,77.0,151.42857142857142
PUMPKIN,2021-03-08,93.33333333,172.59259259259258
SNAKE GOURD,2021-03-08,76.0,167.30769230769232
BRINJALS,2021-03-15,67.0,134.0
CABBAGE,2021-03-15,107.0,173.2258064516129
CARROT,2021-03-15,145.0,219.33333333333337
LEEKS,2021-03-15,76.0,149.67741935483872
PUMPKIN,2021-03-15,76.0,159.31034482758622
SNAKE GOURD,2021-03-15,74.54545455,158.33333333333334
BRINJALS,2021-03-22,74.0,145.0
CABBAGE,2021-03-22,81.0,157.27272727272728
CARROT,2021-03-22,121.0,207.57575757575756
LEEKS,2021-03-22,71.0,142.35294117647058
PUMPKIN,2021-03-22,65.0,133.33333333333334
SNAKE GOURD,2021-03-22,73.0,154.54545454545453
BRINJALS,2021-03-29,132.0,197.77777777777777
CABBAGE,2021-03-29,90.90909091,162.57142857142858
CARROT,2021-03-29,118.0,198.33333333333337
LEEKS,2021-03-29,78.0,148.85714285714286
PUMPKIN,2021-03-29,63.33333333,124.86486486486488
SNAKE GOURD,2021-03-29,77.0,159.11764705882354
BRINJALS,2021-04-05,160.0,218.1818181818182
CABBAGE,2021-04-05,85.0,161.25
CARROT,2021-04-05,110.0,195.80645161290323
LEEKS,2021-04-05,71.0,143.8709677419355
PUMPKIN,2021-04-05,64.0,130.0
SNAKE GOURD,2021-04-05,98.0,160.3030303030303
BRINJALS,2021-04-12,156.0,214.54545454545453
CABBAGE,2021-04-12,101.6666667,171.66666666666666
CARROT,2021-04-12,120.0,200.0
LEEKS,2021-04-12,56.0,126.66666666666669
PUMPKIN,2021-04-12,56.0,108.33333333333331
SNAKE GOURD,2021-04-12,96.0,148.33333333333334
BRINJALS,2021-04-19,215.0,216.1290322580645
CABBAGE,2021-04-19,125.0,176.33333333333334
CARROT,2021-04-19,158.0,222.25806451612905
LEEKS,2021-04-19,71.0,155.17241379310346
PUMPKIN,2021-04-19,64.0,135.66666666666666
SNAKE GOURD,2021-04-19,77.0,145.86206896551724
BRINJALS,2021-04-26,101.0,189.66666666666663
CABBAGE,2021-04-26,91.0,146.0
CARROT,2021-04-26,152.0,211.33333333333337
LEEKS,2021-04-26,59.0,142.41379310344828
PUMPKIN,2021-04-26,47.5,108.66666666666669
SNAKE GOURD,2021-04-26,70.0,145.2941176470588
BRINJALS,2021-05-03,88.0,157.66666666666666
CABBAGE,2021-05-03,96.92307692,158.33333333333334
CARROT,2021-05-03,118.0,205.33333333333337
LEEKS,2021-05-03,45.0,122.75862068965516
PUMPKIN,2021-05-03,30.5,103.44827586206895
SNAKE GOURD,2021-05-03,89.0,161.72413793103448
BRINJALS,2021-05-10,89.0,158.57142857142858
CABBAGE,2021-05-10,74.0,152.22222222222223
CARROT,2021-05-10,109.0,165.76923076923077
LEEKS,2021-05-10,63.0,128.88888888888889
PUMPKIN,2021-05-10,42.0,106.20689655172414
SNAKE GOURD,2021-05-10,90.0,170.71428571428572
BRINJALS,2021-05-17,111.0,189.58333333333337
CABBAGE,2021-05-17,108.1818182,171.6
CARROT,2021-05-17,136.6666667,211.66666666666663
LEEKS,2021-05-17,85.55555556,163.33333333333334
PUMPKIN,2021-05-17,38.5,103.46153846153848
SNAKE GOURD,2021-05-17,112.0,183.33333333333337
BRINJALS,2021-05-24,118.6,193.375
CABBAGE,2021-05-24,113.14545456,180.47126436781608
CARROT,2021-05-24,134.44444448000002,213.16666666666663
LEEKS,2021-05-24,102.244444448,178.77777777777777
PUMPKIN,2021-05-24,44.0,113.8846153846154
SNAKE GOURD,2021-05-24,118.8,193.11111111111111
BRINJALS,2021-05-31,126.2,197.16666666666669
CABBAGE,2021-05-31,118.10909092,189.3425287356322
CARROT,2021-05-31,132.22222226,214.66666666666663
LEEKS,2021-05-31,118.933333336,194.22222222222223
PUMPKIN,2021-05-31,49.5,124.3076923076923
SNAKE GOURD,2021-05-31,125.6,202.88888888888889
BRINJALS,2021-06-07,133.8,200.95833333333337
CABBAGE,2021-06-07,123.07272728,198.21379310344827
CARROT,2021-06-07,130.00000004,216.16666666666663
LEEKS,2021-06-07,135.622222224,209.66666666666669
PUMPKIN,2021-06-07,55.0,134.73076923076923
SNAKE GOURD,2021-06-07,132.4,212.66666666666669
BRINJALS,2021-06-14,141.4,204.75
CABBAGE,2021-06-14,128.03636364,207.08505747126435
CARROT,2021-06-14,127.77777782,217.66666666666663
LEEKS,2021-06-14,152.311111112,225.11111111111111
PUMPKIN,2021-06-14,60.5,145.15384615384616
SNAKE GOURD,2021-06-14,139.2,222.44444444444449
BRINJALS,2021-06-21,149.0,208.54166666666669
CABBAGE,2021-06-21,133.0,215.95632183908043
CARROT,2021-06-21,125.5555556,219.16666666666663
LEEKS,2021-06-21,169.0,240.55555555555551
PUMPKIN,2021-06-21,66.0,155.57692307692307
SNAKE GOURD,2021-06-21,146.0,232.22222222222223
BRINJALS,2021-06-28,141.0,212.33333333333337
CABBAGE,2021-06-28,158.0,224.82758620689657
CARROT,2021-06-28,155.0,220.66666666666663
LEEKS,2021-06-28,192.0,256.0
PUMPKIN,2021-06-28,85.0,166.0
SNAKE GOURD,2021-06-28,156.0,242.0
BRINJALS,2021-07-05,123.0,188.0
CABBAGE,2021-07-05,114.0,192.0
CARROT,2021-07-05,127.0,187.24137931034485
LEEKS,2021-07-05,128.0,222.0
PUMPKIN,2021-07-05,84.0,156.55172413793105
SNAKE GOURD,2021-07-05,150.0,233.66666666666663
BRINJALS,2021-07-12,111.0,165.35714285714286
CABBAGE,2021-07-12,110.0,190.0
CARROT,2021-07-12,112.0,185.3125
LEEKS,2021-07-12,149.0,227.5
PUMPKIN,2021-07-12,88.0,160.0
SNAKE GOURD,2021-07-12,128.0,221.3793103448276
BRINJALS,2021-07-19,136.0,184.8148148148148
CABBAGE,2021-07-19,102.0,185.17241379310343
CARROT,2021-07-19,101.0,179.6551724137931
LEEKS,2021-07-19,148.0,219.31034482758625
PUMPKIN,2021-07-19,89.0,162.33333333333334
SNAKE GOURD,2021-07-19,145.0,228.46153846153845
BRINJALS,2021-07-26,141.0,223.33333333333337
CABBAGE,2021-07-26,134.0,201.0
CARROT,2021-07-26,133.0,204.33333333333337
LEEKS,2021-07-26,194.0,274.0
PUMPKIN,2021-07-26,88.0,156.33333333333334
SNAKE GOURD,2021-07-26,145.8333333,228.27586206896552
BRINJALS,2021-08-02,136.0,222.8571428571429
CABBAGE,2021-08-02,130.0,195.0
CARROT,2021-08-02,113.0,193.07692307692307
LEEKS,2021-08-02,209.0,275.9375
PUMPKIN,2021-08-02,94.0,160.4
SNAKE GOURD,2021-08-02,132.0,212.30769230769232
BRINJALS,2021-08-09,172.0,243.7037037037037
CABBAGE,2021-08-09,144.0,197.40740740740745
CARROT,2021-08-09,110.0,191.4814814814815
LEEKS,2021-08-09,184.0,257.77777777777777
PUMPKIN,2021-08-09,104.0,166.2962962962963
SNAKE GOURD,2021-08-09,145.0,213.33333333333337
BRINJALS,2021-08-16,135.0,237.1875
CABBAGE,2021-08-16,110.0,192.66666666666663
CARROT,2021-08-16,108.4615385,168.9655172413793
LEEKS,2021-08-16,183.0769231,236.07142857142856
PUMPKIN,2021-08-16,109.1666667,178.33333333333334
SNAKE GOURD,2021-08-16,124.1666667,205.33333333333337
BRINJALS,2021-08-23,148.0,228.59375
CABBAGE,2021-08-23,118.0,187.58333333333331
CARROT,2021-08-23,102.23076925,157.81609195402297
LEEKS,2021-08-23,192.03846155,238.8690476190476
PUMPKIN,2021-08-23,116.08333335,178.33333333333334
SNAKE GOURD,2021-08-23,124.58333335,189.5897435897436
BRINJALS,2021-08-30,161.0,220.0
CABBAGE,2021-08-30,126.0,182.5
CARROT,2021-08-30,96.0,146.66666666666666
LEEKS,2021-08-30,201.0,241.66666666666663
PUMPKIN,2021-08-30,123.0,178.33333333333334
SNAKE GOURD,2021-08-30,125.0,173.84615384615384
BRINJALS,2021-09-06,158.0,211.11111111111111
CABBAGE,2021-09-06,115.0,204.44444444444449
CARROT,2021-09-06,88.0,158.0
LEEKS,2021-09-06,155.0,238.42105263157896
PUMPKIN,2021-09-06,86.0,176.66666666666666
SNAKE GOURD,2021-09-06,88.0,186.11111111111111
BRINJALS,2021-09-13,150.0,209.41176470588235
CABBAGE,2021-09-13,94.54545455,193.125
CARROT,2021-09-13,83.0,151.875
LEEKS,2021-09-13,161.0,240.55555555555551
PUMPKIN,2021-09-13,77.0,143.125
SNAKE GOURD,2021-09-13,98.0,196.25
BRINJALS,2021-09-20,183.0,230.58823529411765
CABBAGE,2021-09-20,94.0,166.66666666666666
CARROT,2021-09-20,70.0,147.05882352941177
LEEKS,2021-09-20,134.0,208.8235294117647
PUMPKIN,2021-09-20,55.0,129.41176470588235
SNAKE GOURD,2021-09-20,71.5,188.23529411764707
BRINJALS,2021-09-27,185.0,247.22222222222223
CABBAGE,2021-09-27,96.0,188.88888888888889
CARROT,2021-09-27,72.0,167.77777777777777
LEEKS,2021-09-27,148.0,210.55555555555551
PUMPKIN,2021-09-27,45.5,116.66666666666669
SNAKE GOURD,2021-09-27,98.0,194.44444444444449
BRINJALS,2021-10-04,182.0,240.8695652173913
CABBAGE,2021-10-04,86.0,163.47826086956522
CARROT,2021-10-04,88.0,156.25
LEEKS,2021-10-04,138.0,200.8695652173913
PUMPKIN,2021-10-04,40.0,102.5
SNAKE GOURD,2021-10-04,94.0,191.42857142857144
BRINJALS,2021-10-11,184.0,257.58620689655174
CABBAGE,2021-10-11,84.0,159.28571428571428
CARROT,2021-10-11,111.0,180.71428571428572
LEEKS,2021-10-11,161.0,224.13793103448276
PUMPKIN,2021-10-11,48.5,113.92857142857144
SNAKE GOURD,2021-10-11,114.0,211.72413793103448
BRINJALS,2021-10-18,186.0,259.2857142857143
CABBAGE,2021-10-18,89.0,164.8148148148148
CARROT,2021-10-18,98.0,175.0
LEEKS,2021-10-18,156.0,240.3703703703704
PUMPKIN,2021-10-18,45.0,113.44827586206895
SNAKE GOURD,2021-10-18,156.0,235.3846153846154
BRINJALS,2021-10-25,198.0,277.037037037037
CABBAGE,2021-10-25,112.0,199.25925925925927
CARROT,2021-10-25,123.0,179.25925925925927
LEEKS,2021-10-25,190.0,268.14814814814815
PUMPKIN,2021-10-25,42.5,105.55555555555556
SNAKE GOURD,2021-10-25,173.0,243.7037037037037
BRINJALS,2021-11-01,189.0,245.3846153846154
CABBAGE,2021-11-01,94.0,165.76923076923077
CARROT,2021-11-01,162.0,224.6153846153846
LEEKS,2021-11-01,154.0,248.07692307692307
PUMPKIN,2021-11-01,40.0,96.53846153846152
SNAKE GOURD,2021-11-01,171.0,240.0
BRINJALS,2021-11-08,149.0,238.57142857142856
CABBAGE,2021-11-08,121.0,190.0
CARROT,2021-11-08,159.0,255.6
LEEKS,2021-11-08,202.0,282.4
PUMPKIN,2021-11-08,41.5,102.0
SNAKE GOURD,2021-11-08,177.0,271.6666666666667
BRINJALS,2021-11-15,153.0,261.37931034482756
CABBAGE,2021-11-15,130.0,247.58620689655172
CARROT,2021-11-15,224.0,315.7142857142857
LEEKS,2021-11-15,219.0,317.2413793103448
PUMPKIN,2021-11-15,45.5,117.58620689655172
SNAKE GOURD,2021-11-15,192.0,280.7142857142857
BRINJALS,2021-11-22,210.0,302.0689655172414
CABBAGE,2021-11-22,188.0,303.7931034482759
CARROT,2021-11-22,294.0,409.3103448275862
LEEKS,2021-11-22,293.0,420.6896551724138
PUMPKIN,2021-11-22,47.0,118.92857142857144
SNAKE GOURD,2021-11-22,209.0,322.22222222222223
BRINJALS,2021-11-29,215.0,325.17241379310343
CABBAGE,2021-11-29,267.0,359.2307692307692
CARROT,2021-11-29,262.0,340.3333333333333
LEEKS,2021-11-29,252.0,369.0
PUMPKIN,2021-11-29,57.0,122.41379310344828
SNAKE GOURD,2021-11-29,249.0,334.64285714285717
BRINJALS,2021-12-06,264.0,362.1428571428572
CABBAGE,2021-12-06,293.0,412.6923076923077
CARROT,2021-12-06,300.0,372.1428571428572
LEEKS,2021-12-06,292.0,378.92857142857144
PUMPKIN,2021-12-06,46.0,120.35714285714286
SNAKE GOURD,2021-12-06,246.0,333.44827586206895
BRINJALS,2021-12-13,269.0,362.8571428571428
CABBAGE,2021-12-13,343.0,457.8571428571428
CARROT,2021-12-13,353.0,438.0769230769231
LEEKS,2021-12-13,294.0,409.6296296296296
PUMPKIN,2021-12-13,52.0,122.3076923076923
SNAKE GOURD,2021-12-13,247.5,356.07142857142856
BRINJALS,2021-12-20,317.0,413.0769230769231
CABBAGE,2021-12-20,250.0,424.0740740740741
CARROT,2021-12-20,358.0,455.38461538461536
LEEKS,2021-12-20,260.0,395.7692307692308
PUMPKIN,2021-12-20,50.0,113.46153846153848
SNAKE GOURD,2021-12-20,256.0,361.6
BRINJALS,2021-12-27,309.0,404.8
CABBAGE,2021-12-27,293.0,426.53846153846155
CARROT,2021-12-27,386.0,462.3076923076923
LEEKS,2021-12-27,252.0,371.48148148148147
PUMPKIN,2021-12-27,66.5,118.51851851851852
SNAKE GOURD,2021-12-27,244.0,343.7037037037037
BRINJALS,2022-01-03,302.0,399.2307692307692
CABBAGE,2022-01-03,343.0,446.2962962962963
CARROT,2022-01-03,436.0,514.2307692307693
LEEKS,2022-01-03,240.0,369.2857142857143
PUMPKIN,2022-01-03,72.5,132.85714285714286
SNAKE GOURD,2022-01-03,241.0,338.3333333333333
BRINJALS,2022-01-10,243.0,321.8181818181818
CABBAGE,2022-01-10,199.0,313.030303030303
CARROT,2022-01-10,319.0,405.1612903225806
LEEKS,2022-01-10,225.0,342.42424242424244
PUMPKIN,2022-01-10,78.0,146.36363636363637
SNAKE GOURD,2022-01-10,214.0,327.4193548387097
BRINJALS,2022-01-17,241.1111111,317.77777777777777
CABBAGE,2022-01-17,209.4444444,314.81481481481484
CARROT,2022-01-17,372.2222222,452.41379310344826
LEEKS,2022-01-17,187.7777778,293.1034482758621
PUMPKIN,2022-01-17,113.3333333,203.92857142857144
SNAKE GOURD,2022-01-17,200.0,282.962962962963
BRINJALS,2022-01-24,166.0,288.3333333333333
CABBAGE,2022-01-24,180.0,297.6666666666667
CARROT,2022-01-24,392.0,483.44827586206895
LEEKS,2022-01-24,190.0,301.37931034482756
PUMPKIN,2022-01-24,150.0,226.0
SNAKE GOURD,2022-01-24,191.0,284.83870967741933
BRINJALS,2022-01-31,237.0,348.6666666666667
CABBAGE,2022-01-31,183.0,304.13793103448273
CARROT,2022-01-31,380.0,446.2068965517241
LEEKS,2022-01-31,172.0,281.07142857142856
PUMPKIN,2022-01-31,156.0,226.42857142857144
SNAKE GOURD,2022-01-31,231.0,345.38461538461536
BRINJALS,2022-02-07,167.0,300.35714285714283
CABBAGE,2022-02-07,148.0,277.85714285714283
CARROT,2022-02-07,372.0,474.0
LEEKS,2022-02-07,139.0,259.2857142857143
PUMPKIN,2022-02-07,150.0,224.8571428571429
SNAKE GOURD,2022-02-07,172.0,277.14285714285717
BRINJALS,2022-02-14,151.0,261.93548387096774
CABBAGE,2022-02-14,108.0,251.25
CARROT,2022-02-14,405.0,521.875
LEEKS,2022-02-14,104.0,224.6875
PUMPKIN,2022-02-14,158.0,256.1290322580645
SNAKE GOURD,2022-02-14,145.0,276.7647058823529
BRINJALS,2022-02-21,240.0,268.06451612903226
CABBAGE,2022-02-21,89.0,215.9375
CARROT,2022-02-21,340.0,452.258064516129
LEEKS,2022-02-21,95.0,207.5
PUMPKIN,2022-02-21,177.0,260.0
SNAKE GOURD,2022-02-21,152.0,313.1034482758621
BRINJALS,2022-02-28,137.0,209.67741935483872
CABBAGE,2022-02-28,82.0,183.8709677419355
CARROT,2022-02-28,318.0,405.4838709677419
LEEKS,2022-02-28,99.0,213.5483870967742
PUMPKIN,2022-02-28,173.0,255.86206896551724
SNAKE GOURD,2022-02-28,144.4444444,268.0
BRINJALS,2022-03-07,127.0,204.84848484848484
CABBAGE,2022-03-07,70.0,175.48387096774192
CARROT,2022-03-07,314.0,381.875
LEEKS,2022-03-07,93.0,193.33333333333337
PUMPKIN,2022-03-07,162.0,247.0967741935484
SNAKE GOURD,2022-03-07,122.0,263.125
BRINJALS,2022-03-14,140.0,230.32258064516128
CABBAGE,2022-03-14,68.0,175.17241379310346
CARROT,2022-03-14,228.0,327.0967741935484
LEEKS,2022-03-14,75.0,191.25
PUMPKIN,2022-03-14,146.0,220.0
SNAKE GOURD,2022-03-14,120.0,260.3225806451613
BRINJALS,2022-03-21,144.0,223.8709677419355
CABBAGE,2022-03-21,67.0,169.3548387096774
CARROT,2022-03-21,187.0,250.32258064516128
LEEKS,2022-03-21,74.0,164.66666666666666
PUMPKIN,2022-03-21,70.0,161.93548387096774
SNAKE GOURD,2022-03-21,138.0,234.33333333333337
BRINJALS,2022-03-28,161.0,260.3333333333333
CABBAGE,2022-03-28,63.0,164.0
CARROT,2022-03-28,136.0,236.0
LEEKS,2022-03-28,73.0,162.85714285714286
PUMPKIN,2022-03-28,54.0,155.86206896551724
SNAKE GOURD,2022-03-28,137.0,233.5483870967742
BRINJALS,2022-04-04,175.0,272.41379310344826
CABBAGE,2022-04-04,74.0,178.6206896551724
CARROT,2022-04-04,155.0,277.85714285714283
LEEKS,2022-04-04,119.0,219.23076923076923
PUMPKIN,2022-04-04,63.0,157.24137931034485
SNAKE GOURD,2022-04-04,140.0,242.06896551724137
BRINJALS,2022-04-11,230.0,334.48275862068965
CABBAGE,2022-04-11,53.33333333,170.66666666666666
CARROT,2022-04-11,136.0,238.66666666666663
LEEKS,2022-04-11,118.0,197.0
PUMPKIN,2022-04-11,54.0,133.33333333333334
SNAKE GOURD,2022-04-11,137.0,232.0
BRINJALS,2022-04-18,234.0,335.8333333333333
CABBAGE,2022-04-18,70.0,158.4
CARROT,2022-04-18,108.0,215.6
LEEKS,2022-04-18,82.0,184.0
PUMPKIN,2022-04-18,54.54545455,146.4
SNAKE GOURD,2022-04-18,147.0,249.0909090909091
BRINJALS,2022-04-25,161.0,273.7931034482759
CABBAGE,2022-04-25,61.0,154.07407407407408
CARROT,2022-04-25,106.0,197.93103448275863
LEEKS,2022-04-25,81.0,182.06896551724137
PUMPKIN,2022-04-25,54.0,130.3448275862069
SNAKE GOURD,2022-04-25,192.0,257.6
BRINJALS,2022-05-02,277.0,350.0
CABBAGE,2022-05-02,98.0,189.28571428571428
CARROT,2022-05-02,153.0,248.88888888888889
LEEKS,2022-05-02,117.0,220.0
PUMPKIN,2022-05-02,67.0,139.64285714285714
SNAKE GOURD,2022-05-02,233.0,310.8
BRINJALS,2022-05-09,292.0,417.5
CABBAGE,2022-05-09,96.0,218.1818181818182
CARROT,2022-05-09,172.0,342.85714285714283
LEEKS,2022-05-09,112.0,241.57894736842104
PUMPKIN,2022-05-09,76.0,155.0
SNAKE GOURD,2022-05-09,226.0,368.1818181818182
BRINJALS,2022-05-16,327.0,434.8148148148149
CABBAGE,2022-05-16,142.0,294.13793103448273
CARROT,2022-05-16,212.0,390.3571428571428
LEEKS,2022-05-16,136.0,300.74074074074076
PUMPKIN,2022-05-16,96.0,190.68965517241375
SNAKE GOURD,2022-05-16,266.0,376.15384615384613
BRINJALS,2022-05-23,300.0,434.13793103448273
CABBAGE,2022-05-23,144.0,293.7037037037037
CARROT,2022-05-23,295.0,403.0769230769231
LEEKS,2022-05-23,121.0,290.0
PUMPKIN,2022-05-23,119.0,190.0
SNAKE GOURD,2022-05-23,284.0,391.1111111111111
BRINJALS,2022-05-30,305.0,434.13793103448273
CABBAGE,2022-05-30,206.0,293.7037037037037
CARROT,2022-05-30,302.0,403.0769230769231
LEEKS,2022-05-30,202.0,290.0
PUMPKIN,2022-05-30,113.0,190.0
SNAKE GOURD,2022-05-30,300.0,391.1111111111111
BRINJALS,2022-06-06,316.0,465.9375
CABBAGE,2022-06-06,258.0,417.0967741935484
CARROT,2022-06-06,288.0,401.61290322580646
LEEKS,2022-06-06,190.0,310.3333333333333
PUMPKIN,2022-06-06,114.0,210.3125
SNAKE GOURD,2022-06-06,312.0,493.2142857142857
BRINJALS,2022-06-13,293.0,390.0
CABBAGE,2022-06-13,284.0,418.92857142857144
CARROT,2022-06-13,262.0,392.5
LEEKS,2022-06-13,182.0,293.1034482758621
PUMPKIN,2022-06-13,139.0,225.71428571428572
SNAKE GOURD,2022-06-13,268.0,399.2857142857143
BRINJALS,2022-06-20,277.0,388.75
CABBAGE,2022-06-20,241.0,380.3125
CARROT,2022-06-20,242.0,384.5161290322581
LEEKS,2022-06-20,164.0,281.93548387096774
PUMPKIN,2022-06-20,176.0,258.06451612903226
SNAKE GOURD,2022-06-20,253.0,391.42857142857144
BRINJALS,2022-06-27,288.0,396.2068965517241
CABBAGE,2022-06-27,214.0,377.5757575757576
CARROT,2022-06-27,218.0,380.90909090909093
LEEKS,2022-06-27,147.0,275.9375
PUMPKIN,2022-06-27,198.0,273.125
SNAKE GOURD,2022-06-27,238.0,375.55555555555554
BRINJALS,2022-07-04,245.0,381.8181818181818
CABBAGE,2022-07-04,200.0,376.4516129032258
CARROT,2022-07-04,216.3636364,375.1515151515151
LEEKS,2022-07-04,166.0,293.030303030303
PUMPKIN,2022-07-04,220.0,301.25
SNAKE GOURD,2022-07-04,195.0,350.3225806451613
BRINJALS,2022-07-11,242.7272727,405.3571428571428
CABBAGE,2022-07-11,292.0,461.7857142857143
CARROT,2022-07-11,256.0,479.2592592592592
LEEKS,2022-07-11,195.0,338.57142857142856
PUMPKIN,2022-07-11,235.0,333.57142857142856
SNAKE GOURD,2022-07-11,239.0,369.6296296296296
BRINJALS,2022-07-18,292.0,424.8387096774194
CABBAGE,2022-07-18,269.0,403.2258064516129
CARROT,2022-07-18,269.0,386.5625
LEEKS,2022-07-18,180.0,315.625
PUMPKIN,2022-07-18,235.0,341.3333333333333
SNAKE GOURD,2022-07-18,201.0,388.6666666666667
BRINJALS,2022-07-25,253.0,383.6666666666667
CABBAGE,2022-07-25,231.0,371.7241379310345
CARROT,2022-07-25,230.0,360.6896551724138
LEEKS,2022-07-25,190.0,302.0
PUMPKIN,2022-07-25,233.6363636,295.51724137931035
SNAKE GOURD,2022-07-25,240.0,388.75
BRINJALS,2022-08-01,265.0,391.6666666666667
CABBAGE,2022-08-01,185.0,358.57142857142856
CARROT,2022-08-01,221.0,350.0
LEEKS,2022-08-01,150.0,263.7037037037037
PUMPKIN,2022-08-01,136.0,272.0
SNAKE GOURD,2022-08-01,249.0,391.6
BRINJALS,2022-08-08,326.0,462.6666666666667
CABBAGE,2022-08-08,234.0,368.6666666666667
CARROT,2022-08-08,227.5,382.1875
LEEKS,2022-08-08,158.0,267.14285714285717
PUMPKIN,2022-08-08,124.0,247.74193548387095
SNAKE GOURD,2022-08-08,268.0,396.6666666666667
BRINJALS,2022-08-15,377.0,540.6666666666666
CABBAGE,2022-08-15,302.0,519.3333333333334
CARROT,2022-08-15,260.0,455.4838709677419
LEEKS,2022-08-15,168.0,315.16129032258067
PUMPKIN,2022-08-15,114.0,241.29032258064515
SNAKE GOURD,2022-08-15,282.2222222,472.0689655172414
BRINJALS,2022-08-22,436.0,548.9285714285714
CABBAGE,2022-08-22,385.0,528.5714285714286
CARROT,2022-08-22,246.0,385.0
LEEKS,2022-08-22,160.0,280.6896551724138
PUMPKIN,2022-08-22,133.0,244.13793103448276
SNAKE GOURD,2022-08-22,310.0,406.42857142857144
BRINJALS,2022-08-29,364.0,485.7142857142857
CABBAGE,2022-08-29,317.0,508.0
CARROT,2022-08-29,250.0,388.38709677419354
LEEKS,2022-08-29,145.0,276.3333333333333
PUMPKIN,2022-08-29,126.0,217.24137931034485
SNAKE GOURD,2022-08-29,223.0,348.0
BRINJALS,2022-09-05,291.0,377.4193548387097
CABBAGE,2022-09-05,277.0,406.6666666666667
CARROT,2022-09-05,274.0,397.9310344827586
LEEKS,2022-09-05,154.0,284.19354838709677
PUMPKIN,2022-09-05,159.0,247.74193548387095
SNAKE GOURD,2022-09-05,217.0,347.14285714285717
BRINJALS,2022-09-12,235.0,340.6896551724138
CABBAGE,2022-09-12,325.0,428.92857142857144
CARROT,2022-09-12,261.8181818,399.0
LEEKS,2022-09-12,191.0,330.35714285714283
PUMPKIN,2022-09-12,168.0,252.66666666666663
SNAKE GOURD,2022-09-12,221.0,372.22222222222223
BRINJALS,2022-09-19,305.0,422.0
CABBAGE,2022-09-19,330.0,514.4827586206897
CARROT,2022-09-19,277.0,404.2857142857143
LEEKS,2022-09-19,184.0,327.6666666666667
PUMPKIN,2022-09-19,147.0,241.3793103448276
SNAKE GOURD,2022-09-19,272.0,400.3571428571428
BRINJALS,2022-09-26,325.0,423.75
CABBAGE,2022-09-26,313.0,481.07142857142856
CARROT,2022-09-26,313.0,410.7407407407408
LEEKS,2022-09-26,244.0,331.85185185185185
PUMPKIN,2022-09-26,133.0,239.28571428571428
SNAKE GOURD,2022-09-26,262.0,378.2142857142857
BRINJALS,2022-10-03,315.0,432.5
CABBAGE,2022-10-03,277.0,470.7142857142857
CARROT,2022-10-03,282.0,422.5
LEEKS,2022-10-03,183.0,356.2068965517241
PUMPKIN,2022-10-03,167.0,263.1034482758621
SNAKE GOURD,2022-10-03,253.0,375.86206896551727
BRINJALS,2022-10-10,282.0,405.86206896551727
CABBAGE,2022-10-10,226.0,411.42857142857144
CARROT,2022-10-10,280.0,401.7857142857143
LEEKS,2022-10-10,174.0,317.9310344827586
PUMPKIN,2022-10-10,200.0,275.0
SNAKE GOURD,2022-10-10,257.0,386.07142857142856
BRINJALS,2022-10-17,234.0,392.1428571428572
CABBAGE,2022-10-17,194.0,363.1034482758621
CARROT,2022-10-17,234.0,400.3333333333333
LEEKS,2022-10-17,166.0,317.14285714285717
PUMPKIN,2022-10-17,169.0,273.75
SNAKE GOURD,2022-10-17,212.0,376.2068965517241
BRINJALS,2022-10-24,237.0,400.0
CABBAGE,2022-10-24,190.0,352.85714285714283
CARROT,2022-10-24,316.0,423.1034482758621
LEEKS,2022-10-24,200.0,324.48275862068965
PUMPKIN,2022-10-24,193.0,277.77777777777777
SNAKE GOURD,2022-10-24,288.0,385.5172413793103
BRINJALS,2022-10-31,254.0,406.2962962962963
CABBAGE,2022-10-31,163.0,339.2857142857143
CARROT,2022-10-31,292.0,406.8965517241379
LEEKS,2022-10-31,194.0,317.6666666666667
PUMPKIN,2022-10-31,156.0,257.037037037037
SNAKE GOURD,2022-10-31,254.0,383.7931034482759
BRINJALS,2022-11-07,310.0,417.4074074074074
CABBAGE,2022-11-07,165.0,347.14285714285717
CARROT,2022-11-07,298.0,440.0
LEEKS,2022-11-07,200.0,325.9259259259259
PUMPKIN,2022-11-07,134.0,240.3571428571429
SNAKE GOURD,2022-11-07,294.0,389.2592592592592
BRINJALS,2022-11-14,336.0,497.5
CABBAGE,2022-11-14,162.0,336.7647058823529
CARROT,2022-11-14,340.0,521.4814814814815
LEEKS,2022-11-14,230.0,376.07142857142856
PUMPKIN,2022-11-14,130.0,234.28571428571428
SNAKE GOURD,2022-11-14,296.3636364,428.8888888888889
BRINJALS,2022-11-21,392.0,523.9285714285714
CABBAGE,2022-11-21,147.0,320.35714285714283
CARROT,2022-11-21,343.0,473.7931034482759
LEEKS,2022-11-21,309.0,422.0689655172414
PUMPKIN,2022-11-21,113.0,226.55172413793105
SNAKE GOURD,2022-11-21,294.0,420.7142857142857
BRINJALS,2022-11-28,360.0,444.0740740740741
CABBAGE,2022-11-28,135.0,321.25
CARROT,2022-11-28,362.0,478.9655172413793
LEEKS,2022-11-28,342.0,479.3103448275862
PUMPKIN,2022-11-28,90.0,220.68965517241375
SNAKE GOURD,2022-11-28,262.0,401.7857142857143
BRINJALS,2022-12-05,248.0,444.22222222222223
CABBAGE,2022-12-05,183.0,304.86206896551727
CARROT,2022-12-05,296.0,453.9872286079182
LEEKS,2022-12-05,340.0,471.2175066312997
PUMPKIN,2022-12-05,80.0,222.47765006385697
SNAKE GOURD,2022-12-05,236.0,401.42857142857144
BRINJALS,2022-12-12,188.0,444.3703703703704
CABBAGE,2022-12-12,155.0,288.4741379310345
CARROT,2022-12-12,298.0,429.0089399744572
LEEKS,2022-12-12,344.0,463.1246684350133
PUMPKIN,2022-12-12,82.0,224.2656449553001
SNAKE GOURD,2022-12-12,207.0,401.07142857142856
BRINJALS,2022-12-19,157.0,444.51851851851853
CABBAGE,2022-12-19,128.0,272.08620689655174
CARROT,2022-12-19,252.0,404.0306513409962
LEEKS,2022-12-19,333.0,455.0318302387268
PUMPKIN,2022-12-19,110.0,226.0536398467433
SNAKE GOURD,2022-12-19,257.0,400.7142857142857
BRINJALS,2022-12-26,192.0,444.6666666666667
CABBAGE,2022-12-26,107.0,255.69827586206895
CARROT,2022-12-26,240.0,379.0523627075351
LEEKS,2022-12-26,315.0,446.9389920424403
PUMPKIN,2022-12-26,113.0,227.84163473818649
SNAKE GOURD,2022-12-26,209.0,400.3571428571428
BRINJALS,2023-01-02,208.0,444.8148148148149
CABBAGE,2023-01-02,123.0,239.31034482758625
CARROT,2023-01-02,232.0,354.0740740740741
LEEKS,2023-01-02,274.0,438.84615384615387
PUMPKIN,2023-01-02,130.0,229.6296296296296
SNAKE GOURD,2023-01-02,227.0,400.0
BRINJALS,2023-01-09,298.0,456.15384615384613
CABBAGE,2023-01-09,73.0,195.0
CARROT,2023-01-09,149.0,313.84615384615387
LEEKS,2023-01-09,218.0,399.6428571428572
PUMPKIN,2023-01-09,134.0,235.17241379310343
SNAKE GOURD,2023-01-09,198.0,382.1428571428572
BRINJALS,2023-01-16,364.0,469.6296296296296
CABBAGE,2023-01-16,65.0,203.66666666666663
CARROT,2023-01-16,142.0,301.7857142857143
LEEKS,2023-01-16,224.0,401.85185185185185
PUMPKIN,2023-01-16,135.0,237.8571428571429
SNAKE GOURD,2023-01-16,208.0,395.1851851851851
BRINJALS,2023-01-23,182.0,314.0
CABBAGE,2023-01-23,57.0,183.2
CARROT,2023-01-23,156.0,304.81481481481484
LEEKS,2023-01-23,220.9090909,359.6
PUMPKIN,2023-01-23,119.0,228.0
SNAKE GOURD,2023-01-23,196.0,347.5
BRINJALS,2023-01-30,146.0,272.41379310344826
CABBAGE,2023-01-30,46.0,167.66666666666666
CARROT,2023-01-30,111.0,238.66666666666663
LEEKS,2023-01-30,186.0,323.0
PUMPKIN,2023-01-30,79.0,200.0
SNAKE GOURD,2023-01-30,142.0,320.6896551724138
BRINJALS,2023-02-06,116.0,239.6428571428571
CABBAGE,2023-02-06,44.54545455,153.57142857142858
CARROT,2023-02-06,107.0,232.25806451612905
LEEKS,2023-02-06,204.0,331.48148148148147
PUMPKIN,2023-02-06,72.0,177.85714285714286
SNAKE GOURD,2023-02-06,138.0,290.74074074074076
BRINJALS,2023-02-13,99.0,236.55172413793105
CABBAGE,2023-02-13,54.0,149.28571428571428
CARROT,2023-02-13,104.0,227.1428571428571
LEEKS,2023-02-13,159.0,290.3703703703704
PUMPKIN,2023-02-13,70.0,177.14285714285714
SNAKE GOURD,2023-02-13,136.0,310.0
BRINJALS,2023-02-20,155.0,269.2857142857143
CABBAGE,2023-02-20,43.0,142.85714285714286
CARROT,2023-02-20,122.0,238.57142857142856
LEEKS,2023-02-20,176.0,292.3076923076923
PUMPKIN,2023-02-20,62.0,155.71428571428572
SNAKE GOURD,2023-02-20,151.0,296.6666666666667
BRINJALS,2023-02-27,215.0,330.7142857142857
CABBAGE,2023-02-27,48.0,150.71428571428572
CARROT,2023-02-27,97.0,226.42857142857144
LEEKS,2023-02-27,158.0,280.7142857142857
PUMPKIN,2023-02-27,57.0,153.07692307692307
SNAKE GOURD,2023-02-27,142.0,277.14285714285717
BRINJALS,2023-03-06,202.0,316.2962962962963
CABBAGE,2023-03-06,51.0,151.11111111111111
CARROT,2023-03-06,103.6363636,226.55172413793105
LEEKS,2023-03-06,154.0,272.22222222222223
PUMPKIN,2023-03-06,54.0,151.4814814814815
SNAKE GOURD,2023-03-06,141.0,271.1111111111111
BRINJALS,2023-03-13,143.0,261.48148148148147
CABBAGE,2023-03-13,52.0,151.72413793103448
CARROT,2023-03-13,90.0,214.13793103448276
LEEKS,2023-03-13,154.0,265.86206896551727
PUMPKIN,2023-03-13,54.44444444,156.55172413793105
SNAKE GOURD,2023-03-13,130.0,265.0
BRINJALS,2023-03-20,128.0,256.55172413793105
CABBAGE,2023-03-20,50.0,143.10344827586206
CARROT,2023-03-20,87.0,196.42857142857144
LEEKS,2023-03-20,145.0,248.9655172413793
PUMPKIN,2023-03-20,49.0,141.72413793103448
SNAKE GOURD,2023-03-20,125.0,262.85714285714283
BRINJALS,2023-03-27,133.0,244.13793103448276
CABBAGE,2023-03-27,63.0,161.3793103448276
CARROT,2023-03-27,101.0,202.41379310344828
LEEKS,2023-03-27,174.0,298.8
PUMPKIN,2023-03-27,43.0,137.24137931034485
SNAKE GOURD,2023-03-27,145.0,273.57142857142856
BRINJALS,2023-04-03,130.9090909,235.86206896551724
CABBAGE,2023-04-03,70.0,170.35714285714286
CARROT,2023-04-03,88.0,195.3846153846154
LEEKS,2023-04-03,172.0,270.0
PUMPKIN,2023-04-03,42.5,130.3448275862069
SNAKE GOURD,2023-04-03,133.0,265.18518518518516
BRINJALS,2023-04-10,268.1818182,392.41379310344826
CABBAGE,2023-04-10,80.90909091,195.71428571428572
CARROT,2023-04-10,87.27272727,191.53846153846155
LEEKS,2023-04-10,161.8181818,267.4074074074074
PUMPKIN,2023-04-10,44.54545455,134.28571428571428
SNAKE GOURD,2023-04-10,165.4545455,282.962962962963
BRINJALS,2023-04-17,353.0,475.3571428571428
CABBAGE,2023-04-17,135.0,245.3846153846154
CARROT,2023-04-17,154.0,265.51724137931035
LEEKS,2023-04-17,178.0,301.7857142857143
PUMPKIN,2023-04-17,44.0,110.35714285714286
SNAKE GOURD,2023-04-17,136.0,265.7692307692308
BRINJALS,2023-04-24,180.0,283.75
CABBAGE,2023-04-24,112.0,236.96969696969697
CARROT,2023-04-24,119.0,251.76470588235293
LEEKS,2023-04-24,169.0,298.52941176470586
PUMPKIN,2023-04-24,53.0,136.36363636363637
SNAKE GOURD,2023-04-24,152.0,277.5
BRINJALS,2023-05-01,137.0,264.51612903225805
CABBAGE,2023-05-01,116.0,266.0
CARROT,2023-05-01,128.0,253.79310344827587
LEEKS,2023-05-01,190.0,305.7142857142857
PUMPKIN,2023-05-01,40.0,132.66666666666666
SNAKE GOURD,2023-05-01,201.8181818,325.7142857142857
BRINJALS,2023-05-08,159.0,293.6
CABBAGE,2023-05-08,132.0,268.0769230769231
CARROT,2023-05-08,118.0,252.30769230769232
LEEKS,2023-05-08,166.0,306.53846153846155
PUMPKIN,2023-05-08,66.0,134.4
SNAKE GOURD,2023-05-08,218.0,338.46153846153845
BRINJALS,2023-05-15,258.0,428.8
CABBAGE,2023-05-15,178.0,288.0
CARROT,2023-05-15,194.0,315.0
LEEKS,2023-05-15,225.0,378.51851851851853
PUMPKIN,2023-05-15,76.0,167.40740740740742
SNAKE GOURD,2023-05-15,275.0,407.1428571428572
BRINJALS,2023-05-22,394.0,509.6551724137931
CABBAGE,2023-05-22,262.0,333.8709677419355
CARROT,2023-05-22,278.0,380.3125
LEEKS,2023-05-22,282.0,393.75
PUMPKIN,2023-05-22,70.0,153.75
SNAKE GOURD,2023-05-22,299.0,436.2068965517241
BRINJALS,2023-05-29,397.0,563.8461538461538
CABBAGE,2023-05-29,313.0,429.1666666666667
CARROT,2023-05-29,302.0,454.44444444444446
LEEKS,2023-05-29,290.0,426.6666666666667
PUMPKIN,2023-05-29,67.0,156.89655172413794
SNAKE GOURD,2023-05-29,296.0,432.6923076923077
BRINJALS,2023-06-05,252.0,471.6666666666667
CABBAGE,2023-06-05,282.0,421.42857142857144
CARROT,2023-06-05,310.0,453.8709677419355
LEEKS,2023-06-05,302.0,430.0
PUMPKIN,2023-06-05,75.0,162.75862068965515
SNAKE GOURD,2023-06-05,302.0,433.5483870967742
BRINJALS,2023-06-12,186.0,391.6666666666667
CABBAGE,2023-06-12,215.0,390.0
CARROT,2023-06-12,285.0,411.5151515151515
LEEKS,2023-06-12,239.0,396.875
PUMPKIN,2023-06-12,82.0,164.84848484848484
SNAKE GOURD,2023-06-12,249.0,394.4827586206897
BRINJALS,2023-06-19,178.0,384.2857142857143
CABBAGE,2023-06-19,147.0,320.3030303030303
CARROT,2023-06-19,288.0,426.2857142857143
LEEKS,2023-06-19,190.0,376.0
PUMPKIN,2023-06-19,88.0,180.8571428571429
SNAKE GOURD,2023-06-19,220.0,385.8333333333333
BRINJALS,2023-06-26,192.0,321.3333333333333
CABBAGE,2023-06-26,159.0,323.7931034482759
CARROT,2023-06-26,386.0,450.9375
LEEKS,2023-06-26,233.0,395.625
PUMPKIN,2023-06-26,91.0,190.9375
SNAKE GOURD,2023-06-26,251.0,397.3333333333333
BRINJALS,2023-07-03,214.0,364.3333333333333
CABBAGE,2023-07-03,155.0,315.7142857142857
CARROT,2023-07-03,390.9090909,511.15384615384613
LEEKS,2023-07-03,188.0,372.6666666666667
PUMPKIN,2023-07-03,125.0,195.0
SNAKE GOURD,2023-07-03,258.0,408.2758620689655
BRINJALS,2023-07-10,238.0,346.85714285714283
CABBAGE,2023-07-10,138.0,309.70588235294116
CARROT,2023-07-10,334.0,496.7647058823529
LEEKS,2023-07-10,124.0,328.0
PUMPKIN,2023-07-10,116.0,206.0606060606061
SNAKE GOURD,2023-07-10,219.0,361.25
BRINJALS,2023-07-17,292.0,404.2857142857143
CABBAGE,2023-07-17,135.0,300.0
CARROT,2023-07-17,358.0,505.0
LEEKS,2023-07-17,155.0,328.3333333333333
PUMPKIN,2023-07-17,110.0,201.11111111111111
SNAKE GOURD,2023-07-17,174.4444444,319.6969696969697
BRINJALS,2023-07-24,300.0,459.11764705882354
CABBAGE,2023-07-24,144.0,305.1515151515151
CARROT,2023-07-24,404.0,510.57142857142856
LEEKS,2023-07-24,147.0,282.7027027027027
PUMPKIN,2023-07-24,108.0,200.0
SNAKE GOURD,2023-07-24,118.0,313.7142857142857
BRINJALS,2023-07-31,322.0,460.57142857142856
CABBAGE,2023-07-31,130.0,250.57142857142856
CARROT,2023-07-31,362.0,489.1428571428572
LEEKS,2023-07-31,127.0,261.05263157894734
PUMPKIN,2023-07-31,124.0,206.76470588235293
SNAKE GOURD,2023-07-31,135.0,267.14285714285717
BRINJALS,2023-08-07,232.0,357.8787878787879
CABBAGE,2023-08-07,154.0,260.0
CARROT,2023-08-07,400.0,490.27027027027026
LEEKS,2023-08-07,122.0,255.0
PUMPKIN,2023-08-07,116.0,197.5675675675676
SNAKE GOURD,2023-08-07,142.0,276.1290322580645
BRINJALS,2023-08-14,217.0,336.7647058823529
CABBAGE,2023-08-14,130.0,255.71428571428572
CARROT,2023-08-14,361.0,480.5882352941176
LEEKS,2023-08-14,114.0,253.23529411764707
PUMPKIN,2023-08-14,106.0,190.33333333333337
SNAKE GOURD,2023-08-14,135.0,274.54545454545456
BRINJALS,2023-08-21,174.0,353.5897435897436
CABBAGE,2023-08-21,133.0,285.7142857142857
CARROT,2023-08-21,290.0,416.27906976744185
LEEKS,2023-08-21,92.0,231.6279069767442
PUMPKIN,2023-08-21,79.0,184.6153846153846
SNAKE GOURD,2023-08-21,132.0,268.97435897435895
BRINJALS,2023-08-28,241.0,361.57894736842104
CABBAGE,2023-08-28,115.0,254.35897435897436
CARROT,2023-08-28,277.0,406.3157894736842
LEEKS,2023-08-28,91.0,227.75
PUMPKIN,2023-08-28,67.0,180.8108108108108
SNAKE GOURD,2023-08-28,122.0,260.7894736842105
BRINJALS,2023-09-04,208.0,340.4878048780488
CABBAGE,2023-09-04,80.90909091,251.7948717948718
CARROT,2023-09-04,220.0,359.4871794871795
LEEKS,2023-09-04,86.0,225.3658536585366
PUMPKIN,2023-09-04,57.0,162.4390243902439
SNAKE GOURD,2023-09-04,112.0,258.6111111111111
BRINJALS,2023-09-11,210.0,382.6470588235294
CABBAGE,2023-09-11,65.0,226.1764705882353
CARROT,2023-09-11,150.0,357.58620689655174
LEEKS,2023-09-11,61.0,225.0
PUMPKIN,2023-09-11,59.0,171.47058823529412
SNAKE GOURD,2023-09-11,132.0,265.45454545454544
BRINJALS,2023-09-18,263.0,386.2857142857143
CABBAGE,2023-09-18,55.83333333,207.8947368421053
CARROT,2023-09-18,140.0,298.71794871794873
LEEKS,2023-09-18,76.0,212.05128205128204
PUMPKIN,2023-09-18,69.09090909,172.5
SNAKE GOURD,2023-09-18,171.0,269.11764705882354
BRINJALS,2023-09-25,284.5454545,412.1212121212121
CABBAGE,2023-09-25,55.0,219.375
CARROT,2023-09-25,119.0,247.71428571428572
LEEKS,2023-09-25,52.0,194.28571428571428
PUMPKIN,2023-09-25,54.0,157.2972972972973
SNAKE GOURD,2023-09-25,179.0,296.57142857142856
BRINJALS,2023-10-02,255.0,412.97297297297297
CABBAGE,2023-10-02,70.0,221.0810810810811
CARROT,2023-10-02,192.0,296.15384615384613
LEEKS,2023-10-02,72.0,203.33333333333337
PUMPKIN,2023-10-02,60.0,162.28571428571428
SNAKE GOURD,2023-10-02,163.0,290.85714285714283
BRINJALS,2023-10-09,238.0,416.57894736842104
CABBAGE,2023-10-09,65.45454545,215.0
CARROT,2023-10-09,146.0,272.77777777777777
LEEKS,2023-10-09,61.0,215.52631578947367
PUMPKIN,2023-10-09,47.0,155.0
SNAKE GOURD,2023-10-09,166.0,315.0
BRINJALS,2023-10-16,248.0,422.0
CABBAGE,2023-10-16,77.0,220.3030303030303
CARROT,2023-10-16,128.0,271.0810810810811
LEEKS,2023-10-16,60.0,204.57142857142856
PUMPKIN,2023-10-16,57.0,163.78378378378378
SNAKE GOURD,2023-10-16,218.0,361.8918918918919
BRINJALS,2023-10-23,275.0,436.6666666666667
CABBAGE,2023-10-23,108.1818182,240.2941176470588
CARROT,2023-10-23,154.0,326.3888888888889
LEEKS,2023-10-23,65.0,218.28571428571428
PUMPKIN,2023-10-23,54.0,145.27777777777777
SNAKE GOURD,2023-10-23,247.0,393.6111111111111
BRINJALS,2023-10-30,297.0,476.0
CABBAGE,2023-10-30,147.2727273,297.42857142857144
CARROT,2023-10-30,195.0,351.14285714285717
LEEKS,2023-10-30,100.0,249.41176470588235
PUMPKIN,2023-10-30,64.0,167.35294117647058
SNAKE GOURD,2023-10-30,284.0,412.94117647058823
BRINJALS,2023-11-06,292.0,451.1111111111111
CABBAGE,2023-11-06,183.0,316.7647058823529
CARROT,2023-11-06,192.0,343.3333333333333
LEEKS,2023-11-06,98.0,232.5
PUMPKIN,2023-11-06,84.0,172.57142857142858
SNAKE GOURD,2023-11-06,287.0,414.4827586206897
BRINJALS,2023-11-13,348.0,508.57142857142856
CABBAGE,2023-11-13,217.5,364.2857142857143
CARROT,2023-11-13,282.0,439.6774193548387
LEEKS,2023-11-13,158.0,289.11764705882354
PUMPKIN,2023-11-13,94.0,176.57142857142858
SNAKE GOURD,2023-11-13,304.0,427.3529411764706
BRINJALS,2023-11-20,269.0,474.5161290322581
CABBAGE,2023-11-20,220.0,383.4375
CARROT,2023-11-20,219.0,390.96774193548384
LEEKS,2023-11-20,120.0,284.81481481481484
PUMPKIN,2023-11-20,88.0,180.33333333333337
SNAKE GOURD,2023-11-20,279.0,456.4516129032258
BRINJALS,2023-11-27,314.5454545,524.516129032258
CABBAGE,2023-11-27,286.0,454.0
CARROT,2023-11-27,282.0,437.741935483871
LEEKS,2023-11-27,181.0,371.48148148148147
PUMPKIN,2023-11-27,99.0,201.93548387096777
SNAKE GOURD,2023-11-27,290.0,492.8125
BRINJALS,2023-12-04,324.0,492.57142857142856
CABBAGE,2023-12-04,313.3333333,467.5
CARROT,2023-12-04,286.0,436.6666666666667
LEEKS,2023-12-04,242.0,374.3333333333333
PUMPKIN,2023-12-04,103.0,211.76470588235293
SNAKE GOURD,2023-12-04,200.0,429.09090909090907
BRINJALS,2023-12-11,378.0,531.4285714285714
CABBAGE,2023-12-11,339.0,483.46153846153845
CARROT,2023-12-11,284.0,456.6666666666667
LEEKS,2023-12-11,219.0,375.5172413793103
PUMPKIN,2023-12-11,137.0,236.8965517241379
SNAKE GOURD,2023-12-11,192.0,398.2758620689655
BRINJALS,2023-12-18,380.0,538.8235294117648
CABBAGE,2023-12-18,323.0,535.4545454545455
CARROT,2023-12-18,363.0,533.3333333333334
LEEKS,2023-12-18,240.0,395.0
PUMPKIN,2023-12-18,147.0,273.52941176470586
SNAKE GOURD,2023-12-18,182.0,394.54545454545456
BRINJALS,2023-12-25,548.0,762.258064516129
CABBAGE,2023-12-25,370.0,548.7878787878788
CARROT,2023-12-25,417.0,598.5714285714286
LEEKS,2023-12-25,220.0,388.92857142857144
PUMPKIN,2023-12-25,154.0,272.7586206896552
SNAKE GOURD,2023-12-25,208.0,396.2962962962963
BRINJALS,2024-01-01,478.0,690.4347826086956
CABBAGE,2024-01-01,440.0,698.4615384615385
CARROT,2024-01-01,644.0,810.7692307692307
LEEKS,2024-01-01,366.0,532.5
PUMPKIN,2024-01-01,162.0,277.037037037037
SNAKE GOURD,2024-01-01,190.0,392.4
BRINJALS,2024-01-08,454.0,580.7692307692307
CABBAGE,2024-01-08,417.0,645.6
CARROT,2024-01-08,675.0,860.8
LEEKS,2024-01-08,227.0,427.77777777777777
PUMPKIN,2024-01-08,107.0,262.5
SNAKE GOURD,2024-01-08,200.0,380.0
BRINJALS,2024-01-15,475.0,825.1724137931035
CABBAGE,2024-01-15,553.0,854.3333333333334
CARROT,2024-01-15,1395.833333,1703.3333333333333
LEEKS,2024-01-15,326.0,631.3793103448276
PUMPKIN,2024-01-15,130.0,271.0344827586207
SNAKE GOURD,2024-01-15,234.0,432.9166666666667
BRINJALS,2024-01-22,509.0,717.5
CABBAGE,2024-01-22,451.0,732.5
CARROT,2024-01-22,990.0,1233.3333333333333
LEEKS,2024-01-22,378.0,603.2142857142857
PUMPKIN,2024-01-22,127.0,262.4
SNAKE GOURD,2024-01-22,369.0,562.2222222222222
BRINJALS,2024-01-29,516.0,738.9655172413793
CABBAGE,2024-01-29,551.0,734.1379310344828
CARROT,2024-01-29,1240.0,1537.037037037037
LEEKS,2024-01-29,426.0,676.6666666666666
PUMPKIN,2024-01-29,187.0,311.0344827586207
SNAKE GOURD,2024-01-29,376.0,564.8275862068965
BRINJALS,2024-02-05,354.0,573.6666666666666
CABBAGE,2024-02-05,426.0,643.1034482758621
CARROT,2024-02-05,775.0,1150.0
LEEKS,2024-02-05,401.0,650.9677419354839
PUMPKIN,2024-02-05,238.0,336.1290322580645
SNAKE GOURD,2024-02-05,245.0,476.3333333333333
BRINJALS,2024-02-12,198.0,392.0
CABBAGE,2024-02-12,401.0,570.0
CARROT,2024-02-12,565.0,820.3225806451613
LEEKS,2024-02-12,308.0,532.9032258064516
PUMPKIN,2024-02-12,263.0,389.0
SNAKE GOURD,2024-02-12,238.0,435.4838709677419
BRINJALS,2024-02-19,155.0,330.0
CABBAGE,2024-02-19,376.0,545.3571428571429
CARROT,2024-02-19,426.0,593.2142857142857
LEEKS,2024-02-19,284.0,473.44827586206895
PUMPKIN,2024-02-19,252.0,370.38461538461536
SNAKE GOURD,2024-02-19,236.0,380.6896551724138
BRINJALS,2024-02-26,139.0,315.2
CABBAGE,2024-02-26,326.0,536.5384615384615
CARROT,2024-02-26,392.0,555.5555555555555
LEEKS,2024-02-26,258.0,441.1111111111111
PUMPKIN,2024-02-26,256.0,390.7407407407408
SNAKE GOURD,2024-02-26,222.0,372.8
BRINJALS,2024-03-04,135.0,292.962962962963
CABBAGE,2024-03-04,296.0,512.8571428571429
CARROT,2024-03-04,268.0,492.962962962963
LEEKS,2024-03-04,204.0,391.1111111111111
PUMPKIN,2024-03-04,242.0,370.3571428571428
SNAKE GOURD,2024-03-04,178.0,361.7241379310345
BRINJALS,2024-03-11,226.0,365.0
CABBAGE,2024-03-11,424.0,571.7241379310345
CARROT,2024-03-11,424.0,533.2142857142857
LEEKS,2024-03-11,210.0,334.48275862068965
PUMPKIN,2024-03-11,214.0,356.0
SNAKE GOURD,2024-03-11,192.0,362.5925925925926
BRINJALS,2024-03-18,206.0,331.0
CABBAGE,2024-03-18,358.1818182,544.0
CARROT,2024-03-18,297.0,435.86206896551727
LEEKS,2024-03-18,169.0,318.92857142857144
PUMPKIN,2024-03-18,163.0,299.6774193548387
SNAKE GOURD,2024-03-18,144.0,305.3333333333333
BRINJALS,2024-03-25,217.0,332.41379310344826
CABBAGE,2024-03-25,250.0,452.41379310344826
CARROT,2024-03-25,266.0,394.6428571428572
LEEKS,2024-03-25,164.0,309.03225806451616
PUMPKIN,2024-03-25,148.0,295.17241379310343
SNAKE GOURD,2024-03-25,121.0,281.42857142857144
BRINJALS,2024-04-01,158.0,307.0967741935484
CABBAGE,2024-04-01,124.0,342.0
CARROT,2024-04-01,250.0,367.3333333333333
LEEKS,2024-04-01,147.0,303.4375
PUMPKIN,2024-04-01,142.0,273.5483870967742
SNAKE GOURD,2024-04-01,108.0,280.0
BRINJALS,2024-04-08,217.0,320.0
CABBAGE,2024-04-08,133.0,306.7741935483871
CARROT,2024-04-08,200.0,364.13793103448273
LEEKS,2024-04-08,121.0,284.375
PUMPKIN,2024-04-08,124.0,251.5625
SNAKE GOURD,2024-04-08,108.0,250.0
BRINJALS,2024-04-15,200.0,298.14814814814815
CABBAGE,2024-04-15,200.0,329.5833333333333
CARROT,2024-04-15,229.0,355.0
LEEKS,2024-04-15,176.0,323.84615384615387
PUMPKIN,2024-04-15,129.0,256.8
SNAKE GOURD,2024-04-15,144.0,286.6666666666667
BRINJALS,2024-04-22,103.0,242.4
CABBAGE,2024-04-22,129.0,296.25
CARROT,2024-04-22,188.0,333.84615384615387
LEEKS,2024-04-22,135.0,278.46153846153845
PUMPKIN,2024-04-22,100.0,231.92307692307693
SNAKE GOURD,2024-04-22,129.0,262.4
BRINJALS,2024-04-29,108.0,245.0
CABBAGE,2024-04-29,77.0,230.71428571428572
CARROT,2024-04-29,121.0,262.41379310344826
LEEKS,2024-04-29,128.0,261.42857142857144
PUMPKIN,2024-04-29,74.0,188.66666666666663
SNAKE GOURD,2024-04-29,176.0,324.44444444444446
BRINJALS,2024-05-06,188.0,295.0
CABBAGE,2024-05-06,80.0,235.17241379310343
CARROT,2024-05-06,127.0,241.3793103448276
LEEKS,2024-05-06,174.0,314.19354838709677
PUMPKIN,2024-05-06,52.0,182.0
SNAKE GOURD,2024-05-06,208.0,326.4516129032258
BRINJALS,2024-05-13,169.0,280.9375
CABBAGE,2024-05-13,74.0,223.2258064516129
CARROT,2024-05-13,98.0,237.0967741935484
LEEKS,2024-05-13,179.0,317.8125
PUMPKIN,2024-05-13,50.0,170.0
SNAKE GOURD,2024-05-13,214.0,329.6875
BRINJALS,2024-05-20,184.0,299.09090909090907
CABBAGE,2024-05-20,62.0,219.71428571428572
CARROT,2024-05-20,121.0,244.7058823529412
LEEKS,2024-05-20,214.0,361.47058823529414
PUMPKIN,2024-05-20,70.0,173.03030303030303
SNAKE GOURD,2024-05-20,244.0,364.8484848484849
BRINJALS,2024-05-27,242.0,401.07142857142856
CABBAGE,2024-05-27,70.0,255.71428571428572
CARROT,2024-05-27,130.0,297.9310344827586
LEEKS,2024-05-27,267.0,460.6896551724138
PUMPKIN,2024-05-27,72.0,201.0
SNAKE GOURD,2024-05-27,286.0,390.6666666666667
BRINJALS,2024-06-03,370.0,480.0
CABBAGE,2024-06-03,72.0,260.6666666666667
CARROT,2024-06-03,133.0,300.0
LEEKS,2024-06-03,392.0,516.7741935483871
PUMPKIN,2024-06-03,76.0,209.33333333333337
SNAKE GOURD,2024-06-03,292.0,445.86206896551727
BRINJALS,2024-06-10,424.0,554.2857142857143
CABBAGE,2024-06-10,126.6666667,308.0
CARROT,2024-06-10,252.0,401.875
LEEKS,2024-06-10,430.0,595.483870967742
PUMPKIN,2024-06-10,98.0,209.25925925925927
SNAKE GOURD,2024-06-10,302.0,497.77777777777777
BRINJALS,2024-06-17,352.0,488.38709677419354
CABBAGE,2024-06-17,143.6363636,317.6666666666667
CARROT,2024-06-17,309.0,474.0625
LEEKS,2024-06-17,502.0,688.4375
PUMPKIN,2024-06-17,126.0,232.25806451612905
SNAKE GOURD,2024-06-17,292.0,477.3333333333333
BRINJALS,2024-06-24,272.0,451.42857142857144
CABBAGE,2024-06-24,156.3636364,322.4
CARROT,2024-06-24,422.0,537.5
LEEKS,2024-06-24,507.0,706.6666666666666
PUMPKIN,2024-06-24,165.0,268.46153846153845
SNAKE GOURD,2024-06-24,234.0,404.3478260869565
BRINJALS,2024-07-01,264.0,415.1612903225806
CABBAGE,2024-07-01,138.1818182,318.38709677419354
CARROT,2024-07-01,375.0,527.5862068965517
LEEKS,2024-07-01,428.0,598.7096774193549
PUMPKIN,2024-07-01,150.0,264.51612903225805
SNAKE GOURD,2024-07-01,202.0,400.3125
BRINJALS,2024-07-08,158.0,325.7142857142857
CABBAGE,2024-07-08,163.0,348.14814814814815
CARROT,2024-07-08,312.0,508.6206896551725
LEEKS,2024-07-08,374.0,552.0689655172414
PUMPKIN,2024-07-08,133.0,256.2068965517241
SNAKE GOURD,2024-07-08,192.7272727,385.1851851851851
BRINJALS,2024-07-15,155.0,292.0689655172414
CABBAGE,2024-07-15,202.0,395.0
CARROT,2024-07-15,350.0,507.4074074074074
LEEKS,2024-07-15,359.0,530.3703703703703
PUMPKIN,2024-07-15,148.0,271.0344827586207
SNAKE GOURD,2024-07-15,188.0,374.82758620689657
BRINJALS,2024-07-22,213.0,370.7142857142857
CABBAGE,2024-07-22,244.0,416.4516129032258
CARROT,2024-07-22,346.0,503.6363636363636
LEEKS,2024-07-22,376.0,542.6666666666666
PUMPKIN,2024-07-22,202.0,326.6666666666667
SNAKE GOURD,2024-07-22,180.0,370.3125
BRINJALS,2024-07-29,250.0,397.6666666666667
CABBAGE,2024-07-29,258.0,423.92857142857144
CARROT,2024-07-29,246.0,443.7931034482759
LEEKS,2024-07-29,326.0,470.7142857142857
PUMPKIN,2024-07-29,135.0,297.741935483871
SNAKE GOURD,2024-07-29,179.0,351.37931034482756
BRINJALS,2024-08-05,263.0,397.2413793103448
CABBAGE,2024-08-05,247.0,419.0
CARROT,2024-08-05,206.0,388.0
LEEKS,2024-08-05,276.0,477.0
PUMPKIN,2024-08-05,128.0,243.33333333333337
SNAKE GOURD,2024-08-05,168.0,333.6363636363636
BRINJALS,2024-08-12,206.0,360.0
CABBAGE,2024-08-12,175.4545455,370.625
CARROT,2024-08-12,195.0,360.2941176470589
LEEKS,2024-08-12,227.0,416.25
PUMPKIN,2024-08-12,129.0,257.3529411764706
SNAKE GOURD,2024-08-12,190.0,330.0
BRINJALS,2024-08-19,194.0,350.7692307692308
CABBAGE,2024-08-19,178.0,300.74074074074076
CARROT,2024-08-19,178.0,343.44827586206895
LEEKS,2024-08-19,249.0,386.8965517241379
PUMPKIN,2024-08-19,137.0,225.92592592592592
SNAKE GOURD,2024-08-19,177.0,302.85714285714283
BRINJALS,2024-08-26,204.0,341.5151515151515
CABBAGE,2024-08-26,165.0,293.92857142857144
CARROT,2024-08-26,172.0,322.3333333333333
LEEKS,2024-08-26,202.0,348.14814814814815
PUMPKIN,2024-08-26,90.0,222.06896551724137
SNAKE GOURD,2024-08-26,184.0,311.0344827586207
BRINJALS,2024-09-02,216.0,342.5806451612903
CABBAGE,2024-09-02,176.0,325.17241379310343
CARROT,2024-09-02,160.0,319.03225806451616
LEEKS,2024-09-02,208.0,352.5
PUMPKIN,2024-09-02,77.0,201.25
SNAKE GOURD,2024-09-02,198.0,328.6666666666667
BRINJALS,2024-09-09,255.0,375.0
CABBAGE,2024-09-09,168.0,285.88235294117646
CARROT,2024-09-09,141.0,284.57142857142856
LEEKS,2024-09-09,173.0,317.57575757575756
PUMPKIN,2024-09-09,57.0,167.64705882352942
SNAKE GOURD,2024-09-09,194.0,308.7878787878788
BRINJALS,2024-09-16,275.0,377.1428571428572
CABBAGE,2024-09-16,169.0909091,292.0
CARROT,2024-09-16,129.0,269.35483870967744
LEEKS,2024-09-16,202.0,317.1875
PUMPKIN,2024-09-16,56.0,146.7741935483871
SNAKE GOURD,2024-09-16,171.0,298.9655172413793
BRINJALS,2024-09-23,215.0,336.6666666666667
CABBAGE,2024-09-23,212.0,313.92857142857144
CARROT,2024-09-23,160.0,282.14285714285717
LEEKS,2024-09-23,220.0,329.2857142857143
PUMPKIN,2024-09-23,59.0,154.07407407407408
SNAKE GOURD,2024-09-23,204.0,303.2142857142857
BRINJALS,2024-09-30,150.0,301.42857142857144
CABBAGE,2024-09-30,138.0,310.5405405405405
CARROT,2024-09-30,100.0,226.1764705882353
LEEKS,2024-09-30,167.0,296.2857142857143
PUMPKIN,2024-09-30,55.0,174.11764705882354
SNAKE GOURD,2024-09-30,145.0,319.42857142857144
BRINJALS,2024-10-07,130.0,286.969696969697
CABBAGE,2024-10-07,112.0,270.0
CARROT,2024-10-07,83.0,224.72222222222223
LEEKS,2024-10-07,137.0,280.88235294117646
PUMPKIN,2024-10-07,54.28571429,165.71428571428572
SNAKE GOURD,2024-10-07,158.0,308.125
BRINJALS,2024-10-14,123.0,280.3225806451613
CABBAGE,2024-10-14,90.0,249.6428571428571
CARROT,2024-10-14,80.0,214.24242424242425
LEEKS,2024-10-14,143.0,293.2258064516129
PUMPKIN,2024-10-14,90.0,180.625
SNAKE GOURD,2024-10-14,188.0,314.7826086956522
BRINJALS,2024-10-21,214.0,330.29411764705884
CABBAGE,2024-10-21,98.0,250.3125
CARROT,2024-10-21,100.0,224.24242424242425
LEEKS,2024-10-21,161.0,321.14285714285717
PUMPKIN,2024-10-21,100.0,207.42857142857144
SNAKE GOURD,2024-10-21,276.0,378.06451612903226
BRINJALS,2024-10-28,227.0,332.5
CABBAGE,2024-10-28,74.54545455,246.4516129032258
CARROT,2024-10-28,72.0,215.42857142857144
LEEKS,2024-10-28,178.3333333,325.75757575757575
PUMPKIN,2024-10-28,96.0,204.28571428571428
SNAKE GOURD,2024-10-28,224.0,404.11764705882354
BRINJALS,2024-11-04,270.0,362.8125
CABBAGE,2024-11-04,74.16666667,230.625
CARROT,2024-11-04,70.0,205.0
LEEKS,2024-11-04,131.0,294.13793103448273
PUMPKIN,2024-11-04,100.0,205.0
SNAKE GOURD,2024-11-04,229.0,360.3571428571428
BRINJALS,2024-11-11,231.0,358.51851851851853
CABBAGE,2024-11-11,78.0,206.07142857142856
CARROT,2024-11-11,100.0,208.27586206896552
LEEKS,2024-11-11,154.0,271.37931034482756
PUMPKIN,2024-11-11,102.2222222,210.0
SNAKE GOURD,2024-11-11,208.0,350.7142857142857
BRINJALS,2024-11-18,190.0,335.3333333333333
CABBAGE,2024-11-18,74.0,204.13793103448276
CARROT,2024-11-18,75.0,205.33333333333337
LEEKS,2024-11-18,102.0,263.0
PUMPKIN,2024-11-18,108.0,211.6129032258065
SNAKE GOURD,2024-11-18,212.5,360.0
BRINJALS,2024-11-25,198.0,327.57575757575756
CABBAGE,2024-11-25,75.0,201.5625
CARROT,2024-11-25,98.0,229.375
LEEKS,2024-11-25,159.0,267.0967741935484
PUMPKIN,2024-11-25,111.0,214.0
SNAKE GOURD,2024-11-25,218.0,368.7096774193548
BRINJALS,2024-12-02,290.0,411.25
CABBAGE,2024-12-02,90.0,267.9310344827586
CARROT,2024-12-02,120.0,263.75
LEEKS,2024-12-02,141.0,265.51724137931035
PUMPKIN,2024-12-02,124.0,217.74193548387095
SNAKE GOURD,2024-12-02,250.0,414.2857142857143
BRINJALS,2024-12-09,302.0,397.27272727272725
CABBAGE,2024-12-09,140.0,267.2413793103448
CARROT,2024-12-09,150.0,268.06451612903226
LEEKS,2024-12-09,246.0,391.875
PUMPKIN,2024-12-09,117.0,217.4193548387097
SNAKE GOURD,2024-12-09,280.0,425.86206896551727
BRINJALS,2024-12-16,276.0,389.6875
CABBAGE,2024-12-16,219.0,365.0
CARROT,2024-12-16,155.0,285.48387096774195
LEEKS,2024-12-16,288.0,396.07142857142856
PUMPKIN,2024-12-16,126.0,225.45454545454547
SNAKE GOURD,2024-12-16,303.0,433.0769230769231
BRINJALS,2024-12-23,325.0,475.6666666666667
CABBAGE,2024-12-23,135.0,312.258064516129
CARROT,2024-12-23,141.0,266.0
LEEKS,2024-12-23,208.0,355.0
PUMPKIN,2024-12-23,170.0,280.9375
SNAKE GOURD,2024-12-23,232.0,415.86206896551727
BRINJALS,2024-12-30,350.0,451.93548387096774
CABBAGE,2024-12-30,170.0,283.44827586206895
CARROT,2024-12-30,244.4444444,323.3333333333333
LEEKS,2024-12-30,238.0,344.83870967741933
PUMPKIN,2024-12-30,151.0,271.6666666666667
SNAKE GOURD,2024-12-30,218.0,340.3333333333333
BRINJALS,2025-01-06,302.0,420.6666666666667
CABBAGE,2025-01-06,127.0,284.19354838709677
CARROT,2025-01-06,179.0,363.6363636363636
LEEKS,2025-01-06,169.0,343.125
PUMPKIN,2025-01-06,131.0,267.0967741935484
SNAKE GOURD,2025-01-06,158.0,326.7857142857143
BRINJALS,2025-01-13,280.0,412.1212121212121
CABBAGE,2025-01-13,140.0,289.6969696969697
CARROT,2025-01-13,223.0,378.1818181818182
LEEKS,2025-01-13,207.0,394.24242424242425
PUMPKIN,2025-01-13,118.0,261.5151515151515
SNAKE GOURD,2025-01-13,137.0,302.5
BRINJALS,2025-01-20,311.0,419.6666666666667
CABBAGE,2025-01-20,134.0,296.25
CARROT,2025-01-20,246.0,381.5151515151515
LEEKS,2025-01-20,216.0,395.1612903225806
PUMPKIN,2025-01-20,108.0,240.32258064516128
SNAKE GOURD,2025-01-20,178.0,366.7741935483871
BRINJALS,2025-01-27,376.0,510.0
CABBAGE,2025-01-27,218.0,375.17241379310343
CARROT,2025-01-27,424.0,547.6923076923077
LEEKS,2025-01-27,261.0,419.6296296296296
PUMPKIN,2025-01-27,118.0,237.40740740740745
SNAKE GOURD,2025-01-27,220.0,350.7142857142857
BRINJALS,2025-02-03,483.0,603.1034482758621
CABBAGE,2025-02-03,229.0,381.3793103448275
CARROT,2025-02-03,598.0,672.6666666666666
LEEKS,2025-02-03,227.0,373.1034482758621
PUMPKIN,2025-02-03,113.0,226.0
SNAKE GOURD,2025-02-03,216.0,351.85185185185185
BRINJALS,2025-02-10,500.0,622.5
CABBAGE,2025-02-10,304.0,420.64516129032256
CARROT,2025-02-10,640.0,847.6923076923077
LEEKS,2025-02-10,276.0,446.4516129032258
PUMPKIN,2025-02-10,124.0,230.96774193548387
SNAKE GOURD,2025-02-10,186.0,342.5
BRINJALS,2025-02-17,226.0,463.4375
CABBAGE,2025-02-17,317.0,432.258064516129
CARROT,2025-02-17,678.0,878.8888888888889
LEEKS,2025-02-17,212.0,354.6875
PUMPKIN,2025-02-17,134.0,262.1875
SNAKE GOURD,2025-02-17,106.0,315.80645161290323
BRINJALS,2025-02-24,152.0,294.0625
CABBAGE,2025-02-24,262.0,443.84615384615387
CARROT,2025-02-24,668.1818182,803.3333333333334
LEEKS,2025-02-24,224.0,354.6666666666667
PUMPKIN,2025-02-24,123.0,254.0
SNAKE GOURD,2025-02-24,124.0,314.83870967741933
BRINJALS,2025-03-03,136.0,273.125
CABBAGE,2025-03-03,258.0,396.8965517241379
CARROT,2025-03-03,763.0,816.9230769230769
LEEKS,2025-03-03,188.0,334.19354838709677
PUMPKIN,2025-03-03,119.0,244.6875
SNAKE GOURD,2025-03-03,215.0,338.3333333333333
BRINJALS,2025-03-10,176.0,304.19354838709677
CABBAGE,2025-03-10,276.0,402.41379310344826
CARROT,2025-03-10,615.0,728.2758620689655
LEEKS,2025-03-10,166.0,314.19354838709677
PUMPKIN,2025-03-10,117.0,235.3571428571429
SNAKE GOURD,2025-03-10,274.0,405.0
BRINJALS,2025-03-17,296.0,393.84615384615387
CABBAGE,2025-03-17,238.0,397.2
CARROT,2025-03-17,431.0,697.2
LEEKS,2025-03-17,157.0,292.0
PUMPKIN,2025-03-17,119.0,244.16666666666663
SNAKE GOURD,2025-03-17,315.0,430.8
BRINJALS,2025-03-24,475.0,593.2
CABBAGE,2025-03-24,231.0,394.61538461538464
CARROT,2025-03-24,503.0,702.9629629629629
LEEKS,2025-03-24,144.0,291.6
PUMPKIN,2025-03-24,140.0,256.6666666666667
SNAKE GOURD,2025-03-24,291.0,413.0434782608696
BRINJALS,2025-03-31,513.0,610.3225806451613
CABBAGE,2025-03-31,208.0,378.92857142857144
CARROT,2025-03-31,326.0,543.6666666666666
LEEKS,2025-03-31,117.0,285.17241379310343
PUMPKIN,2025-03-31,166.0,281.61290322580646
SNAKE GOURD,2025-03-31,296.0,423.7931034482759
BRINJALS,2025-04-07,575.0,781.7647058823529
CABBAGE,2025-04-07,326.0,454.0
CARROT,2025-04-07,458.0,627.6470588235294
LEEKS,2025-04-07,152.0,314.11764705882354
PUMPKIN,2025-04-07,252.0,316.47058823529414
SNAKE GOURD,2025-04-07,327.0,466.42857142857144
BRINJALS,2025-04-14,313.0,468.0952380952381
CABBAGE,2025-04-14,296.0,449.0
CARROT,2025-04-14,353.0,528.2608695652174
LEEKS,2025-04-14,124.0,306.6666666666667
PUMPKIN,2025-04-14,218.0,324.5
SNAKE GOURD,2025-04-14,276.0,458.3333333333333
BRINJALS,2025-04-21,437.0,535.7692307692307
CABBAGE,2025-04-21,301.0,466.9230769230769
CARROT,2025-04-21,388.0,588.5185185185185
LEEKS,2025-04-21,94.0,286.6666666666667
PUMPKIN,2025-04-21,192.0,321.07142857142856
SNAKE GOURD,2025-04-21,338.0,499.2
BRINJALS,2025-04-28,390.0,533.8461538461538
CABBAGE,2025-04-28,334.0,502.5
CARROT,2025-04-28,625.0,706.5384615384615
LEEKS,2025-04-28,125.0,294.1666666666667
PUMPKIN,2025-04-28,176.0,295.4166666666667
SNAKE GOURD,2025-04-28,324.0,468.0
BRINJALS,2025-05-05,386.3636364,536.6666666666666
CABBAGE,2025-05-05,375.0,550.0
CARROT,2025-05-05,640.0,870.4545454545455
LEEKS,2025-05-05,145.0,304.54545454545456
PUMPKIN,2025-05-05,174.0,293.1818181818182
SNAKE GOURD,2025-05-05,300.0,461.3636363636364
BRINJALS,2025-05-12,376.0,516.9230769230769
CABBAGE,2025-05-12,383.3333333,527.5
CARROT,2025-05-12,700.0,882.6923076923077
LEEKS,2025-05-12,227.0,366.2962962962963
PUMPKIN,2025-05-12,163.0,288.4
SNAKE GOURD,2025-05-12,261.0,448.0952380952381
BRINJALS,2025-05-19,350.0,477.6923076923077
CABBAGE,2025-05-19,300.0,450.3703703703704
CARROT,2025-05-19,585.0,705.0
LEEKS,2025-05-19,198.0,362.22222222222223
PUMPKIN,2025-05-19,130.0,269.2857142857143
SNAKE GOURD,2025-05-19,206.0,364.44444444444446
BRINJALS,2025-05-26,354.0,476.53846153846155
CABBAGE,2025-05-26,308.0,470.8333333333333
CARROT,2025-05-26,563.0,742.8571428571429
LEEKS,2025-05-26,208.0,400.8
PUMPKIN,2025-05-26,114.0,256.6666666666667
SNAKE GOURD,2025-05-26,215.0,373.3333333333333
BRINJALS,2025-06-02,324.0,532.1428571428571
CABBAGE,2025-06-02,350.0,501.15384615384613
CARROT,2025-06-02,575.0,754.3333333333334
LEEKS,2025-06-02,288.0,451.3793103448275
PUMPKIN,2025-06-02,108.0,256.2962962962963
SNAKE GOURD,2025-06-02,181.0,356.07142857142856
BRINJALS,2025-06-09,376.0,504.6428571428572
CABBAGE,2025-06-09,400.0,537.4074074074074
CARROT,2025-06-09,525.0,612.4137931034483
LEEKS,2025-06-09,282.0,449.61538461538464
PUMPKIN,2025-06-09,107.0,240.625
SNAKE GOURD,2025-06-09,156.0,332.3333333333333
BRINJALS,2025-06-16,346.0,498.1818181818182
CABBAGE,2025-06-16,204.0,428.3333333333333
CARROT,2025-06-16,325.0,499.3939393939394
LEEKS,2025-06-16,222.0,436.0
PUMPKIN,2025-06-16,101.8181818,233.66666666666663
SNAKE GOURD,2025-06-16,116.0,321.15384615384613
BRINJALS,2025-06-23,344.1666667,483.3333333333333
CABBAGE,2025-06-23,174.6153846,387.6923076923077
CARROT,2025-06-23,242.0,440.38461538461536
LEEKS,2025-06-23,198.8888889,365.7692307692308
PUMPKIN,2025-06-23,103.6363636,245.92592592592592
SNAKE GOURD,2025-06-23,119.0,328.75
BRINJALS,2025-06-30,335.8333333,472.6923076923077
CABBAGE,2025-06-30,207.6923077,398.14814814814815
CARROT,2025-06-30,276.6666667,457.5
LEEKS,2025-06-30,182.2222222,360.3703703703704
PUMPKIN,2025-06-30,96.0,235.3571428571429
SNAKE GOURD,2025-06-30,140.0,331.85185185185185
BRINJALS,2025-07-07,300.0,464.13793103448273
CABBAGE,2025-07-07,189.0909091,389.6551724137931
CARROT,2025-07-07,295.5555556,457.6666666666667
LEEKS,2025-07-07,140.0,323.7931034482759
PUMPKIN,2025-07-07,94.54545455,227.5
SNAKE GOURD,2025-07-07,136.0,313.2142857142857
BRINJALS,2025-07-14,225.0,372.8571428571428
CABBAGE,2025-07-14,171.5384615,353.6666666666667
CARROT,2025-07-14,253.3333333,387.9310344827586
LEEKS,2025-07-14,115.0,301.3333333333333
PUMPKIN,2025-07-14,81.66666667,212.06896551724137
SNAKE GOURD,2025-07-14,130.0,266.55172413793105
BRINJALS,2025-07-21,253.3333333,379.5652173913044
CABBAGE,2025-07-21,134.1666667,315.7142857142857
CARROT,2025-07-21,263.0,389.0
LEEKS,2025-07-21,114.0,273.6363636363636
PUMPKIN,2025-07-21,64.16666667,177.14285714285714
SNAKE GOURD,2025-07-21,162.0,280.95238095238096
BRINJALS,2025-07-28,246.4285714,361.6666666666667
CABBAGE,2025-07-28,156.0,343.84615384615387
CARROT,2025-07-28,290.0,479.61538461538464
LEEKS,2025-07-28,102.0,270.38461538461536
PUMPKIN,2025-07-28,53.46153846,170.43478260869566
SNAKE GOURD,2025-07-28,196.3636364,331.6
BRINJALS,2025-08-04,270.0,467.9310344827586
CABBAGE,2025-08-04,186.1538462,351.42857142857144
CARROT,2025-08-04,442.0,572.3076923076923
LEEKS,2025-08-04,100.0,266.53846153846155
PUMPKIN,2025-08-04,52.5,167.14285714285714
SNAKE GOURD,2025-08-04,175.0,328.69565217391306
BRINJALS,2025-08-11,257.6923077,451.6666666666667
CABBAGE,2025-08-11,144.6153846,312.3333333333333
CARROT,2025-08-11,306.3636364,466.55172413793105
LEEKS,2025-08-11,90.90909091,244.28571428571428
PUMPKIN,2025-08-11,49.58333333,129.66666666666666
SNAKE GOURD,2025-08-11,146.6666667,284.6666666666667
BRINJALS,2025-08-18,315.0,461.0
CABBAGE,2025-08-18,143.8461538,300.35714285714283
CARROT,2025-08-18,266.0,410.7142857142857
LEEKS,2025-08-18,112.0,270.6896551724138
PUMPKIN,2025-08-18,50.83333333,143.33333333333334
SNAKE GOURD,2025-08-18,159.0909091,304.0
BRINJALS,2025-08-25,300.0,455.86206896551727
CABBAGE,2025-08-25,148.4615385,301.85185185185185
CARROT,2025-08-25,205.4545455,408.92857142857144
LEEKS,2025-08-25,86.66666667,266.55172413793105
PUMPKIN,2025-08-25,40.0,150.68965517241378
SNAKE GOURD,2025-08-25,145.4545455,296.8
BRINJALS,2025-09-01,295.7142857,452.9166666666667
CABBAGE,2025-09-01,151.6666667,294.44444444444446
CARROT,2025-09-01,276.6666667,416.8
LEEKS,2025-09-01,110.8333333,282.5925925925926
PUMPKIN,2025-09-01,39.16666667,152.03703703703704
SNAKE GOURD,2025-09-01,116.3636364,288.57142857142856
BRINJALS,2025-09-08,205.7142857,414.6428571428572
CABBAGE,2025-09-08,107.8571429,288.2142857142857
CARROT,2025-09-08,170.7692308,365.0
LEEKS,2025-09-08,106.1538462,266.25
PUMPKIN,2025-09-08,41.66666667,176.92307692307693
SNAKE GOURD,2025-09-08,140.0,322.4
BRINJALS,2025-09-15,191.6666667,318.0
CABBAGE,2025-09-15,78.57142857,276.9230769230769
CARROT,2025-09-15,113.6363636,290.8333333333333
LEEKS,2025-09-15,89.09090909,249.16666666666663
PUMPKIN,2025-09-15,40.0,132.17391304347825
SNAKE GOURD,2025-09-15,158.0,290.8695652173913
BRINJALS,2025-09-22,170.0,313.6
CABBAGE,2025-09-22,75.45454545,254.0
CARROT,2025-09-22,127.5,297.3076923076923
LEEKS,2025-09-22,88.0,233.84615384615384
PUMPKIN,2025-09-22,40.83333333,132.69230769230768
SNAKE GOURD,2025-09-22,181.0,330.0
BRINJALS,2025-09-29,186.1538462,339.25925925925924
CABBAGE,2025-09-29,86.42857143,259.6296296296296
CARROT,2025-09-29,122.0,272.5925925925926
LEEKS,2025-09-29,131.6666667,267.4074074074074
PUMPKIN,2025-09-29,59.16666667,173.57142857142858
SNAKE GOURD,2025-09-29,196.6666667,342.5925925925926
BRINJALS,2025-10-06,178.1818182,366.5217391304348
CABBAGE,2025-10-06,63.57142857,256.5217391304348
CARROT,2025-10-06,92.72727273,260.0
LEEKS,2025-10-06,91.66666667,267.14285714285717
PUMPKIN,2025-10-06,55.90909091,194.23076923076923
SNAKE GOURD,2025-10-06,220.9090909,350.8
BRINJALS,2025-10-13,160.0,365.38461538461536
CABBAGE,2025-10-13,77.5,266.6666666666667
CARROT,2025-10-13,98.0,266.25
LEEKS,2025-10-13,92.72727273,266.2962962962963
PUMPKIN,2025-10-13,45.0,172.17391304347825
SNAKE GOURD,2025-10-13,172.0,341.8181818181818
BRINJALS,2025-10-20,196.6666667,373.6363636363636
CABBAGE,2025-10-20,80.0,253.5
CARROT,2025-10-20,100.0,284.0
LEEKS,2025-10-20,91.0,250.83333333333337
PUMPKIN,2025-10-20,50.0,178.84615384615384
SNAKE GOURD,2025-10-20,219.0,343.8095238095238
BRINJALS,2025-10-27,256.1538462,443.7037037037037
CABBAGE,2025-10-27,80.66666667,256.07142857142856
CARROT,2025-10-27,150.9090909,317.77777777777777
LEEKS,2025-10-27,102.7272727,282.85714285714283
PUMPKIN,2025-10-27,55.0,188.0
SNAKE GOURD,2025-10-27,303.0,425.2
BRINJALS,2025-11-03,262.5,442.17391304347825
CABBAGE,2025-11-03,127.2727273,264.5833333333333
CARROT,2025-11-03,177.7777778,328.6363636363636
LEEKS,2025-11-03,151.0,287.82608695652175
PUMPKIN,2025-11-03,60.0,173.91304347826087
SNAKE GOURD,2025-11-03,333.0,468.75
BRINJALS,2025-11-10,182.3076923,355.35714285714283
CABBAGE,2025-11-10,84.28571429,248.88888888888889
CARROT,2025-11-10,135.0,286.3333333333333
LEEKS,2025-11-10,100.0,261.0
PUMPKIN,2025-11-10,55.45454545,170.0
SNAKE GOURD,2025-11-10,303.0,424.6666666666667
BRINJALS,2025-11-17,134.1666667,323.1034482758621
CABBAGE,2025-11-17,65.71428571,240.68965517241375
CARROT,2025-11-17,112.0,285.0
LEEKS,2025-11-17,110.0,264.2857142857143
PUMPKIN,2025-11-17,59.0,156.78571428571428
SNAKE GOURD,2025-11-17,221.1111111,362.6923076923077
BRINJALS,2025-11-24,277.7777778,525.5555555555555
CABBAGE,2025-11-24,194.2857143,362.22222222222223
CARROT,2025-11-24,390.0,657.5
LEEKS,2025-11-24,360.0,526.8421052631579
PUMPKIN,2025-11-24,133.3333333,256.6666666666667
SNAKE GOURD,2025-11-24,400.0,529.0909090909091
BRINJALS,2025-12-01,290.9090909,520.0
CABBAGE,2025-12-01,139.0909091,373.6842105263158
CARROT,2025-12-01,174.0,549.5454545454545
LEEKS,2025-12-01,171.8181818,458.57142857142856
PUMPKIN,2025-12-01,90.0,257.89473684210526
SNAKE GOURD,2025-12-01,380.0,582.5
BRINJALS,2025-12-08,426.0,670.9090909090909
CABBAGE,2025-12-08,182.7272727,372.72727272727275
CARROT,2025-12-08,176.3636364,380.4166666666667
LEEKS,2025-12-08,213.0,445.0
PUMPKIN,2025-12-08,86.36363636,248.33333333333337
SNAKE GOURD,2025-12-08,431.0,691.1111111111111
BRINJALS,2025-12-15,455.0,683.2142857142857
CABBAGE,2025-12-15,258.3333333,405.6
CARROT,2025-12-15,185.4545455,383.46153846153845
LEEKS,2025-12-15,255.5555556,447.77777777777777
PUMPKIN,2025-12-15,93.63636364,251.42857142857144
SNAKE GOURD,2025-12-15,380.0,613.75
BRINJALS,2025-12-22,450.0,683.2142857142857
CABBAGE,2025-12-22,251.1111111,405.6
CARROT,2025-12-22,210.0,383.46153846153845
LEEKS,2025-12-22,297.0,447.77777777777777
PUMPKIN,2025-12-22,115.0,251.42857142857144
SNAKE GOURD,2025-12-22,359.0909091,613.75
BRINJALS,2026-03-16,265.42,379.22
CABBAGE,2026-03-16,134.58,260.62
CARROT,2026-03-16,262.22,398.71
LEEKS,2026-03-16,186.67,346.41
PUMPKIN,2026-03-16,,200.31
SNAKE GOURD,2026-03-16,,236.72
BRINJALS,2026-03-30,117.69,246.18
CABBAGE,2026-03-30,109.23,236.41
CARROT,2026-03-30,303.0,445.45
LEEKS,2026-03-30,172.5,329.55
PUMPKIN,2026-03-30,,181.62
SNAKE GOURD,2026-03-30,,231.03
BRINJALS,2026-04-06,81.67,205.29
CABBAGE,2026-04-06,106.36,228.75
CARROT,2026-04-06,290.0,436.62
LEEKS,2026-04-06,165.5,322.35
PUMPKIN,2026-04-06,,169.56
SNAKE GOURD,2026-04-06,,246.76
BRINJALS,2026-04-20,160.83,267.1
CABBAGE,2026-04-20,145.0,246.73
CARROT,2026-04-20,305.0,465.33
LEEKS,2026-04-20,192.5,343.5
PUMPKIN,2026-04-20,,167.1
SNAKE GOURD,2026-04-20,,259.84
BRINJALS,2026-04-27,176.67,284.86
CABBAGE,2026-04-27,108.54,231.67
CARROT,2026-04-27,248.5,415.0
LEEKS,2026-04-27,172.0,321.71
PUMPKIN,2026-04-27,,162.43
SNAKE GOURD,2026-04-27,,340.0
BRINJALS,2026-05-04,241.67,360.62
CABBAGE,2026-05-04,107.92,240.18
CARROT,2026-05-04,241.0,411.88
LEEKS,2026-05-04,189.5,336.25
PUMPKIN,2026-05-04,,160.23
SNAKE GOURD,2026-05-04,,391.56
BRINJALS,2026-05-11,284.58,417.24
CABBAGE,2026-05-11,111.67,236.15
CARROT,2026-05-11,227.5,382.19
LEEKS,2026-05-11,213.5,358.59
PUMPKIN,2026-05-11,,184.69
SNAKE GOURD,2026-05-11,,430.33
BRINJALS,2026-05-18,339.17,469.53
CABBAGE,2026-05-18,120.0,273.79
CARROT,2026-05-18,241.5,397.03
LEEKS,2026-05-18,269.5,424.06
PUMPKIN,2026-05-18,,194.22
SNAKE GOURD,2026-05-18,,459.69
BRINJALS,2026-06-01,380.0,567.83
CABBAGE,2026-06-01,164.58,320.18
CARROT,2026-06-01,343.89,514.14
LEEKS,2026-06-01,341.5,510.17
PUMPKIN,2026-06-01,,198.5
SNAKE GOURD,2026-06-01,,449.0
BRINJALS,2026-06-08,335.0,500.67
CABBAGE,2026-06-08,142.0,295.56
CARROT,2026-06-08,365.0,520.48
LEEKS,2026-06-08,308.33,485.48
PUMPKIN,2026-06-08,,196.83
SNAKE GOURD,2026-06-08,,421.83
BRINJALS,2026-06-15,226.36,380.17
CABBAGE,2026-06-15,143.64,283.6
CARROT,2026-06-15,323.33,497.17
LEEKS,2026-06-15,292.22,464.5
PUMPKIN,2026-06-15,,187.59
SNAKE GOURD,2026-06-15,,373.97
BRINJALS,2026-06-22,176.0,303.28
CABBAGE,2026-06-22,128.0,278.28
CARROT,2026-06-22,308.12,479.0
LEEKS,2026-06-22,270.62,434.67
PUMPKIN,2026-06-22,,196.72
SNAKE GOURD,2026-06-22,,365.0
