week_start_date,district,average_temperature,average_rainfall
2013-12-30,Ampara,24.5,9.66
2014-01-06,Ampara,25.21,3.41
2014-01-13,Ampara,24.68,7.74
2014-01-20,Ampara,24.85,1.4
2014-01-27,Ampara,24.77,3.24
2014-02-03,Ampara,24.46,0.0
2014-02-10,Ampara,24.97,0.33
2014-02-17,Ampara,26.16,1.59
2014-02-24,Ampara,26.26,1.23
2014-03-03,Ampara,26.55,1.33
2014-03-10,Ampara,26.71,0.21
2014-03-17,Ampara,26.74,3.11
2014-03-24,Ampara,26.89,0.39
2014-03-31,Ampara,27.54,2.14
2014-04-07,Ampara,28.22,0.24
2014-04-14,Ampara,28.3,0.33
2014-04-21,Ampara,28.65,2.09
2014-04-28,Ampara,28.0,6.74
2014-05-05,Ampara,27.76,7.09
2014-05-12,Ampara,28.99,1.71
2014-05-19,Ampara,29.61,1.26
2014-05-26,Ampara,29.46,1.66
2014-06-02,Ampara,29.42,3.67
2014-06-09,Ampara,30.44,0.21
2014-06-16,Ampara,30.7,0.03
2014-06-23,Ampara,30.4,0.13
2014-06-30,Ampara,30.1,0.96
2014-07-07,Ampara,30.31,0.03
2014-07-14,Ampara,30.61,0.03
2014-07-21,Ampara,31.17,0.5
2014-07-28,Ampara,30.96,0.04
2014-08-04,Ampara,30.46,2.46
2014-08-11,Ampara,28.89,5.5
2014-08-18,Ampara,27.99,5.59
2014-08-25,Ampara,28.97,0.61
2014-09-01,Ampara,28.91,7.44
2014-09-08,Ampara,28.67,2.53
2014-09-15,Ampara,29.2,0.31
2014-09-22,Ampara,28.36,3.33
2014-09-29,Ampara,27.19,10.13
2014-10-06,Ampara,28.07,5.06
2014-10-13,Ampara,26.99,9.03
2014-10-20,Ampara,26.63,8.13
2014-10-27,Ampara,26.76,6.44
2014-11-03,Ampara,26.99,2.13
2014-11-10,Ampara,26.22,4.33
2014-11-17,Ampara,25.33,19.8
2014-11-24,Ampara,25.14,18.66
2014-12-01,Ampara,25.58,8.51
2014-12-08,Ampara,25.77,8.16
2014-12-15,Ampara,25.29,31.39
2014-12-22,Ampara,23.86,53.51
2014-12-29,Ampara,26.09,1.29
2015-01-05,Ampara,25.2,0.93
2015-01-12,Ampara,25.04,0.66
2015-01-19,Ampara,25.24,1.03
2015-01-26,Ampara,25.63,2.96
2015-02-02,Ampara,25.14,5.29
2015-02-09,Ampara,25.15,6.77
2015-02-16,Ampara,24.49,0.53
2015-02-23,Ampara,25.65,5.2
2015-03-02,Ampara,26.36,0.46
2015-03-09,Ampara,25.88,6.41
2015-03-16,Ampara,25.56,0.41
2015-03-23,Ampara,26.49,2.06
2015-03-30,Ampara,27.44,2.53
2015-04-06,Ampara,27.52,2.09
2015-04-13,Ampara,27.26,5.69
2015-04-20,Ampara,27.66,3.99
2015-04-27,Ampara,27.99,1.69
2015-05-04,Ampara,27.97,5.7
2015-05-11,Ampara,28.15,7.83
2015-05-18,Ampara,29.24,0.71
2015-05-25,Ampara,29.54,2.66
2015-06-01,Ampara,28.68,7.79
2015-06-08,Ampara,28.94,1.9
2015-06-15,Ampara,29.52,0.51
2015-06-22,Ampara,30.03,0.43
2015-06-29,Ampara,29.51,3.46
2015-07-06,Ampara,29.79,0.81
2015-07-13,Ampara,30.04,0.16
2015-07-20,Ampara,29.7,0.87
2015-07-27,Ampara,29.46,0.7
2015-08-03,Ampara,29.8,1.9
2015-08-10,Ampara,30.01,2.9
2015-08-17,Ampara,28.79,1.67
2015-08-24,Ampara,29.42,1.64
2015-08-31,Ampara,28.9,1.36
2015-09-07,Ampara,28.91,7.01
2015-09-14,Ampara,29.76,1.9
2015-09-21,Ampara,28.27,5.57
2015-09-28,Ampara,27.86,4.26
2015-10-05,Ampara,28.39,6.87
2015-10-12,Ampara,27.24,7.17
2015-10-19,Ampara,26.37,15.71
2015-10-26,Ampara,25.56,25.7
2015-11-02,Ampara,26.19,8.96
2015-11-09,Ampara,26.25,16.8
2015-11-16,Ampara,26.3,6.4
2015-11-23,Ampara,26.14,8.06
2015-11-30,Ampara,26.35,10.47
2015-12-07,Ampara,25.96,16.07
2015-12-14,Ampara,25.63,8.3
2015-12-21,Ampara,25.96,4.23
2015-12-28,Ampara,25.8,5.61
2016-01-04,Ampara,25.91,4.27
2016-01-11,Ampara,25.61,0.74
2016-01-18,Ampara,25.89,0.77
2016-01-25,Ampara,26.09,0.53
2016-02-01,Ampara,26.21,0.24
2016-02-08,Ampara,26.27,0.14
2016-02-15,Ampara,26.5,4.94
2016-02-22,Ampara,26.52,1.57
2016-02-29,Ampara,26.87,2.27
2016-03-07,Ampara,27.43,0.61
2016-03-14,Ampara,27.62,0.0
2016-03-21,Ampara,28.16,0.09
2016-03-28,Ampara,27.66,5.16
2016-04-04,Ampara,28.96,1.27
2016-04-11,Ampara,29.46,0.59
2016-04-18,Ampara,29.7,1.47
2016-04-25,Ampara,29.5,1.61
2016-05-02,Ampara,29.4,2.0
2016-05-09,Ampara,27.41,18.5
2016-05-16,Ampara,28.82,4.07
2016-05-23,Ampara,29.32,0.94
2016-05-30,Ampara,29.39,1.87
2016-06-06,Ampara,29.57,1.14
2016-06-13,Ampara,29.64,0.24
2016-06-20,Ampara,29.57,0.1
2016-06-27,Ampara,30.61,0.03
2016-07-04,Ampara,30.64,0.44
2016-07-11,Ampara,30.31,1.21
2016-07-18,Ampara,29.72,1.66
2016-07-25,Ampara,28.7,5.39
2016-08-01,Ampara,29.73,0.03
2016-08-08,Ampara,30.04,0.43
2016-08-15,Ampara,30.43,0.47
2016-08-22,Ampara,29.31,5.8
2016-08-29,Ampara,29.16,1.93
2016-09-05,Ampara,29.66,0.0
2016-09-12,Ampara,29.98,3.39
2016-09-19,Ampara,29.97,0.87
2016-09-26,Ampara,30.43,0.07
2016-10-03,Ampara,30.22,0.1
2016-10-10,Ampara,30.04,1.3
2016-10-17,Ampara,28.99,2.76
2016-10-24,Ampara,28.14,6.61
2016-10-31,Ampara,27.11,14.27
2016-11-07,Ampara,26.62,2.09
2016-11-14,Ampara,25.79,10.1
2016-11-21,Ampara,26.11,6.66
2016-11-28,Ampara,25.14,1.47
2016-12-05,Ampara,26.35,1.36
2016-12-12,Ampara,26.31,1.04
2016-12-19,Ampara,24.99,1.56
2016-12-26,Ampara,25.64,8.01
2017-01-02,Ampara,24.86,0.56
2017-01-09,Ampara,24.51,0.11
2017-01-16,Ampara,25.33,5.61
2017-01-23,Ampara,25.07,21.63
2017-01-30,Ampara,24.76,0.69
2017-02-06,Ampara,24.74,0.14
2017-02-13,Ampara,25.55,5.8
2017-02-20,Ampara,25.83,2.37
2017-02-27,Ampara,26.09,10.33
2017-03-06,Ampara,27.31,3.96
2017-03-13,Ampara,26.95,1.33
2017-03-20,Ampara,26.89,0.27
2017-03-27,Ampara,27.66,2.79
2017-04-03,Ampara,28.01,1.71
2017-04-10,Ampara,28.95,4.26
2017-04-17,Ampara,29.59,0.16
2017-04-24,Ampara,29.38,0.79
2017-05-01,Ampara,28.89,3.16
2017-05-08,Ampara,29.01,3.81
2017-05-15,Ampara,30.91,2.23
2017-05-22,Ampara,30.03,6.43
2017-05-29,Ampara,30.75,0.41
2017-06-05,Ampara,31.21,1.31
2017-06-12,Ampara,31.19,2.31
2017-06-19,Ampara,30.91,3.14
2017-06-26,Ampara,31.51,1.51
2017-07-03,Ampara,31.7,4.61
2017-07-10,Ampara,31.37,0.99
2017-07-17,Ampara,32.67,0.77
2017-07-24,Ampara,32.36,4.3
2017-07-31,Ampara,31.23,2.53
2017-08-07,Ampara,30.56,8.27
2017-08-14,Ampara,29.71,1.16
2017-08-21,Ampara,31.31,1.56
2017-08-28,Ampara,30.69,3.9
2017-09-04,Ampara,28.27,13.56
2017-09-11,Ampara,28.89,5.67
2017-09-18,Ampara,29.74,0.77
2017-09-25,Ampara,30.12,1.24
2017-10-02,Ampara,29.49,6.63
2017-10-09,Ampara,28.93,12.74
2017-10-16,Ampara,29.64,2.0
2017-10-23,Ampara,27.81,15.16
2017-10-30,Ampara,26.77,17.54
2017-11-06,Ampara,26.68,9.74
2017-11-13,Ampara,27.33,3.06
2017-11-20,Ampara,25.8,16.73
2017-11-27,Ampara,25.42,21.74
2017-12-04,Ampara,26.08,5.36
2017-12-11,Ampara,26.22,4.84
2017-12-18,Ampara,25.41,2.71
2017-12-25,Ampara,25.54,3.31
2018-01-01,Ampara,25.04,0.13
2018-01-08,Ampara,25.32,4.34
2018-01-15,Ampara,24.51,0.1
2018-01-22,Ampara,25.32,0.53
2018-01-29,Ampara,24.97,5.21
2018-02-05,Ampara,25.74,1.73
2018-02-12,Ampara,25.66,1.8
2018-02-19,Ampara,25.47,4.1
2018-02-26,Ampara,25.96,10.67
2018-03-05,Ampara,25.91,6.66
2018-03-12,Ampara,26.75,6.07
2018-03-19,Ampara,27.09,1.33
2018-03-26,Ampara,27.63,3.37
2018-04-02,Ampara,27.16,5.73
2018-04-09,Ampara,26.92,9.67
2018-04-16,Ampara,27.86,1.57
2018-04-23,Ampara,28.13,3.09
2018-04-30,Ampara,28.31,2.07
2018-05-07,Ampara,28.33,8.63
2018-05-14,Ampara,27.51,8.86
2018-05-21,Ampara,27.81,8.69
2018-05-28,Ampara,28.84,2.54
2018-06-04,Ampara,28.82,1.47
2018-06-11,Ampara,29.43,0.7
2018-06-18,Ampara,29.36,0.59
2018-06-25,Ampara,29.71,1.94
2018-07-02,Ampara,30.0,0.54
2018-07-09,Ampara,30.66,0.24
2018-07-16,Ampara,31.27,0.0
2018-07-23,Ampara,31.51,2.84
2018-07-30,Ampara,31.17,1.3
2018-08-06,Ampara,30.99,0.09
2018-08-13,Ampara,30.48,0.91
2018-08-20,Ampara,30.96,1.87
2018-08-27,Ampara,30.83,2.0
2018-09-03,Ampara,30.92,0.61
2018-09-10,Ampara,30.98,1.14
2018-09-17,Ampara,31.07,2.27
2018-09-24,Ampara,27.7,8.97
2018-10-01,Ampara,27.02,14.69
2018-10-08,Ampara,27.92,4.79
2018-10-15,Ampara,26.98,9.21
2018-10-22,Ampara,26.44,11.93
2018-10-29,Ampara,26.84,13.63
2018-11-05,Ampara,25.76,27.89
2018-11-12,Ampara,27.21,4.54
2018-11-19,Ampara,26.36,9.77
2018-11-26,Ampara,26.08,5.61
2018-12-03,Ampara,25.83,13.36
2018-12-10,Ampara,25.84,1.27
2018-12-17,Ampara,25.4,5.27
2018-12-24,Ampara,25.54,2.73
2018-12-31,Ampara,25.04,1.19
2019-01-07,Ampara,25.54,7.99
2019-01-14,Ampara,25.05,4.86
2019-01-21,Ampara,25.83,2.1
2019-01-28,Ampara,25.6,3.49
2019-02-04,Ampara,26.09,9.16
2019-02-11,Ampara,26.41,5.86
2019-02-18,Ampara,26.47,1.1
2019-02-25,Ampara,26.96,2.69
2019-03-04,Ampara,27.72,1.13
2019-03-11,Ampara,27.17,0.8
2019-03-18,Ampara,27.56,1.83
2019-03-25,Ampara,27.54,0.0
2019-04-01,Ampara,28.75,0.07
2019-04-08,Ampara,29.03,1.47
2019-04-15,Ampara,28.96,3.5
2019-04-22,Ampara,29.26,2.01
2019-04-29,Ampara,30.18,0.83
2019-05-06,Ampara,30.76,0.2
2019-05-13,Ampara,31.09,0.36
2019-05-20,Ampara,30.71,2.1
2019-05-27,Ampara,31.81,0.49
2019-06-03,Ampara,31.05,5.06
2019-06-10,Ampara,31.82,1.56
2019-06-17,Ampara,32.31,0.09
2019-06-24,Ampara,31.94,0.71
2019-07-01,Ampara,32.48,0.41
2019-07-08,Ampara,31.12,4.14
2019-07-15,Ampara,31.33,0.71
2019-07-22,Ampara,31.31,0.87
2019-07-29,Ampara,31.78,1.07
2019-08-05,Ampara,31.51,1.81
2019-08-12,Ampara,30.61,4.26
2019-08-19,Ampara,29.66,1.34
2019-08-26,Ampara,30.68,3.54
2019-09-02,Ampara,31.36,1.33
2019-09-09,Ampara,30.31,9.94
2019-09-16,Ampara,28.94,6.03
2019-09-23,Ampara,27.11,14.07
2019-09-30,Ampara,27.08,4.21
2019-10-07,Ampara,26.91,8.37
2019-10-14,Ampara,26.52,23.24
2019-10-21,Ampara,26.1,14.8
2019-10-28,Ampara,26.02,15.56
2019-11-04,Ampara,27.5,3.26
2019-11-11,Ampara,26.95,2.14
2019-11-18,Ampara,26.46,14.16
2019-11-25,Ampara,26.34,20.87
2019-12-02,Ampara,25.96,15.76
2019-12-09,Ampara,25.89,9.37
2019-12-16,Ampara,25.86,15.26
2019-12-23,Ampara,26.03,3.03
2019-12-30,Ampara,26.6,2.11
2020-01-06,Ampara,25.9,2.87
2020-01-13,Ampara,25.63,1.51
2020-01-20,Ampara,26.36,3.77
2020-01-27,Ampara,25.62,0.11
2020-02-03,Ampara,26.03,0.63
2020-02-10,Ampara,26.59,2.63
2020-02-17,Ampara,26.2,3.36
2020-02-24,Ampara,26.94,1.06
2020-03-02,Ampara,27.39,0.1
2020-03-09,Ampara,27.74,0.04
2020-03-16,Ampara,28.1,1.67
2020-03-23,Ampara,27.69,0.3
2020-03-30,Ampara,28.25,0.84
2020-04-06,Ampara,28.97,1.0
2020-04-13,Ampara,28.57,4.6
2020-04-20,Ampara,29.09,1.91
2020-04-27,Ampara,29.53,2.01
2020-05-04,Ampara,29.36,4.76
2020-05-11,Ampara,28.76,13.93
2020-05-18,Ampara,30.14,1.11
2020-05-25,Ampara,30.41,3.4
2020-06-01,Ampara,30.06,0.83
2020-06-08,Ampara,31.17,1.27
2020-06-15,Ampara,31.44,2.56
2020-06-22,Ampara,29.48,4.07
2020-06-29,Ampara,30.31,1.01
2020-07-06,Ampara,29.65,5.27
2020-07-13,Ampara,29.95,1.36
2020-07-20,Ampara,29.09,2.86
2020-07-27,Ampara,29.92,2.37
2020-08-03,Ampara,30.34,0.53
2020-08-10,Ampara,31.09,0.24
2020-08-17,Ampara,31.31,0.39
2020-08-24,Ampara,31.13,0.63
2020-08-31,Ampara,29.42,7.46
2020-09-07,Ampara,29.39,1.29
2020-09-14,Ampara,30.34,3.29
2020-09-21,Ampara,30.03,4.23
2020-09-28,Ampara,30.18,1.46
2020-10-05,Ampara,30.02,0.77
2020-10-12,Ampara,31.32,0.43
2020-10-19,Ampara,30.98,1.74
2020-10-26,Ampara,28.73,28.33
2020-11-02,Ampara,27.33,10.83
2020-11-09,Ampara,26.84,13.3
2020-11-16,Ampara,26.61,9.07
2020-11-23,Ampara,27.25,2.16
2020-11-30,Ampara,27.01,8.01
2020-12-07,Ampara,26.12,2.14
2020-12-14,Ampara,25.75,10.77
2020-12-21,Ampara,25.07,16.8
2020-12-28,Ampara,25.74,9.8
2021-01-04,Ampara,25.51,17.64
2021-01-11,Ampara,25.66,12.43
2021-01-18,Ampara,25.89,3.79
2021-01-25,Ampara,25.2,29.06
2021-02-01,Ampara,25.51,5.53
2021-02-08,Ampara,25.16,2.56
2021-02-15,Ampara,25.98,1.03
2021-02-22,Ampara,26.63,1.56
2021-03-01,Ampara,26.4,3.31
2021-03-08,Ampara,26.5,4.11
2021-03-15,Ampara,26.5,7.3
2021-03-22,Ampara,26.89,4.89
2021-03-29,Ampara,28.58,0.5
2021-04-05,Ampara,28.21,2.26
2021-04-12,Ampara,27.87,5.33
2021-04-19,Ampara,28.29,1.33
2021-04-26,Ampara,28.55,4.43
2021-05-03,Ampara,27.89,5.29
2021-05-10,Ampara,28.82,6.09
2021-05-17,Ampara,29.32,2.79
2021-05-24,Ampara,29.69,2.01
2021-05-31,Ampara,29.01,6.39
2021-06-07,Ampara,29.28,0.89
2021-06-14,Ampara,30.24,0.2
2021-06-21,Ampara,30.43,0.87
2021-06-28,Ampara,30.54,1.11
2021-07-05,Ampara,29.92,3.5
2021-07-12,Ampara,30.01,5.53
2021-07-19,Ampara,30.67,0.57
2021-07-26,Ampara,30.6,2.59
2021-08-02,Ampara,30.89,1.57
2021-08-09,Ampara,29.68,5.24
2021-08-16,Ampara,29.41,3.71
2021-08-23,Ampara,29.56,1.37
2021-08-30,Ampara,29.76,1.37
2021-09-06,Ampara,30.66,0.79
2021-09-13,Ampara,30.59,5.3
2021-09-20,Ampara,29.14,8.23
2021-09-27,Ampara,28.34,5.4
2021-10-04,Ampara,29.06,3.04
2021-10-11,Ampara,29.56,0.26
2021-10-18,Ampara,28.1,8.34
2021-10-25,Ampara,27.01,13.0
2021-11-01,Ampara,27.01,12.8
2021-11-08,Ampara,26.71,13.39
2021-11-15,Ampara,27.19,7.57
2021-11-22,Ampara,25.94,23.57
2021-11-29,Ampara,26.59,5.43
2021-12-06,Ampara,26.44,3.17
2021-12-13,Ampara,25.61,10.5
2021-12-20,Ampara,25.31,0.9
2021-12-27,Ampara,25.54,4.6
2022-01-03,Ampara,25.37,7.26
2022-01-10,Ampara,25.85,4.73
2022-01-17,Ampara,25.27,0.77
2022-01-24,Ampara,25.16,0.73
2022-01-31,Ampara,25.79,0.21
2022-02-07,Ampara,25.85,13.26
2022-02-14,Ampara,25.8,1.31
2022-02-21,Ampara,26.31,2.3
2022-02-28,Ampara,26.61,2.61
2022-03-07,Ampara,26.74,2.01
2022-03-14,Ampara,27.46,1.59
2022-03-21,Ampara,28.2,1.37
2022-03-28,Ampara,28.07,3.59
2022-04-04,Ampara,27.23,12.97
2022-04-11,Ampara,28.14,4.1
2022-04-18,Ampara,28.05,6.43
2022-04-25,Ampara,28.35,4.0
2022-05-02,Ampara,29.39,1.8
2022-05-09,Ampara,29.61,4.7
2022-05-16,Ampara,29.91,0.49
2022-05-23,Ampara,29.57,3.13
2022-05-30,Ampara,29.54,1.91
2022-06-06,Ampara,29.76,2.11
2022-06-13,Ampara,28.65,6.04
2022-06-20,Ampara,29.22,2.59
2022-06-27,Ampara,30.16,2.84
2022-07-04,Ampara,30.58,0.57
2022-07-11,Ampara,30.21,0.84
2022-07-18,Ampara,29.66,1.93
2022-07-25,Ampara,27.47,10.94
2022-08-01,Ampara,27.97,3.74
2022-08-08,Ampara,29.14,0.47
2022-08-15,Ampara,29.85,1.6
2022-08-22,Ampara,29.04,7.13
2022-08-29,Ampara,27.36,16.29
2022-09-05,Ampara,28.21,1.06
2022-09-12,Ampara,28.94,0.43
2022-09-19,Ampara,29.65,0.57
2022-09-26,Ampara,29.77,0.94
2022-10-03,Ampara,29.06,10.67
2022-10-10,Ampara,27.47,10.61
2022-10-17,Ampara,27.21,9.9
2022-10-24,Ampara,26.63,10.33
2022-10-31,Ampara,26.31,25.93
2022-11-07,Ampara,25.91,13.43
2022-11-14,Ampara,26.0,1.83
2022-11-21,Ampara,26.8,1.46
2022-11-28,Ampara,26.36,7.66
2022-12-05,Ampara,25.28,1.24
2022-12-12,Ampara,25.49,7.64
2022-12-19,Ampara,25.31,17.16
2022-12-26,Ampara,25.59,1.26
2023-01-02,Ampara,25.22,5.36
2023-01-09,Ampara,24.53,0.43
2023-01-16,Ampara,24.87,11.19
2023-01-23,Ampara,25.16,4.06
2023-01-30,Ampara,25.57,9.47
2023-02-06,Ampara,25.64,2.03
2023-02-13,Ampara,25.11,2.29
2023-02-20,Ampara,25.5,2.71
2023-02-27,Ampara,25.41,13.19
2023-03-06,Ampara,26.19,3.67
2023-03-13,Ampara,26.89,5.97
2023-03-20,Ampara,27.49,2.84
2023-03-27,Ampara,27.66,0.76
2023-04-03,Ampara,27.53,1.53
2023-04-10,Ampara,28.72,0.41
2023-04-17,Ampara,29.16,2.09
2023-04-24,Ampara,27.62,6.77
2023-05-01,Ampara,27.81,14.43
2023-05-08,Ampara,28.48,2.73
2023-05-15,Ampara,29.91,0.56
2023-05-22,Ampara,29.74,1.23
2023-05-29,Ampara,30.17,1.51
2023-06-05,Ampara,30.77,2.34
2023-06-12,Ampara,31.02,1.57
2023-06-19,Ampara,30.65,1.8
2023-06-26,Ampara,30.1,6.56
2023-07-03,Ampara,29.36,0.71
2023-07-10,Ampara,30.74,0.51
2023-07-17,Ampara,31.08,0.49
2023-07-24,Ampara,31.05,1.01
2023-07-31,Ampara,31.44,0.54
2023-08-07,Ampara,31.57,2.96
2023-08-14,Ampara,31.43,0.77
2023-08-21,Ampara,31.74,1.61
2023-08-28,Ampara,30.18,2.6
2023-09-04,Ampara,30.47,2.64
2023-09-11,Ampara,30.59,7.11
2023-09-18,Ampara,28.89,8.97
2023-09-25,Ampara,28.79,7.13
2023-10-02,Ampara,28.37,7.6
2023-10-09,Ampara,27.56,13.96
2023-10-16,Ampara,27.09,22.83
2023-10-23,Ampara,27.21,2.87
2023-10-30,Ampara,26.78,15.03
2023-11-06,Ampara,26.91,19.53
2023-11-13,Ampara,27.01,16.24
2023-11-20,Ampara,27.03,11.61
2023-11-27,Ampara,26.34,19.81
2023-12-04,Ampara,27.07,12.51
2023-12-11,Ampara,25.94,26.69
2023-12-18,Ampara,26.54,6.87
2023-12-25,Ampara,25.89,14.16
2024-01-01,Ampara,26.21,10.5
2024-01-08,Ampara,25.76,16.24
2024-01-15,Ampara,25.77,3.93
2024-01-22,Ampara,26.06,0.87
2024-01-29,Ampara,26.78,7.4
2024-02-05,Ampara,26.72,0.56
2024-02-12,Ampara,27.22,3.5
2024-02-19,Ampara,27.73,0.3
2024-02-26,Ampara,27.42,1.67
2024-03-04,Ampara,27.49,0.04
2024-03-11,Ampara,28.3,0.09
2024-03-18,Ampara,27.79,3.54
2024-03-25,Ampara,28.07,5.3
2024-04-01,Ampara,29.49,0.77
2024-04-08,Ampara,28.43,9.23
2024-04-15,Ampara,28.96,2.17
2024-04-22,Ampara,29.87,0.53
2024-04-29,Ampara,30.91,1.1
2024-05-06,Ampara,30.43,4.86
2024-05-13,Ampara,28.59,21.76
2024-05-20,Ampara,29.33,4.11
2024-05-27,Ampara,30.31,5.19
2024-06-03,Ampara,29.82,1.71
2024-06-10,Ampara,30.47,0.74
2024-06-17,Ampara,30.74,2.14
2024-06-24,Ampara,30.76,0.36
2024-07-01,Ampara,30.52,3.19
2024-07-08,Ampara,30.21,1.5
2024-07-15,Ampara,30.61,0.16
2024-07-22,Ampara,31.81,0.1
2024-07-29,Ampara,31.64,3.84
2024-08-05,Ampara,29.69,6.34
2024-08-12,Ampara,29.11,5.06
2024-08-19,Ampara,29.38,3.23
2024-08-26,Ampara,30.14,3.89
2024-09-02,Ampara,30.52,2.81
2024-09-09,Ampara,31.42,3.4
2024-09-16,Ampara,31.41,0.51
2024-09-23,Ampara,30.65,3.47
2024-09-30,Ampara,29.9,4.69
2024-10-07,Ampara,27.23,16.36
2024-10-14,Ampara,28.31,5.17
2024-10-21,Ampara,27.57,10.56
2024-10-28,Ampara,27.67,12.3
2024-11-04,Ampara,27.16,7.69
2024-11-11,Ampara,27.04,9.04
2024-11-18,Ampara,26.25,20.17
2024-11-25,Ampara,25.86,31.84
2024-12-02,Ampara,26.47,0.8
2024-12-09,Ampara,26.24,10.04
2024-12-16,Ampara,26.52,14.49
2024-12-23,Ampara,26.16,3.31
2024-12-30,Ampara,25.37,15.23
2025-01-06,Ampara,25.36,10.4
2025-01-13,Ampara,24.76,22.0
2025-01-20,Ampara,25.56,9.41
2025-01-27,Ampara,25.75,4.09
2025-02-03,Ampara,25.76,0.54
2025-02-10,Ampara,26.04,0.67
2025-02-17,Ampara,26.71,0.6
2025-02-24,Ampara,26.29,20.19
2025-03-03,Ampara,26.81,0.43
2025-03-10,Ampara,26.6,13.49
2025-03-17,Ampara,27.78,2.79
2025-03-24,Ampara,27.65,4.1
2025-03-31,Ampara,27.44,15.81
2025-04-07,Ampara,27.9,9.64
2025-04-14,Ampara,28.71,3.29
2025-04-21,Ampara,28.39,8.56
2025-04-28,Ampara,27.92,8.97
2025-05-05,Ampara,28.79,2.49
2025-05-12,Ampara,29.01,4.87
2025-05-19,Ampara,28.84,2.67
2025-05-26,Ampara,29.64,0.97
2025-06-02,Ampara,29.59,0.41
2025-06-09,Ampara,29.46,2.27
2025-06-16,Ampara,29.42,1.27
2025-06-23,Ampara,29.58,0.37
2025-06-30,Ampara,30.24,0.43
2025-07-07,Ampara,30.49,0.41
2025-07-14,Ampara,29.89,2.13
2025-07-21,Ampara,29.71,1.33
2025-07-28,Ampara,30.05,4.23
2025-08-04,Ampara,28.82,1.41
2025-08-11,Ampara,29.66,0.33
2025-08-18,Ampara,30.41,0.9
2025-08-25,Ampara,30.91,1.0
2025-09-01,Ampara,31.34,3.47
2025-09-08,Ampara,29.68,3.8
2025-09-15,Ampara,29.38,4.8
2025-09-22,Ampara,29.89,2.81
2025-09-29,Ampara,30.26,7.59
2025-10-06,Ampara,28.61,4.3
2025-10-13,Ampara,28.1,16.4
2025-10-20,Ampara,27.15,8.61
2025-10-27,Ampara,28.57,0.63
2025-11-03,Ampara,28.35,4.03
2025-11-10,Ampara,26.88,19.4
2025-11-17,Ampara,26.25,21.11
2025-11-24,Ampara,25.12,32.06
2025-12-01,Ampara,26.49,6.07
2025-12-08,Ampara,25.5,15.8
2025-12-15,Ampara,25.09,9.21
2025-12-22,Ampara,25.44,2.13
2025-12-29,Ampara,25.65,7.83
2026-01-05,Ampara,25.02,7.94
2026-01-12,Ampara,25.02,4.5
2026-01-19,Ampara,24.84,0.49
2026-01-26,Ampara,25.34,7.33
2026-02-02,Ampara,25.65,6.7
2026-02-09,Ampara,24.99,5.04
2026-02-16,Ampara,24.99,33.54
2026-02-23,Ampara,26.79,0.23
2026-03-02,Ampara,26.2,1.31
2026-03-09,Ampara,26.97,1.66
2026-03-16,Ampara,27.94,3.9
2026-03-23,Ampara,28.26,0.44
2026-03-30,Ampara,28.09,5.86
2026-04-06,Ampara,29.17,1.4
2026-04-13,Ampara,29.13,2.39
2026-04-20,Ampara,28.63,6.43
2026-04-27,Ampara,29.32,4.77
2026-05-04,Ampara,28.41,8.07
2026-05-11,Ampara,28.66,10.64
2026-05-18,Ampara,29.78,1.23
2026-05-25,Ampara,29.79,1.3
2026-06-01,Ampara,30.01,0.84
2026-06-08,Ampara,29.81,2.66
2026-06-15,Ampara,29.79,1.93
2026-06-22,Ampara,29.69,4.73
2026-06-29,Ampara,30.43,0.29
2026-07-06,Ampara,31.0,0.77
2026-07-13,Ampara,31.19,0.79
2026-07-20,Ampara,31.19,1.03
2026-07-27,Ampara,32.1,1.15
2013-12-30,Anuradhapura,23.89,7.52
2014-01-06,Anuradhapura,24.66,5.13
2014-01-13,Anuradhapura,24.36,19.94
2014-01-20,Anuradhapura,24.36,0.39
2014-01-27,Anuradhapura,25.06,1.39
2014-02-03,Anuradhapura,24.25,0.0
2014-02-10,Anuradhapura,25.07,0.07
2014-02-17,Anuradhapura,26.81,1.0
2014-02-24,Anuradhapura,26.99,0.34
2014-03-03,Anuradhapura,27.61,0.51
2014-03-10,Anuradhapura,26.98,0.0
2014-03-17,Anuradhapura,28.94,0.59
2014-03-24,Anuradhapura,29.12,0.04
2014-03-31,Anuradhapura,29.86,5.56
2014-04-07,Anuradhapura,28.76,2.1
2014-04-14,Anuradhapura,29.04,1.09
2014-04-21,Anuradhapura,28.96,6.37
2014-04-28,Anuradhapura,27.93,12.59
2014-05-05,Anuradhapura,27.72,10.19
2014-05-12,Anuradhapura,28.52,1.14
2014-05-19,Anuradhapura,28.67,0.4
2014-05-26,Anuradhapura,28.53,1.23
2014-06-02,Anuradhapura,28.64,1.41
2014-06-09,Anuradhapura,29.29,0.33
2014-06-16,Anuradhapura,29.22,0.6
2014-06-23,Anuradhapura,29.1,0.23
2014-06-30,Anuradhapura,29.19,0.83
2014-07-07,Anuradhapura,28.78,0.21
2014-07-14,Anuradhapura,29.04,0.57
2014-07-21,Anuradhapura,29.49,0.54
2014-07-28,Anuradhapura,29.2,0.31
2014-08-04,Anuradhapura,29.25,0.84
2014-08-11,Anuradhapura,28.43,3.4
2014-08-18,Anuradhapura,27.59,5.7
2014-08-25,Anuradhapura,27.89,0.67
2014-09-01,Anuradhapura,27.51,1.61
2014-09-08,Anuradhapura,28.16,0.69
2014-09-15,Anuradhapura,28.74,0.3
2014-09-22,Anuradhapura,28.54,9.96
2014-09-29,Anuradhapura,27.25,8.7
2014-10-06,Anuradhapura,27.56,1.9
2014-10-13,Anuradhapura,26.91,12.34
2014-10-20,Anuradhapura,26.43,12.87
2014-10-27,Anuradhapura,26.17,7.67
2014-11-03,Anuradhapura,25.7,6.21
2014-11-10,Anuradhapura,26.4,4.91
2014-11-17,Anuradhapura,25.34,13.76
2014-11-24,Anuradhapura,24.37,15.39
2014-12-01,Anuradhapura,25.11,4.96
2014-12-08,Anuradhapura,25.91,7.21
2014-12-15,Anuradhapura,25.07,16.67
2014-12-22,Anuradhapura,23.5,24.73
2014-12-29,Anuradhapura,25.6,1.57
2015-01-05,Anuradhapura,24.91,0.23
2015-01-12,Anuradhapura,24.79,0.04
2015-01-19,Anuradhapura,25.62,0.04
2015-01-26,Anuradhapura,25.4,0.74
2015-02-02,Anuradhapura,25.22,3.99
2015-02-09,Anuradhapura,25.97,2.9
2015-02-16,Anuradhapura,24.91,0.07
2015-02-23,Anuradhapura,26.19,4.96
2015-03-02,Anuradhapura,27.11,0.57
2015-03-09,Anuradhapura,26.52,2.71
2015-03-16,Anuradhapura,27.13,0.16
2015-03-23,Anuradhapura,28.26,1.23
2015-03-30,Anuradhapura,28.76,3.61
2015-04-06,Anuradhapura,28.31,3.13
2015-04-13,Anuradhapura,27.86,5.73
2015-04-20,Anuradhapura,27.8,6.43
2015-04-27,Anuradhapura,28.32,2.36
2015-05-04,Anuradhapura,28.04,8.47
2015-05-11,Anuradhapura,27.19,9.39
2015-05-18,Anuradhapura,28.16,0.37
2015-05-25,Anuradhapura,28.63,1.44
2015-06-01,Anuradhapura,27.79,3.13
2015-06-08,Anuradhapura,28.2,0.21
2015-06-15,Anuradhapura,28.01,1.57
2015-06-22,Anuradhapura,28.38,1.16
2015-06-29,Anuradhapura,28.07,0.96
2015-07-06,Anuradhapura,28.61,0.61
2015-07-13,Anuradhapura,28.66,1.31
2015-07-20,Anuradhapura,27.96,1.24
2015-07-27,Anuradhapura,28.65,0.49
2015-08-03,Anuradhapura,28.77,0.47
2015-08-10,Anuradhapura,29.51,6.59
2015-08-17,Anuradhapura,28.19,2.27
2015-08-24,Anuradhapura,28.26,0.36
2015-08-31,Anuradhapura,28.57,3.99
2015-09-07,Anuradhapura,27.46,2.54
2015-09-14,Anuradhapura,28.1,1.17
2015-09-21,Anuradhapura,28.09,3.61
2015-09-28,Anuradhapura,27.35,3.1
2015-10-05,Anuradhapura,27.55,1.76
2015-10-12,Anuradhapura,27.5,11.89
2015-10-19,Anuradhapura,27.15,8.77
2015-10-26,Anuradhapura,25.6,21.21
2015-11-02,Anuradhapura,25.8,12.54
2015-11-09,Anuradhapura,25.69,23.66
2015-11-16,Anuradhapura,26.37,6.27
2015-11-23,Anuradhapura,25.67,4.16
2015-11-30,Anuradhapura,25.77,10.2
2015-12-07,Anuradhapura,26.29,11.73
2015-12-14,Anuradhapura,26.01,4.34
2015-12-21,Anuradhapura,25.71,0.97
2015-12-28,Anuradhapura,25.69,1.97
2016-01-04,Anuradhapura,25.64,0.79
2016-01-11,Anuradhapura,24.99,0.0
2016-01-18,Anuradhapura,25.96,1.23
2016-01-25,Anuradhapura,25.95,0.01
2016-02-01,Anuradhapura,26.02,0.0
2016-02-08,Anuradhapura,27.01,0.27
2016-02-15,Anuradhapura,27.03,1.83
2016-02-22,Anuradhapura,27.7,0.5
2016-02-29,Anuradhapura,28.04,0.23
2016-03-07,Anuradhapura,29.25,0.2
2016-03-14,Anuradhapura,29.56,0.26
2016-03-21,Anuradhapura,30.36,0.0
2016-03-28,Anuradhapura,29.53,3.54
2016-04-04,Anuradhapura,29.81,2.36
2016-04-11,Anuradhapura,30.23,0.44
2016-04-18,Anuradhapura,30.36,1.29
2016-04-25,Anuradhapura,30.61,2.89
2016-05-02,Anuradhapura,29.49,4.49
2016-05-09,Anuradhapura,27.72,16.77
2016-05-16,Anuradhapura,27.33,30.34
2016-05-23,Anuradhapura,28.18,0.53
2016-05-30,Anuradhapura,28.03,0.96
2016-06-06,Anuradhapura,27.67,1.09
2016-06-13,Anuradhapura,28.07,0.81
2016-06-20,Anuradhapura,27.98,1.53
2016-06-27,Anuradhapura,28.44,0.47
2016-07-04,Anuradhapura,28.73,0.19
2016-07-11,Anuradhapura,28.57,0.51
2016-07-18,Anuradhapura,28.3,0.93
2016-07-25,Anuradhapura,27.76,1.61
2016-08-01,Anuradhapura,28.88,0.17
2016-08-08,Anuradhapura,29.09,0.91
2016-08-15,Anuradhapura,29.04,0.19
2016-08-22,Anuradhapura,28.17,2.67
2016-08-29,Anuradhapura,27.87,1.24
2016-09-05,Anuradhapura,28.32,0.13
2016-09-12,Anuradhapura,28.94,0.54
2016-09-19,Anuradhapura,29.4,0.77
2016-09-26,Anuradhapura,29.1,0.16
2016-10-03,Anuradhapura,29.24,0.13
2016-10-10,Anuradhapura,29.04,1.94
2016-10-17,Anuradhapura,28.24,1.67
2016-10-24,Anuradhapura,27.79,3.09
2016-10-31,Anuradhapura,26.65,16.61
2016-11-07,Anuradhapura,26.79,3.87
2016-11-14,Anuradhapura,26.21,10.81
2016-11-21,Anuradhapura,25.78,5.31
2016-11-28,Anuradhapura,24.26,2.87
2016-12-05,Anuradhapura,25.67,0.73
2016-12-12,Anuradhapura,26.16,0.53
2016-12-19,Anuradhapura,24.83,1.49
2016-12-26,Anuradhapura,25.96,1.91
2017-01-02,Anuradhapura,24.79,0.53
2017-01-09,Anuradhapura,25.04,0.04
2017-01-16,Anuradhapura,24.84,2.44
2017-01-23,Anuradhapura,25.04,15.83
2017-01-30,Anuradhapura,24.91,0.43
2017-02-06,Anuradhapura,24.51,0.0
2017-02-13,Anuradhapura,25.95,1.13
2017-02-20,Anuradhapura,27.34,0.3
2017-02-27,Anuradhapura,26.58,8.86
2017-03-06,Anuradhapura,27.9,8.27
2017-03-13,Anuradhapura,27.47,2.73
2017-03-20,Anuradhapura,27.86,0.03
2017-03-27,Anuradhapura,28.83,2.77
2017-04-03,Anuradhapura,30.05,1.24
2017-04-10,Anuradhapura,29.96,3.21
2017-04-17,Anuradhapura,30.45,0.11
2017-04-24,Anuradhapura,30.82,0.81
2017-05-01,Anuradhapura,30.17,4.91
2017-05-08,Anuradhapura,29.44,3.41
2017-05-15,Anuradhapura,29.79,0.94
2017-05-22,Anuradhapura,28.81,1.11
2017-05-29,Anuradhapura,28.39,1.13
2017-06-05,Anuradhapura,29.09,0.9
2017-06-12,Anuradhapura,29.2,0.77
2017-06-19,Anuradhapura,28.21,2.97
2017-06-26,Anuradhapura,28.68,1.96
2017-07-03,Anuradhapura,29.51,1.16
2017-07-10,Anuradhapura,29.06,0.73
2017-07-17,Anuradhapura,29.31,0.51
2017-07-24,Anuradhapura,30.36,3.16
2017-07-31,Anuradhapura,28.92,1.79
2017-08-07,Anuradhapura,28.95,4.01
2017-08-14,Anuradhapura,27.94,1.31
2017-08-21,Anuradhapura,28.62,2.49
2017-08-28,Anuradhapura,28.58,14.74
2017-09-04,Anuradhapura,26.88,5.21
2017-09-11,Anuradhapura,27.58,3.26
2017-09-18,Anuradhapura,28.09,0.76
2017-09-25,Anuradhapura,27.47,1.17
2017-10-02,Anuradhapura,28.1,1.6
2017-10-09,Anuradhapura,26.74,7.27
2017-10-16,Anuradhapura,27.09,4.9
2017-10-23,Anuradhapura,27.46,13.61
2017-10-30,Anuradhapura,25.78,14.94
2017-11-06,Anuradhapura,25.76,8.11
2017-11-13,Anuradhapura,26.58,1.61
2017-11-20,Anuradhapura,26.14,10.21
2017-11-27,Anuradhapura,25.44,13.21
2017-12-04,Anuradhapura,25.72,1.03
2017-12-11,Anuradhapura,26.2,3.8
2017-12-18,Anuradhapura,25.11,0.84
2017-12-25,Anuradhapura,24.78,3.14
2018-01-01,Anuradhapura,24.82,0.01
2018-01-08,Anuradhapura,24.66,2.61
2018-01-15,Anuradhapura,24.53,0.06
2018-01-22,Anuradhapura,24.88,0.13
2018-01-29,Anuradhapura,25.38,0.66
2018-02-05,Anuradhapura,26.66,1.0
2018-02-12,Anuradhapura,26.11,0.77
2018-02-19,Anuradhapura,26.04,0.44
2018-02-26,Anuradhapura,26.85,2.03
2018-03-05,Anuradhapura,27.39,0.31
2018-03-12,Anuradhapura,27.67,2.93
2018-03-19,Anuradhapura,28.96,0.06
2018-03-26,Anuradhapura,28.94,5.73
2018-04-02,Anuradhapura,29.14,5.9
2018-04-09,Anuradhapura,28.48,4.74
2018-04-16,Anuradhapura,29.27,1.37
2018-04-23,Anuradhapura,29.41,3.87
2018-04-30,Anuradhapura,29.14,5.89
2018-05-07,Anuradhapura,28.22,6.6
2018-05-14,Anuradhapura,26.89,8.09
2018-05-21,Anuradhapura,26.57,8.89
2018-05-28,Anuradhapura,28.06,2.34
2018-06-04,Anuradhapura,27.57,2.61
2018-06-11,Anuradhapura,27.8,1.34
2018-06-18,Anuradhapura,27.59,1.26
2018-06-25,Anuradhapura,28.1,0.53
2018-07-02,Anuradhapura,28.47,0.67
2018-07-09,Anuradhapura,28.24,0.51
2018-07-16,Anuradhapura,29.09,0.04
2018-07-23,Anuradhapura,29.31,0.17
2018-07-30,Anuradhapura,28.66,0.49
2018-08-06,Anuradhapura,28.38,1.73
2018-08-13,Anuradhapura,27.84,2.41
2018-08-20,Anuradhapura,29.02,3.37
2018-08-27,Anuradhapura,28.88,0.79
2018-09-03,Anuradhapura,28.86,0.17
2018-09-10,Anuradhapura,29.99,0.64
2018-09-17,Anuradhapura,28.99,1.79
2018-09-24,Anuradhapura,27.48,29.89
2018-10-01,Anuradhapura,27.04,21.76
2018-10-08,Anuradhapura,26.8,6.23
2018-10-15,Anuradhapura,26.35,12.11
2018-10-22,Anuradhapura,26.11,14.47
2018-10-29,Anuradhapura,26.08,13.89
2018-11-05,Anuradhapura,25.18,29.56
2018-11-12,Anuradhapura,25.99,2.89
2018-11-19,Anuradhapura,25.99,10.94
2018-11-26,Anuradhapura,25.87,4.11
2018-12-03,Anuradhapura,26.2,3.39
2018-12-10,Anuradhapura,24.94,0.51
2018-12-17,Anuradhapura,25.36,6.8
2018-12-24,Anuradhapura,25.56,3.04
2018-12-31,Anuradhapura,24.18,0.41
2019-01-07,Anuradhapura,24.83,0.69
2019-01-14,Anuradhapura,24.64,0.1
2019-01-21,Anuradhapura,25.67,0.49
2019-01-28,Anuradhapura,25.75,0.63
2019-02-04,Anuradhapura,26.32,9.23
2019-02-11,Anuradhapura,26.64,1.39
2019-02-18,Anuradhapura,27.0,0.33
2019-02-25,Anuradhapura,27.89,0.39
2019-03-04,Anuradhapura,29.16,0.33
2019-03-11,Anuradhapura,28.54,0.1
2019-03-18,Anuradhapura,29.16,1.14
2019-03-25,Anuradhapura,29.46,0.0
2019-04-01,Anuradhapura,29.99,0.2
2019-04-08,Anuradhapura,30.59,0.5
2019-04-15,Anuradhapura,29.09,13.01
2019-04-22,Anuradhapura,28.92,1.1
2019-04-29,Anuradhapura,28.79,0.89
2019-05-06,Anuradhapura,29.91,0.11
2019-05-13,Anuradhapura,29.73,0.24
2019-05-20,Anuradhapura,29.52,1.49
2019-05-27,Anuradhapura,30.44,0.44
2019-06-03,Anuradhapura,29.33,1.13
2019-06-10,Anuradhapura,29.41,0.59
2019-06-17,Anuradhapura,30.11,0.16
2019-06-24,Anuradhapura,29.84,0.37
2019-07-01,Anuradhapura,29.91,0.3
2019-07-08,Anuradhapura,29.88,1.73
2019-07-15,Anuradhapura,29.35,1.79
2019-07-22,Anuradhapura,29.11,0.46
2019-07-29,Anuradhapura,29.81,0.13
2019-08-05,Anuradhapura,28.1,3.4
2019-08-12,Anuradhapura,28.53,4.76
2019-08-19,Anuradhapura,27.73,4.3
2019-08-26,Anuradhapura,27.64,1.74
2019-09-02,Anuradhapura,28.77,0.66
2019-09-09,Anuradhapura,28.57,3.07
2019-09-16,Anuradhapura,27.98,3.04
2019-09-23,Anuradhapura,27.21,10.79
2019-09-30,Anuradhapura,27.21,17.33
2019-10-07,Anuradhapura,27.06,13.66
2019-10-14,Anuradhapura,26.92,16.31
2019-10-21,Anuradhapura,25.79,8.96
2019-10-28,Anuradhapura,25.79,9.79
2019-11-04,Anuradhapura,27.01,2.97
2019-11-11,Anuradhapura,26.81,2.81
2019-11-18,Anuradhapura,26.48,3.3
2019-11-25,Anuradhapura,26.17,12.34
2019-12-02,Anuradhapura,25.77,6.69
2019-12-09,Anuradhapura,25.56,3.87
2019-12-16,Anuradhapura,25.74,7.33
2019-12-23,Anuradhapura,25.81,2.27
2019-12-30,Anuradhapura,26.39,0.87
2020-01-06,Anuradhapura,25.75,0.41
2020-01-13,Anuradhapura,24.91,0.57
2020-01-20,Anuradhapura,26.27,1.31
2020-01-27,Anuradhapura,25.52,0.0
2020-02-03,Anuradhapura,26.39,0.0
2020-02-10,Anuradhapura,26.76,0.21
2020-02-17,Anuradhapura,26.56,1.17
2020-02-24,Anuradhapura,27.46,0.0
2020-03-02,Anuradhapura,27.65,4.13
2020-03-09,Anuradhapura,28.29,0.0
2020-03-16,Anuradhapura,28.99,0.06
2020-03-23,Anuradhapura,29.01,0.24
2020-03-30,Anuradhapura,29.28,3.1
2020-04-06,Anuradhapura,29.24,0.96
2020-04-13,Anuradhapura,29.41,2.84
2020-04-20,Anuradhapura,29.33,3.39
2020-04-27,Anuradhapura,29.66,3.9
2020-05-04,Anuradhapura,29.22,10.79
2020-05-11,Anuradhapura,28.37,11.81
2020-05-18,Anuradhapura,28.58,1.34
2020-05-25,Anuradhapura,28.72,1.41
2020-06-01,Anuradhapura,28.29,1.86
2020-06-08,Anuradhapura,28.41,2.36
2020-06-15,Anuradhapura,29.11,0.77
2020-06-22,Anuradhapura,28.62,7.56
2020-06-29,Anuradhapura,28.94,0.94
2020-07-06,Anuradhapura,28.75,6.14
2020-07-13,Anuradhapura,28.96,3.26
2020-07-20,Anuradhapura,27.61,5.17
2020-07-27,Anuradhapura,27.61,3.89
2020-08-03,Anuradhapura,27.13,3.14
2020-08-10,Anuradhapura,28.11,0.23
2020-08-17,Anuradhapura,28.94,0.03
2020-08-24,Anuradhapura,29.41,0.1
2020-08-31,Anuradhapura,27.54,6.51
2020-09-07,Anuradhapura,27.34,4.24
2020-09-14,Anuradhapura,27.66,3.8
2020-09-21,Anuradhapura,27.59,2.11
2020-09-28,Anuradhapura,27.52,4.26
2020-10-05,Anuradhapura,28.36,1.36
2020-10-12,Anuradhapura,28.06,3.4
2020-10-19,Anuradhapura,28.24,0.56
2020-10-26,Anuradhapura,28.0,4.51
2020-11-02,Anuradhapura,27.59,13.29
2020-11-09,Anuradhapura,26.68,13.21
2020-11-16,Anuradhapura,26.47,5.0
2020-11-23,Anuradhapura,26.04,3.51
2020-11-30,Anuradhapura,25.54,21.51
2020-12-07,Anuradhapura,25.75,1.04
2020-12-14,Anuradhapura,24.99,6.79
2020-12-21,Anuradhapura,24.46,21.87
2020-12-28,Anuradhapura,25.59,7.7
2021-01-04,Anuradhapura,25.5,11.99
2021-01-11,Anuradhapura,25.18,14.44
2021-01-18,Anuradhapura,25.51,3.56
2021-01-25,Anuradhapura,24.56,5.46
2021-02-01,Anuradhapura,25.13,2.47
2021-02-08,Anuradhapura,24.91,0.09
2021-02-15,Anuradhapura,25.91,1.41
2021-02-22,Anuradhapura,26.96,0.4
2021-03-01,Anuradhapura,26.78,0.64
2021-03-08,Anuradhapura,27.03,2.3
2021-03-15,Anuradhapura,27.63,2.09
2021-03-22,Anuradhapura,28.07,3.39
2021-03-29,Anuradhapura,29.39,0.23
2021-04-05,Anuradhapura,28.94,6.37
2021-04-12,Anuradhapura,27.61,7.47
2021-04-19,Anuradhapura,28.37,1.24
2021-04-26,Anuradhapura,28.44,4.24
2021-05-03,Anuradhapura,27.85,12.77
2021-05-10,Anuradhapura,27.81,6.51
2021-05-17,Anuradhapura,27.94,2.47
2021-05-24,Anuradhapura,27.74,3.61
2021-05-31,Anuradhapura,27.92,4.79
2021-06-07,Anuradhapura,28.03,1.11
2021-06-14,Anuradhapura,28.06,0.44
2021-06-21,Anuradhapura,28.45,2.01
2021-06-28,Anuradhapura,28.37,1.19
2021-07-05,Anuradhapura,28.14,3.94
2021-07-12,Anuradhapura,28.7,1.39
2021-07-19,Anuradhapura,28.59,1.21
2021-07-26,Anuradhapura,28.97,0.5
2021-08-02,Anuradhapura,29.17,1.14
2021-08-09,Anuradhapura,28.65,3.23
2021-08-16,Anuradhapura,27.98,1.14
2021-08-23,Anuradhapura,28.05,0.77
2021-08-30,Anuradhapura,27.51,2.93
2021-09-06,Anuradhapura,28.64,0.27
2021-09-13,Anuradhapura,28.82,2.89
2021-09-20,Anuradhapura,28.72,6.1
2021-09-27,Anuradhapura,27.26,5.7
2021-10-04,Anuradhapura,26.81,8.91
2021-10-11,Anuradhapura,27.56,3.31
2021-10-18,Anuradhapura,27.41,6.34
2021-10-25,Anuradhapura,26.46,14.66
2021-11-01,Anuradhapura,26.27,15.8
2021-11-08,Anuradhapura,25.23,17.3
2021-11-15,Anuradhapura,26.29,6.56
2021-11-22,Anuradhapura,25.57,13.71
2021-11-29,Anuradhapura,26.53,5.01
2021-12-06,Anuradhapura,26.73,1.4
2021-12-13,Anuradhapura,25.66,4.23
2021-12-20,Anuradhapura,25.23,0.33
2021-12-27,Anuradhapura,25.4,2.64
2022-01-03,Anuradhapura,25.5,2.01
2022-01-10,Anuradhapura,26.11,1.37
2022-01-17,Anuradhapura,25.39,0.09
2022-01-24,Anuradhapura,25.6,0.69
2022-01-31,Anuradhapura,26.14,0.09
2022-02-07,Anuradhapura,25.06,9.96
2022-02-14,Anuradhapura,25.57,0.81
2022-02-21,Anuradhapura,26.48,1.04
2022-02-28,Anuradhapura,26.19,0.89
2022-03-07,Anuradhapura,27.37,0.41
2022-03-14,Anuradhapura,27.97,2.5
2022-03-21,Anuradhapura,28.3,2.7
2022-03-28,Anuradhapura,28.43,4.84
2022-04-04,Anuradhapura,27.11,10.19
2022-04-11,Anuradhapura,27.64,5.51
2022-04-18,Anuradhapura,27.85,7.33
2022-04-25,Anuradhapura,28.51,5.17
2022-05-02,Anuradhapura,29.04,0.49
2022-05-09,Anuradhapura,27.84,4.36
2022-05-16,Anuradhapura,27.61,2.36
2022-05-23,Anuradhapura,27.35,1.53
2022-05-30,Anuradhapura,27.5,1.46
2022-06-06,Anuradhapura,27.56,1.86
2022-06-13,Anuradhapura,27.79,4.07
2022-06-20,Anuradhapura,28.11,1.34
2022-06-27,Anuradhapura,28.89,3.27
2022-07-04,Anuradhapura,28.66,0.27
2022-07-11,Anuradhapura,28.46,0.4
2022-07-18,Anuradhapura,28.51,4.03
2022-07-25,Anuradhapura,27.82,6.17
2022-08-01,Anuradhapura,26.66,4.46
2022-08-08,Anuradhapura,28.41,0.47
2022-08-15,Anuradhapura,28.65,2.07
2022-08-22,Anuradhapura,27.8,7.46
2022-08-29,Anuradhapura,26.81,8.01
2022-09-05,Anuradhapura,27.44,0.91
2022-09-12,Anuradhapura,27.97,0.26
2022-09-19,Anuradhapura,28.79,0.51
2022-09-26,Anuradhapura,28.4,2.53
2022-10-03,Anuradhapura,28.24,5.66
2022-10-10,Anuradhapura,26.96,11.87
2022-10-17,Anuradhapura,25.88,12.46
2022-10-24,Anuradhapura,26.19,3.99
2022-10-31,Anuradhapura,25.64,12.94
2022-11-07,Anuradhapura,25.7,14.46
2022-11-14,Anuradhapura,25.14,2.01
2022-11-21,Anuradhapura,26.12,0.21
2022-11-28,Anuradhapura,26.36,5.39
2022-12-05,Anuradhapura,24.44,8.63
2022-12-12,Anuradhapura,25.4,3.84
2022-12-19,Anuradhapura,24.76,11.11
2022-12-26,Anuradhapura,25.84,1.97
2023-01-02,Anuradhapura,24.78,4.06
2023-01-09,Anuradhapura,24.04,0.04
2023-01-16,Anuradhapura,24.61,2.8
2023-01-23,Anuradhapura,24.76,1.29
2023-01-30,Anuradhapura,25.15,18.74
2023-02-06,Anuradhapura,25.77,0.59
2023-02-13,Anuradhapura,25.08,0.23
2023-02-20,Anuradhapura,25.86,0.29
2023-02-27,Anuradhapura,26.24,1.46
2023-03-06,Anuradhapura,26.89,0.99
2023-03-13,Anuradhapura,27.48,5.96
2023-03-20,Anuradhapura,27.86,4.1
2023-03-27,Anuradhapura,28.67,0.6
2023-04-03,Anuradhapura,28.31,1.71
2023-04-10,Anuradhapura,29.04,0.41
2023-04-17,Anuradhapura,29.64,4.11
2023-04-24,Anuradhapura,28.16,12.93
2023-05-01,Anuradhapura,27.1,12.16
2023-05-08,Anuradhapura,27.91,3.04
2023-05-15,Anuradhapura,28.96,1.09
2023-05-22,Anuradhapura,28.98,0.56
2023-05-29,Anuradhapura,29.08,2.03
2023-06-05,Anuradhapura,29.09,0.33
2023-06-12,Anuradhapura,29.1,1.17
2023-06-19,Anuradhapura,28.74,0.84
2023-06-26,Anuradhapura,28.44,2.63
2023-07-03,Anuradhapura,28.16,1.43
2023-07-10,Anuradhapura,28.82,1.34
2023-07-17,Anuradhapura,29.62,0.16
2023-07-24,Anuradhapura,29.69,0.5
2023-07-31,Anuradhapura,30.31,0.1
2023-08-07,Anuradhapura,29.99,2.69
2023-08-14,Anuradhapura,29.55,0.09
2023-08-21,Anuradhapura,30.31,0.87
2023-08-28,Anuradhapura,29.4,6.96
2023-09-04,Anuradhapura,27.64,1.7
2023-09-11,Anuradhapura,28.91,3.17
2023-09-18,Anuradhapura,28.48,2.93
2023-09-25,Anuradhapura,28.01,3.49
2023-10-02,Anuradhapura,28.16,5.07
2023-10-09,Anuradhapura,27.46,14.01
2023-10-16,Anuradhapura,26.84,14.99
2023-10-23,Anuradhapura,27.34,5.77
2023-10-30,Anuradhapura,26.91,29.54
2023-11-06,Anuradhapura,26.44,14.27
2023-11-13,Anuradhapura,26.19,13.6
2023-11-20,Anuradhapura,26.76,11.67
2023-11-27,Anuradhapura,25.86,14.8
2023-12-04,Anuradhapura,26.66,9.87
2023-12-11,Anuradhapura,25.84,12.91
2023-12-18,Anuradhapura,25.96,7.76
2023-12-25,Anuradhapura,25.97,2.3
2024-01-01,Anuradhapura,26.11,5.67
2024-01-08,Anuradhapura,25.65,7.36
2024-01-15,Anuradhapura,25.4,0.99
2024-01-22,Anuradhapura,25.84,0.21
2024-01-29,Anuradhapura,26.61,5.64
2024-02-05,Anuradhapura,26.5,0.11
2024-02-12,Anuradhapura,27.41,0.71
2024-02-19,Anuradhapura,28.26,0.06
2024-02-26,Anuradhapura,28.31,0.13
2024-03-04,Anuradhapura,28.22,0.01
2024-03-11,Anuradhapura,29.29,0.03
2024-03-18,Anuradhapura,28.84,1.81
2024-03-25,Anuradhapura,29.42,4.27
2024-04-01,Anuradhapura,30.42,1.34
2024-04-08,Anuradhapura,29.73,3.71
2024-04-15,Anuradhapura,29.92,2.16
2024-04-22,Anuradhapura,30.97,0.26
2024-04-29,Anuradhapura,31.05,1.87
2024-05-06,Anuradhapura,29.87,11.77
2024-05-13,Anuradhapura,28.21,17.76
2024-05-20,Anuradhapura,27.22,9.89
2024-05-27,Anuradhapura,28.36,2.29
2024-06-03,Anuradhapura,27.81,1.2
2024-06-10,Anuradhapura,28.5,0.46
2024-06-17,Anuradhapura,28.08,2.26
2024-06-24,Anuradhapura,28.11,0.9
2024-07-01,Anuradhapura,28.49,1.27
2024-07-08,Anuradhapura,28.56,1.16
2024-07-15,Anuradhapura,28.69,1.06
2024-07-22,Anuradhapura,29.67,0.19
2024-07-29,Anuradhapura,29.11,0.99
2024-08-05,Anuradhapura,29.24,3.81
2024-08-12,Anuradhapura,28.02,6.44
2024-08-19,Anuradhapura,27.53,3.57
2024-08-26,Anuradhapura,27.97,1.69
2024-09-02,Anuradhapura,28.47,1.3
2024-09-09,Anuradhapura,28.91,1.14
2024-09-16,Anuradhapura,29.29,0.23
2024-09-23,Anuradhapura,29.45,2.59
2024-09-30,Anuradhapura,29.21,3.51
2024-10-07,Anuradhapura,27.06,8.86
2024-10-14,Anuradhapura,27.11,2.76
2024-10-21,Anuradhapura,27.04,10.8
2024-10-28,Anuradhapura,27.06,12.61
2024-11-04,Anuradhapura,26.31,6.49
2024-11-11,Anuradhapura,26.85,7.03
2024-11-18,Anuradhapura,25.88,17.51
2024-11-25,Anuradhapura,24.56,46.0
2024-12-02,Anuradhapura,26.64,0.73
2024-12-09,Anuradhapura,25.71,10.1
2024-12-16,Anuradhapura,25.71,10.49
2024-12-23,Anuradhapura,25.82,2.3
2024-12-30,Anuradhapura,25.06,4.23
2025-01-06,Anuradhapura,24.89,8.0
2025-01-13,Anuradhapura,24.57,12.2
2025-01-20,Anuradhapura,25.36,5.44
2025-01-27,Anuradhapura,25.49,2.63
2025-02-03,Anuradhapura,25.43,0.21
2025-02-10,Anuradhapura,25.61,0.3
2025-02-17,Anuradhapura,26.61,0.0
2025-02-24,Anuradhapura,26.2,6.5
2025-03-03,Anuradhapura,26.9,0.04
2025-03-10,Anuradhapura,26.69,7.93
2025-03-17,Anuradhapura,27.62,6.24
2025-03-24,Anuradhapura,28.24,0.16
2025-03-31,Anuradhapura,27.75,12.7
2025-04-07,Anuradhapura,27.73,2.66
2025-04-14,Anuradhapura,29.18,2.34
2025-04-21,Anuradhapura,29.19,8.69
2025-04-28,Anuradhapura,28.13,7.21
2025-05-05,Anuradhapura,29.24,4.24
2025-05-12,Anuradhapura,28.99,2.84
2025-05-19,Anuradhapura,28.61,1.47
2025-05-26,Anuradhapura,29.38,1.59
2025-06-02,Anuradhapura,29.46,0.33
2025-06-09,Anuradhapura,28.5,2.69
2025-06-16,Anuradhapura,28.94,0.41
2025-06-23,Anuradhapura,29.64,0.41
2025-06-30,Anuradhapura,30.03,0.14
2025-07-07,Anuradhapura,30.77,0.8
2025-07-14,Anuradhapura,29.66,1.07
2025-07-21,Anuradhapura,28.8,0.89
2025-07-28,Anuradhapura,30.06,1.76
2025-08-04,Anuradhapura,28.88,2.26
2025-08-11,Anuradhapura,28.69,0.44
2025-08-18,Anuradhapura,30.03,1.0
2025-08-25,Anuradhapura,29.55,1.07
2025-09-01,Anuradhapura,30.24,0.84
2025-09-08,Anuradhapura,29.55,5.56
2025-09-15,Anuradhapura,28.33,2.77
2025-09-22,Anuradhapura,28.25,2.07
2025-09-29,Anuradhapura,29.21,3.67
2025-10-06,Anuradhapura,28.36,8.89
2025-10-13,Anuradhapura,27.59,16.81
2025-10-20,Anuradhapura,25.96,17.54
2025-10-27,Anuradhapura,27.71,0.73
2025-11-03,Anuradhapura,27.09,5.1
2025-11-10,Anuradhapura,26.15,9.14
2025-11-17,Anuradhapura,25.83,19.74
2025-11-24,Anuradhapura,24.04,82.83
2025-12-01,Anuradhapura,26.1,3.87
2025-12-08,Anuradhapura,25.04,11.66
2025-12-15,Anuradhapura,24.98,4.13
2025-12-22,Anuradhapura,24.96,1.77
2025-12-29,Anuradhapura,25.41,3.86
2026-01-05,Anuradhapura,24.55,8.6
2026-01-12,Anuradhapura,24.74,3.54
2026-01-19,Anuradhapura,24.1,1.27
2026-01-26,Anuradhapura,24.88,2.97
2026-02-02,Anuradhapura,25.37,4.41
2026-02-09,Anuradhapura,24.94,2.03
2026-02-16,Anuradhapura,25.32,9.54
2026-02-23,Anuradhapura,26.33,0.21
2026-03-02,Anuradhapura,26.36,0.34
2026-03-09,Anuradhapura,27.17,1.33
2026-03-16,Anuradhapura,28.32,2.63
2026-03-23,Anuradhapura,29.16,0.0
2026-03-30,Anuradhapura,28.94,4.01
2026-04-06,Anuradhapura,29.88,2.0
2026-04-13,Anuradhapura,29.73,2.94
2026-04-20,Anuradhapura,29.5,3.1
2026-04-27,Anuradhapura,29.6,5.24
2026-05-04,Anuradhapura,28.69,18.11
2026-05-11,Anuradhapura,27.18,9.61
2026-05-18,Anuradhapura,28.54,0.76
2026-05-25,Anuradhapura,28.81,0.69
2026-06-01,Anuradhapura,28.93,1.06
2026-06-08,Anuradhapura,28.18,3.06
2026-06-15,Anuradhapura,28.58,1.54
2026-06-22,Anuradhapura,28.77,2.04
2026-06-29,Anuradhapura,29.34,1.21
2026-07-06,Anuradhapura,29.55,0.89
2026-07-13,Anuradhapura,29.21,0.1
2026-07-20,Anuradhapura,29.99,0.41
2026-07-27,Anuradhapura,30.02,0.62
2013-12-30,Badulla,22.28,6.16
2014-01-06,Badulla,22.66,6.4
2014-01-13,Badulla,22.56,9.91
2014-01-20,Badulla,21.64,0.64
2014-01-27,Badulla,22.18,3.54
2014-02-03,Badulla,21.59,0.0
2014-02-10,Badulla,22.4,0.33
2014-02-17,Badulla,23.54,4.71
2014-02-24,Badulla,23.36,2.43
2014-03-03,Badulla,23.61,2.76
2014-03-10,Badulla,22.92,0.11
2014-03-17,Badulla,24.09,2.99
2014-03-24,Badulla,23.87,0.94
2014-03-31,Badulla,24.54,2.11
2014-04-07,Badulla,24.73,1.84
2014-04-14,Badulla,25.03,0.19
2014-04-21,Badulla,25.56,5.13
2014-04-28,Badulla,24.78,16.69
2014-05-05,Badulla,24.83,14.43
2014-05-12,Badulla,25.5,2.53
2014-05-19,Badulla,26.29,0.9
2014-05-26,Badulla,26.12,4.13
2014-06-02,Badulla,26.16,1.54
2014-06-09,Badulla,26.76,0.0
2014-06-16,Badulla,26.69,0.06
2014-06-23,Badulla,27.12,0.09
2014-06-30,Badulla,27.46,0.07
2014-07-07,Badulla,26.77,0.2
2014-07-14,Badulla,27.11,0.01
2014-07-21,Badulla,27.49,0.19
2014-07-28,Badulla,27.24,0.27
2014-08-04,Badulla,26.46,0.26
2014-08-11,Badulla,26.2,1.77
2014-08-18,Badulla,24.8,14.31
2014-08-25,Badulla,25.06,0.87
2014-09-01,Badulla,25.66,4.2
2014-09-08,Badulla,25.74,0.47
2014-09-15,Badulla,26.29,0.06
2014-09-22,Badulla,25.51,9.69
2014-09-29,Badulla,24.33,12.87
2014-10-06,Badulla,25.18,4.73
2014-10-13,Badulla,24.11,21.23
2014-10-20,Badulla,23.82,14.71
2014-10-27,Badulla,23.58,7.7
2014-11-03,Badulla,23.51,3.49
2014-11-10,Badulla,23.49,5.24
2014-11-17,Badulla,23.01,36.67
2014-11-24,Badulla,22.8,16.89
2014-12-01,Badulla,23.31,2.97
2014-12-08,Badulla,23.26,6.0
2014-12-15,Badulla,22.96,36.97
2014-12-22,Badulla,21.6,51.0
2014-12-29,Badulla,23.48,3.14
2015-01-05,Badulla,22.28,0.39
2015-01-12,Badulla,22.36,0.04
2015-01-19,Badulla,22.31,1.51
2015-01-26,Badulla,22.96,3.71
2015-02-02,Badulla,22.73,5.39
2015-02-09,Badulla,23.03,10.17
2015-02-16,Badulla,21.19,0.54
2015-02-23,Badulla,23.19,8.23
2015-03-02,Badulla,23.36,0.94
2015-03-09,Badulla,23.16,5.94
2015-03-16,Badulla,23.21,0.44
2015-03-23,Badulla,24.11,2.44
2015-03-30,Badulla,24.46,5.99
2015-04-06,Badulla,24.54,6.24
2015-04-13,Badulla,24.31,18.6
2015-04-20,Badulla,24.5,7.1
2015-04-27,Badulla,24.62,3.8
2015-05-04,Badulla,24.79,26.59
2015-05-11,Badulla,25.06,15.27
2015-05-18,Badulla,26.06,0.51
2015-05-25,Badulla,26.33,4.43
2015-06-01,Badulla,25.44,7.1
2015-06-08,Badulla,25.32,2.0
2015-06-15,Badulla,25.76,0.2
2015-06-22,Badulla,26.0,0.83
2015-06-29,Badulla,26.18,0.67
2015-07-06,Badulla,26.79,0.2
2015-07-13,Badulla,26.54,1.03
2015-07-20,Badulla,26.26,1.26
2015-07-27,Badulla,26.24,0.16
2015-08-03,Badulla,27.19,0.1
2015-08-10,Badulla,27.09,5.66
2015-08-17,Badulla,25.42,3.19
2015-08-24,Badulla,26.18,1.86
2015-08-31,Badulla,25.69,7.97
2015-09-07,Badulla,25.16,4.84
2015-09-14,Badulla,26.84,0.41
2015-09-21,Badulla,25.39,16.51
2015-09-28,Badulla,24.46,13.59
2015-10-05,Badulla,24.92,5.96
2015-10-12,Badulla,24.34,12.37
2015-10-19,Badulla,23.94,19.07
2015-10-26,Badulla,23.39,27.1
2015-11-02,Badulla,23.67,12.93
2015-11-09,Badulla,23.71,14.2
2015-11-16,Badulla,23.63,7.86
2015-11-23,Badulla,23.49,6.4
2015-11-30,Badulla,23.81,13.63
2015-12-07,Badulla,23.84,11.76
2015-12-14,Badulla,23.21,5.17
2015-12-21,Badulla,22.64,2.69
2015-12-28,Badulla,23.24,5.47
2016-01-04,Badulla,23.22,3.24
2016-01-11,Badulla,22.75,0.14
2016-01-18,Badulla,23.81,2.17
2016-01-25,Badulla,23.01,2.4
2016-02-01,Badulla,22.79,0.0
2016-02-08,Badulla,24.26,0.66
2016-02-15,Badulla,23.93,4.76
2016-02-22,Badulla,23.55,2.53
2016-02-29,Badulla,24.06,1.56
2016-03-07,Badulla,25.27,0.93
2016-03-14,Badulla,25.73,0.06
2016-03-21,Badulla,25.84,0.21
2016-03-28,Badulla,25.06,9.11
2016-04-04,Badulla,25.81,3.66
2016-04-11,Badulla,26.34,1.3
2016-04-18,Badulla,26.6,1.59
2016-04-25,Badulla,26.53,3.2
2016-05-02,Badulla,26.11,3.43
2016-05-09,Badulla,24.72,30.17
2016-05-16,Badulla,26.17,8.93
2016-05-23,Badulla,26.7,1.21
2016-05-30,Badulla,26.16,0.93
2016-06-06,Badulla,26.31,1.0
2016-06-13,Badulla,26.3,0.3
2016-06-20,Badulla,26.19,0.61
2016-06-27,Badulla,27.08,0.04
2016-07-04,Badulla,27.45,0.11
2016-07-11,Badulla,26.77,4.1
2016-07-18,Badulla,26.13,0.1
2016-07-25,Badulla,25.31,13.04
2016-08-01,Badulla,25.52,0.04
2016-08-08,Badulla,26.51,0.17
2016-08-15,Badulla,27.16,0.07
2016-08-22,Badulla,26.46,2.01
2016-08-29,Badulla,26.45,0.63
2016-09-05,Badulla,26.78,0.14
2016-09-12,Badulla,27.38,1.01
2016-09-19,Badulla,27.51,0.04
2016-09-26,Badulla,27.87,0.13
2016-10-03,Badulla,27.28,0.0
2016-10-10,Badulla,27.24,3.09
2016-10-17,Badulla,25.41,5.83
2016-10-24,Badulla,24.92,9.01
2016-10-31,Badulla,24.41,19.69
2016-11-07,Badulla,23.79,2.24
2016-11-14,Badulla,23.39,8.73
2016-11-21,Badulla,23.61,6.37
2016-11-28,Badulla,23.21,0.21
2016-12-05,Badulla,23.48,1.79
2016-12-12,Badulla,23.41,2.87
2016-12-19,Badulla,23.01,1.53
2016-12-26,Badulla,22.67,4.04
2017-01-02,Badulla,19.56,1.74
2017-01-09,Badulla,19.29,0.16
2017-01-16,Badulla,20.04,6.39
2017-01-23,Badulla,21.35,36.36
2017-01-30,Badulla,20.23,1.66
2017-02-06,Badulla,20.61,0.33
2017-02-13,Badulla,21.02,8.89
2017-02-20,Badulla,21.81,4.37
2017-02-27,Badulla,21.75,10.49
2017-03-06,Badulla,22.72,6.09
2017-03-13,Badulla,22.38,2.8
2017-03-20,Badulla,21.78,0.09
2017-03-27,Badulla,23.06,5.39
2017-04-03,Badulla,23.48,2.0
2017-04-10,Badulla,24.01,5.09
2017-04-17,Badulla,24.19,0.0
2017-04-24,Badulla,25.52,0.16
2017-05-01,Badulla,24.5,6.81
2017-05-08,Badulla,24.44,6.36
2017-05-15,Badulla,26.49,0.9
2017-05-22,Badulla,26.99,0.81
2017-05-29,Badulla,27.21,0.77
2017-06-05,Badulla,27.26,2.01
2017-06-12,Badulla,26.59,2.09
2017-06-19,Badulla,26.19,3.84
2017-06-26,Badulla,26.73,0.9
2017-07-03,Badulla,27.09,4.71
2017-07-10,Badulla,26.32,0.37
2017-07-17,Badulla,27.24,0.17
2017-07-24,Badulla,27.42,1.79
2017-07-31,Badulla,27.01,5.91
2017-08-07,Badulla,25.6,7.49
2017-08-14,Badulla,25.13,2.57
2017-08-21,Badulla,25.34,1.57
2017-08-28,Badulla,25.64,5.19
2017-09-04,Badulla,23.74,6.26
2017-09-11,Badulla,24.01,3.57
2017-09-18,Badulla,25.61,0.4
2017-09-25,Badulla,25.7,1.8
2017-10-02,Badulla,25.11,6.13
2017-10-09,Badulla,24.45,10.6
2017-10-16,Badulla,24.79,2.39
2017-10-23,Badulla,23.74,11.63
2017-10-30,Badulla,22.56,13.89
2017-11-06,Badulla,22.41,9.64
2017-11-13,Badulla,21.74,1.47
2017-11-20,Badulla,21.96,19.23
2017-11-27,Badulla,21.76,42.37
2017-12-04,Badulla,21.66,1.84
2017-12-11,Badulla,22.04,8.84
2017-12-18,Badulla,20.95,4.71
2017-12-25,Badulla,20.98,6.14
2018-01-01,Badulla,19.85,0.59
2018-01-08,Badulla,21.15,7.61
2018-01-15,Badulla,19.74,0.59
2018-01-22,Badulla,20.97,1.49
2018-01-29,Badulla,20.69,9.76
2018-02-05,Badulla,21.96,4.21
2018-02-12,Badulla,21.18,5.31
2018-02-19,Badulla,20.77,4.89
2018-02-26,Badulla,22.16,24.9
2018-03-05,Badulla,21.96,9.49
2018-03-12,Badulla,22.7,5.44
2018-03-19,Badulla,23.1,1.11
2018-03-26,Badulla,22.64,4.97
2018-04-02,Badulla,22.86,5.47
2018-04-09,Badulla,22.98,9.41
2018-04-16,Badulla,22.93,2.89
2018-04-23,Badulla,23.56,3.73
2018-04-30,Badulla,24.04,3.16
2018-05-07,Badulla,23.19,8.24
2018-05-14,Badulla,23.14,7.26
2018-05-21,Badulla,23.04,14.83
2018-05-28,Badulla,24.45,4.61
2018-06-04,Badulla,24.31,5.39
2018-06-11,Badulla,24.33,5.93
2018-06-18,Badulla,23.89,6.46
2018-06-25,Badulla,24.19,4.29
2018-07-02,Badulla,24.24,1.06
2018-07-09,Badulla,24.9,0.51
2018-07-16,Badulla,25.82,0.13
2018-07-23,Badulla,25.73,1.27
2018-07-30,Badulla,25.62,3.56
2018-08-06,Badulla,25.8,0.27
2018-08-13,Badulla,24.92,2.47
2018-08-20,Badulla,25.51,0.4
2018-08-27,Badulla,25.92,0.97
2018-09-03,Badulla,26.11,0.23
2018-09-10,Badulla,25.9,2.14
2018-09-17,Badulla,25.71,5.11
2018-09-24,Badulla,23.32,19.49
2018-10-01,Badulla,22.79,24.03
2018-10-08,Badulla,22.96,5.7
2018-10-15,Badulla,22.46,8.83
2018-10-22,Badulla,22.35,14.69
2018-10-29,Badulla,22.39,13.21
2018-11-05,Badulla,21.79,37.6
2018-11-12,Badulla,21.88,5.97
2018-11-19,Badulla,22.04,9.73
2018-11-26,Badulla,21.84,10.91
2018-12-03,Badulla,21.95,15.93
2018-12-10,Badulla,21.11,0.94
2018-12-17,Badulla,21.14,10.36
2018-12-24,Badulla,20.94,5.27
2018-12-31,Badulla,20.09,6.83
2019-01-07,Badulla,20.92,10.13
2019-01-14,Badulla,20.71,20.83
2019-01-21,Badulla,21.73,2.96
2019-01-28,Badulla,21.3,14.84
2019-02-04,Badulla,21.96,11.1
2019-02-11,Badulla,22.18,9.1
2019-02-18,Badulla,21.96,2.71
2019-02-25,Badulla,22.62,4.34
2019-03-04,Badulla,22.91,3.54
2019-03-11,Badulla,22.03,2.07
2019-03-18,Badulla,22.21,5.81
2019-03-25,Badulla,22.3,0.0
2019-04-01,Badulla,23.6,0.27
2019-04-08,Badulla,24.29,7.09
2019-04-15,Badulla,24.14,8.06
2019-04-22,Badulla,24.09,1.96
2019-04-29,Badulla,24.97,2.13
2019-05-06,Badulla,25.21,0.07
2019-05-13,Badulla,25.59,0.61
2019-05-20,Badulla,25.39,1.2
2019-05-27,Badulla,26.53,0.56
2019-06-03,Badulla,26.29,5.33
2019-06-10,Badulla,26.87,1.43
2019-06-17,Badulla,27.52,0.27
2019-06-24,Badulla,27.03,0.1
2019-07-01,Badulla,27.06,0.17
2019-07-08,Badulla,26.24,1.47
2019-07-15,Badulla,25.74,0.66
2019-07-22,Badulla,25.84,0.97
2019-07-29,Badulla,26.45,0.27
2019-08-05,Badulla,27.09,0.14
2019-08-12,Badulla,25.74,5.26
2019-08-19,Badulla,24.71,2.77
2019-08-26,Badulla,25.54,4.86
2019-09-02,Badulla,26.49,0.59
2019-09-09,Badulla,25.24,5.34
2019-09-16,Badulla,24.62,8.26
2019-09-23,Badulla,23.1,11.69
2019-09-30,Badulla,22.76,16.96
2019-10-07,Badulla,22.74,18.24
2019-10-14,Badulla,22.37,23.01
2019-10-21,Badulla,22.26,8.36
2019-10-28,Badulla,22.19,17.64
2019-11-04,Badulla,22.54,3.13
2019-11-11,Badulla,22.64,8.6
2019-11-18,Badulla,22.13,16.97
2019-11-25,Badulla,22.23,25.03
2019-12-02,Badulla,22.09,23.81
2019-12-09,Badulla,21.69,45.96
2019-12-16,Badulla,22.07,23.29
2019-12-23,Badulla,21.78,3.89
2019-12-30,Badulla,22.29,2.56
2020-01-06,Badulla,21.03,7.6
2020-01-13,Badulla,20.5,2.54
2020-01-20,Badulla,22.24,9.61
2020-01-27,Badulla,20.54,0.33
2020-02-03,Badulla,21.53,2.34
2020-02-10,Badulla,21.89,10.6
2020-02-17,Badulla,21.64,7.91
2020-02-24,Badulla,22.09,2.03
2020-03-02,Badulla,22.64,1.8
2020-03-09,Badulla,22.86,0.16
2020-03-16,Badulla,23.06,2.89
2020-03-23,Badulla,23.01,0.66
2020-03-30,Badulla,23.27,2.56
2020-04-06,Badulla,23.68,3.39
2020-04-13,Badulla,23.89,8.56
2020-04-20,Badulla,23.99,5.37
2020-04-27,Badulla,24.39,2.79
2020-05-04,Badulla,24.39,6.8
2020-05-11,Badulla,24.25,7.33
2020-05-18,Badulla,25.37,1.27
2020-05-25,Badulla,25.08,2.84
2020-06-01,Badulla,24.79,3.21
2020-06-08,Badulla,26.35,0.26
2020-06-15,Badulla,26.49,2.19
2020-06-22,Badulla,25.14,2.57
2020-06-29,Badulla,26.23,2.23
2020-07-06,Badulla,25.23,6.14
2020-07-13,Badulla,25.11,4.24
2020-07-20,Badulla,23.7,6.24
2020-07-27,Badulla,25.44,1.99
2020-08-03,Badulla,25.92,2.21
2020-08-10,Badulla,25.64,0.37
2020-08-17,Badulla,26.45,0.36
2020-08-24,Badulla,25.67,1.34
2020-08-31,Badulla,24.67,4.01
2020-09-07,Badulla,24.36,2.81
2020-09-14,Badulla,25.44,2.97
2020-09-21,Badulla,24.42,2.29
2020-09-28,Badulla,24.66,1.11
2020-10-05,Badulla,25.36,1.9
2020-10-12,Badulla,25.41,0.09
2020-10-19,Badulla,25.73,0.51
2020-10-26,Badulla,25.24,1.79
2020-11-02,Badulla,23.88,12.97
2020-11-09,Badulla,23.06,17.07
2020-11-16,Badulla,22.48,22.5
2020-11-23,Badulla,22.3,1.86
2020-11-30,Badulla,22.57,8.8
2020-12-07,Badulla,21.89,4.43
2020-12-14,Badulla,21.52,15.09
2020-12-21,Badulla,21.52,51.26
2020-12-28,Badulla,21.96,17.17
2021-01-04,Badulla,21.96,36.31
2021-01-11,Badulla,21.91,25.73
2021-01-18,Badulla,21.44,6.57
2021-01-25,Badulla,20.76,9.97
2021-02-01,Badulla,21.2,14.39
2021-02-08,Badulla,20.79,6.31
2021-02-15,Badulla,21.51,2.9
2021-02-22,Badulla,22.79,3.03
2021-03-01,Badulla,21.4,2.83
2021-03-08,Badulla,22.22,5.81
2021-03-15,Badulla,22.13,5.53
2021-03-22,Badulla,22.84,12.87
2021-03-29,Badulla,23.22,0.31
2021-04-05,Badulla,23.03,14.19
2021-04-12,Badulla,22.79,12.11
2021-04-19,Badulla,23.18,0.17
2021-04-26,Badulla,23.67,8.61
2021-05-03,Badulla,23.42,14.16
2021-05-10,Badulla,24.09,8.56
2021-05-17,Badulla,23.8,2.8
2021-05-24,Badulla,24.54,4.16
2021-05-31,Badulla,23.78,11.99
2021-06-07,Badulla,23.71,5.29
2021-06-14,Badulla,23.69,0.14
2021-06-21,Badulla,23.87,3.07
2021-06-28,Badulla,24.59,1.17
2021-07-05,Badulla,24.25,6.66
2021-07-12,Badulla,24.36,1.76
2021-07-19,Badulla,25.35,3.23
2021-07-26,Badulla,25.18,0.81
2021-08-02,Badulla,25.74,4.33
2021-08-09,Badulla,24.8,8.34
2021-08-16,Badulla,24.55,1.27
2021-08-23,Badulla,24.14,5.4
2021-08-30,Badulla,24.42,2.31
2021-09-06,Badulla,25.32,0.53
2021-09-13,Badulla,25.48,6.63
2021-09-20,Badulla,24.46,6.34
2021-09-27,Badulla,23.49,5.31
2021-10-04,Badulla,23.76,4.17
2021-10-11,Badulla,25.17,0.79
2021-10-18,Badulla,23.49,11.71
2021-10-25,Badulla,22.59,15.6
2021-11-01,Badulla,22.51,16.41
2021-11-08,Badulla,22.19,9.27
2021-11-15,Badulla,22.49,4.14
2021-11-22,Badulla,21.86,18.79
2021-11-29,Badulla,21.97,6.23
2021-12-06,Badulla,21.93,4.97
2021-12-13,Badulla,21.67,16.6
2021-12-20,Badulla,20.95,2.41
2021-12-27,Badulla,21.16,6.7
2022-01-03,Badulla,21.24,12.96
2022-01-10,Badulla,21.36,4.57
2022-01-17,Badulla,20.83,2.43
2022-01-24,Badulla,20.69,1.84
2022-01-31,Badulla,20.62,1.2
2022-02-07,Badulla,21.12,14.46
2022-02-14,Badulla,21.11,1.79
2022-02-21,Badulla,21.88,4.24
2022-02-28,Badulla,21.51,3.87
2022-03-07,Badulla,22.41,3.49
2022-03-14,Badulla,23.08,0.7
2022-03-21,Badulla,23.06,1.87
2022-03-28,Badulla,22.99,4.13
2022-04-04,Badulla,22.55,13.01
2022-04-11,Badulla,23.01,8.24
2022-04-18,Badulla,23.42,8.87
2022-04-25,Badulla,23.61,9.97
2022-05-02,Badulla,23.88,0.19
2022-05-09,Badulla,25.17,12.6
2022-05-16,Badulla,24.86,5.26
2022-05-23,Badulla,24.18,8.07
2022-05-30,Badulla,25.06,2.61
2022-06-06,Badulla,24.75,6.0
2022-06-13,Badulla,23.4,4.84
2022-06-20,Badulla,23.73,4.59
2022-06-27,Badulla,25.14,1.91
2022-07-04,Badulla,25.48,0.09
2022-07-11,Badulla,26.19,0.59
2022-07-18,Badulla,25.28,4.36
2022-07-25,Badulla,23.51,4.0
2022-08-01,Badulla,23.68,4.47
2022-08-08,Badulla,24.41,0.43
2022-08-15,Badulla,25.09,1.21
2022-08-22,Badulla,25.24,3.37
2022-08-29,Badulla,23.46,13.31
2022-09-05,Badulla,23.79,1.71
2022-09-12,Badulla,24.07,0.33
2022-09-19,Badulla,24.75,1.5
2022-09-26,Badulla,24.94,4.14
2022-10-03,Badulla,25.35,1.81
2022-10-10,Badulla,22.8,15.53
2022-10-17,Badulla,22.74,5.87
2022-10-24,Badulla,22.16,3.63
2022-10-31,Badulla,22.24,15.93
2022-11-07,Badulla,21.66,13.76
2022-11-14,Badulla,21.04,2.46
2022-11-21,Badulla,21.64,0.73
2022-11-28,Badulla,22.0,12.01
2022-12-05,Badulla,21.13,1.63
2022-12-12,Badulla,20.61,9.34
2022-12-19,Badulla,21.23,15.51
2022-12-26,Badulla,20.7,1.69
2023-01-02,Badulla,20.44,12.77
2023-01-09,Badulla,19.91,2.03
2023-01-16,Badulla,20.44,13.14
2023-01-23,Badulla,20.79,6.99
2023-01-30,Badulla,21.48,8.33
2023-02-06,Badulla,21.14,3.26
2023-02-13,Badulla,20.32,6.89
2023-02-20,Badulla,21.59,6.61
2023-02-27,Badulla,21.03,14.1
2023-03-06,Badulla,21.86,7.69
2023-03-13,Badulla,22.23,4.87
2023-03-20,Badulla,22.89,5.54
2023-03-27,Badulla,22.71,2.59
2023-04-03,Badulla,22.49,4.97
2023-04-10,Badulla,23.11,0.84
2023-04-17,Badulla,24.0,3.03
2023-04-24,Badulla,23.47,12.7
2023-05-01,Badulla,23.59,14.03
2023-05-08,Badulla,24.61,2.17
2023-05-15,Badulla,24.34,0.84
2023-05-22,Badulla,24.24,0.41
2023-05-29,Badulla,25.59,0.94
2023-06-05,Badulla,26.39,1.36
2023-06-12,Badulla,25.97,5.73
2023-06-19,Badulla,25.49,2.77
2023-06-26,Badulla,25.48,9.16
2023-07-03,Badulla,24.33,2.47
2023-07-10,Badulla,25.76,1.93
2023-07-17,Badulla,26.28,1.11
2023-07-24,Badulla,27.41,0.1
2023-07-31,Badulla,27.77,1.3
2023-08-07,Badulla,27.38,5.69
2023-08-14,Badulla,26.81,0.31
2023-08-21,Badulla,27.15,0.61
2023-08-28,Badulla,25.96,5.26
2023-09-04,Badulla,24.96,3.64
2023-09-11,Badulla,25.29,4.66
2023-09-18,Badulla,24.25,5.49
2023-09-25,Badulla,24.46,8.89
2023-10-02,Badulla,24.25,6.96
2023-10-09,Badulla,23.11,14.24
2023-10-16,Badulla,22.93,14.43
2023-10-23,Badulla,23.11,7.73
2023-10-30,Badulla,22.61,21.26
2023-11-06,Badulla,22.9,21.77
2023-11-13,Badulla,23.15,16.39
2023-11-20,Badulla,22.69,19.14
2023-11-27,Badulla,22.69,13.39
2023-12-04,Badulla,23.01,12.76
2023-12-11,Badulla,22.49,24.47
2023-12-18,Badulla,22.61,11.77
2023-12-25,Badulla,22.09,21.63
2024-01-01,Badulla,22.86,11.41
2024-01-08,Badulla,21.56,14.81
2024-01-15,Badulla,21.25,4.16
2024-01-22,Badulla,21.19,4.81
2024-01-29,Badulla,22.29,10.13
2024-02-05,Badulla,22.01,2.91
2024-02-12,Badulla,22.74,7.06
2024-02-19,Badulla,23.03,0.57
2024-02-26,Badulla,22.59,3.3
2024-03-04,Badulla,22.98,0.0
2024-03-11,Badulla,23.94,0.0
2024-03-18,Badulla,23.84,4.76
2024-03-25,Badulla,24.21,6.57
2024-04-01,Badulla,25.21,2.56
2024-04-08,Badulla,24.61,11.36
2024-04-15,Badulla,24.78,1.63
2024-04-22,Badulla,25.74,0.6
2024-04-29,Badulla,26.77,1.8
2024-05-06,Badulla,27.01,6.06
2024-05-13,Badulla,24.54,13.31
2024-05-20,Badulla,25.71,6.91
2024-05-27,Badulla,26.15,4.49
2024-06-03,Badulla,24.93,1.56
2024-06-10,Badulla,25.91,0.93
2024-06-17,Badulla,26.41,1.43
2024-06-24,Badulla,25.96,2.09
2024-07-01,Badulla,25.76,4.5
2024-07-08,Badulla,25.63,6.89
2024-07-15,Badulla,25.87,0.29
2024-07-22,Badulla,27.09,0.37
2024-07-29,Badulla,27.99,1.93
2024-08-05,Badulla,26.17,2.09
2024-08-12,Badulla,24.87,10.87
2024-08-19,Badulla,24.39,3.49
2024-08-26,Badulla,25.84,4.01
2024-09-02,Badulla,26.34,1.79
2024-09-09,Badulla,27.48,1.31
2024-09-16,Badulla,27.81,0.2
2024-09-23,Badulla,26.97,4.43
2024-09-30,Badulla,25.65,2.94
2024-10-07,Badulla,23.68,11.29
2024-10-14,Badulla,23.76,1.64
2024-10-21,Badulla,23.76,5.7
2024-10-28,Badulla,23.73,13.83
2024-11-04,Badulla,22.77,6.59
2024-11-11,Badulla,23.05,7.03
2024-11-18,Badulla,22.88,20.56
2024-11-25,Badulla,22.96,36.6
2024-12-02,Badulla,22.5,1.51
2024-12-09,Badulla,22.85,7.03
2024-12-16,Badulla,22.54,5.73
2024-12-23,Badulla,21.24,3.51
2024-12-30,Badulla,21.32,19.07
2025-01-06,Badulla,21.72,18.46
2025-01-13,Badulla,21.4,28.06
2025-01-20,Badulla,21.79,17.84
2025-01-27,Badulla,22.04,6.37
2025-02-03,Badulla,21.36,2.19
2025-02-10,Badulla,21.97,1.37
2025-02-17,Badulla,22.66,0.94
2025-02-24,Badulla,22.66,16.67
2025-03-03,Badulla,22.29,0.63
2025-03-10,Badulla,22.71,7.29
2025-03-17,Badulla,23.3,5.06
2025-03-24,Badulla,23.21,3.23
2025-03-31,Badulla,23.24,10.69
2025-04-07,Badulla,23.81,2.83
2025-04-14,Badulla,23.69,1.4
2025-04-21,Badulla,23.77,4.29
2025-04-28,Badulla,24.09,6.31
2025-05-05,Badulla,24.85,0.64
2025-05-12,Badulla,25.41,0.4
2025-05-19,Badulla,26.06,3.09
2025-05-26,Badulla,27.13,0.74
2025-06-02,Badulla,26.59,1.34
2025-06-09,Badulla,26.99,3.83
2025-06-16,Badulla,25.96,1.97
2025-06-23,Badulla,26.11,3.1
2025-06-30,Badulla,26.49,0.6
2025-07-07,Badulla,27.09,1.21
2025-07-14,Badulla,26.59,3.09
2025-07-21,Badulla,25.71,2.17
2025-07-28,Badulla,25.86,1.89
2025-08-04,Badulla,24.79,3.59
2025-08-11,Badulla,25.81,1.17
2025-08-18,Badulla,25.86,1.84
2025-08-25,Badulla,27.29,2.51
2025-09-01,Badulla,27.44,2.17
2025-09-08,Badulla,25.67,7.79
2025-09-15,Badulla,25.31,4.7
2025-09-22,Badulla,26.15,2.49
2025-09-29,Badulla,25.95,4.66
2025-10-06,Badulla,23.75,4.96
2025-10-13,Badulla,23.94,18.7
2025-10-20,Badulla,22.93,9.79
2025-10-27,Badulla,23.86,0.33
2025-11-03,Badulla,23.86,1.26
2025-11-10,Badulla,22.9,7.64
2025-11-17,Badulla,22.85,22.96
2025-11-24,Badulla,21.76,73.24
2025-12-01,Badulla,22.06,5.69
2025-12-08,Badulla,21.98,13.03
2025-12-15,Badulla,21.88,24.16
2025-12-22,Badulla,21.86,5.49
2025-12-29,Badulla,22.18,6.89
2026-01-05,Badulla,21.31,19.73
2026-01-12,Badulla,20.84,2.3
2026-01-19,Badulla,20.6,0.99
2026-01-26,Badulla,21.42,13.01
2026-02-02,Badulla,21.89,18.57
2026-02-09,Badulla,20.99,7.73
2026-02-16,Badulla,21.68,27.69
2026-02-23,Badulla,22.24,0.39
2026-03-02,Badulla,22.12,0.26
2026-03-09,Badulla,22.94,2.11
2026-03-16,Badulla,23.29,1.47
2026-03-23,Badulla,24.04,1.46
2026-03-30,Badulla,24.74,4.67
2026-04-06,Badulla,25.44,2.33
2026-04-13,Badulla,24.82,2.99
2026-04-20,Badulla,24.56,7.24
2026-04-27,Badulla,24.78,6.09
2026-05-04,Badulla,24.53,7.69
2026-05-11,Badulla,24.54,7.1
2026-05-18,Badulla,25.73,2.03
2026-05-25,Badulla,26.09,2.04
2026-06-01,Badulla,26.9,1.6
2026-06-08,Badulla,26.57,5.47
2026-06-15,Badulla,26.04,2.17
2026-06-22,Badulla,25.62,3.41
2026-06-29,Badulla,26.39,1.03
2026-07-06,Badulla,26.7,1.67
2026-07-13,Badulla,26.35,1.34
2026-07-20,Badulla,26.54,1.64
2026-07-27,Badulla,27.87,1.75
2013-12-30,Batticaloa,24.67,9.66
2014-01-06,Batticaloa,25.36,5.76
2014-01-13,Batticaloa,24.87,9.84
2014-01-20,Batticaloa,25.18,1.37
2014-01-27,Batticaloa,25.05,4.53
2014-02-03,Batticaloa,24.82,0.0
2014-02-10,Batticaloa,25.24,0.17
2014-02-17,Batticaloa,26.54,2.23
2014-02-24,Batticaloa,26.54,1.54
2014-03-03,Batticaloa,26.94,1.87
2014-03-10,Batticaloa,27.12,0.1
2014-03-17,Batticaloa,27.05,3.4
2014-03-24,Batticaloa,27.34,0.53
2014-03-31,Batticaloa,28.04,1.11
2014-04-07,Batticaloa,28.91,0.23
2014-04-14,Batticaloa,28.79,0.1
2014-04-21,Batticaloa,29.26,1.06
2014-04-28,Batticaloa,28.43,8.49
2014-05-05,Batticaloa,27.89,7.03
2014-05-12,Batticaloa,29.16,1.67
2014-05-19,Batticaloa,30.04,0.24
2014-05-26,Batticaloa,29.78,3.49
2014-06-02,Batticaloa,30.68,0.63
2014-06-09,Batticaloa,31.74,0.11
2014-06-16,Batticaloa,31.84,0.11
2014-06-23,Batticaloa,31.33,0.01
2014-06-30,Batticaloa,31.35,0.29
2014-07-07,Batticaloa,31.18,0.04
2014-07-14,Batticaloa,31.59,0.03
2014-07-21,Batticaloa,32.0,0.23
2014-07-28,Batticaloa,31.59,0.11
2014-08-04,Batticaloa,30.91,1.57
2014-08-11,Batticaloa,29.95,3.61
2014-08-18,Batticaloa,27.81,9.34
2014-08-25,Batticaloa,28.84,1.51
2014-09-01,Batticaloa,28.91,4.74
2014-09-08,Batticaloa,29.42,1.11
2014-09-15,Batticaloa,30.21,0.33
2014-09-22,Batticaloa,28.76,1.94
2014-09-29,Batticaloa,27.59,10.34
2014-10-06,Batticaloa,28.84,2.67
2014-10-13,Batticaloa,27.19,7.63
2014-10-20,Batticaloa,26.84,7.66
2014-10-27,Batticaloa,27.05,5.84
2014-11-03,Batticaloa,27.02,2.31
2014-11-10,Batticaloa,26.6,5.66
2014-11-17,Batticaloa,25.43,23.36
2014-11-24,Batticaloa,25.24,20.26
2014-12-01,Batticaloa,25.59,8.5
2014-12-08,Batticaloa,25.91,8.26
2014-12-15,Batticaloa,25.3,39.67
2014-12-22,Batticaloa,24.06,60.61
2014-12-29,Batticaloa,26.2,1.6
2015-01-05,Batticaloa,25.33,1.64
2015-01-12,Batticaloa,25.39,0.84
2015-01-19,Batticaloa,25.48,1.21
2015-01-26,Batticaloa,25.89,2.94
2015-02-02,Batticaloa,25.39,6.93
2015-02-09,Batticaloa,25.39,7.33
2015-02-16,Batticaloa,25.02,0.86
2015-02-23,Batticaloa,25.83,5.03
2015-03-02,Batticaloa,26.94,0.4
2015-03-09,Batticaloa,26.34,7.73
2015-03-16,Batticaloa,26.23,0.4
2015-03-23,Batticaloa,26.82,2.17
2015-03-30,Batticaloa,27.94,1.47
2015-04-06,Batticaloa,28.16,1.36
2015-04-13,Batticaloa,27.7,5.49
2015-04-20,Batticaloa,28.11,3.23
2015-04-27,Batticaloa,28.57,1.23
2015-05-04,Batticaloa,28.57,6.56
2015-05-11,Batticaloa,28.26,10.21
2015-05-18,Batticaloa,29.67,1.37
2015-05-25,Batticaloa,29.97,4.3
2015-06-01,Batticaloa,28.79,7.23
2015-06-08,Batticaloa,29.46,1.01
2015-06-15,Batticaloa,30.25,0.31
2015-06-22,Batticaloa,30.79,0.64
2015-06-29,Batticaloa,30.33,0.73
2015-07-06,Batticaloa,31.64,0.47
2015-07-13,Batticaloa,31.38,0.14
2015-07-20,Batticaloa,30.54,0.5
2015-07-27,Batticaloa,30.34,0.86
2015-08-03,Batticaloa,31.41,0.19
2015-08-10,Batticaloa,31.23,3.41
2015-08-17,Batticaloa,29.23,2.11
2015-08-24,Batticaloa,30.46,0.04
2015-08-31,Batticaloa,29.56,5.67
2015-09-07,Batticaloa,28.68,8.93
2015-09-14,Batticaloa,30.19,0.66
2015-09-21,Batticaloa,28.77,5.64
2015-09-28,Batticaloa,27.79,13.41
2015-10-05,Batticaloa,28.46,4.66
2015-10-12,Batticaloa,27.16,7.2
2015-10-19,Batticaloa,26.65,16.09
2015-10-26,Batticaloa,25.83,26.33
2015-11-02,Batticaloa,26.25,11.46
2015-11-09,Batticaloa,26.41,17.19
2015-11-16,Batticaloa,26.59,6.54
2015-11-23,Batticaloa,26.29,9.5
2015-11-30,Batticaloa,26.51,12.13
2015-12-07,Batticaloa,26.18,15.36
2015-12-14,Batticaloa,25.87,8.17
2015-12-21,Batticaloa,26.26,4.87
2015-12-28,Batticaloa,25.91,7.61
2016-01-04,Batticaloa,26.14,4.44
2016-01-11,Batticaloa,25.96,0.43
2016-01-18,Batticaloa,26.32,1.56
2016-01-25,Batticaloa,26.26,0.53
2016-02-01,Batticaloa,26.76,0.1
2016-02-08,Batticaloa,26.9,0.14
2016-02-15,Batticaloa,26.79,5.24
2016-02-22,Batticaloa,26.94,2.3
2016-02-29,Batticaloa,27.14,2.0
2016-03-07,Batticaloa,27.76,0.69
2016-03-14,Batticaloa,27.9,0.0
2016-03-21,Batticaloa,28.37,0.06
2016-03-28,Batticaloa,28.18,4.33
2016-04-04,Batticaloa,29.45,0.59
2016-04-11,Batticaloa,30.19,0.1
2016-04-18,Batticaloa,30.25,0.4
2016-04-25,Batticaloa,30.24,0.5
2016-05-02,Batticaloa,30.12,1.34
2016-05-09,Batticaloa,27.82,23.07
2016-05-16,Batticaloa,29.22,5.14
2016-05-23,Batticaloa,30.03,0.17
2016-05-30,Batticaloa,30.21,0.03
2016-06-06,Batticaloa,30.44,0.61
2016-06-13,Batticaloa,31.01,0.13
2016-06-20,Batticaloa,30.85,0.31
2016-06-27,Batticaloa,31.73,0.04
2016-07-04,Batticaloa,31.79,0.16
2016-07-11,Batticaloa,30.89,1.61
2016-07-18,Batticaloa,30.22,1.33
2016-07-25,Batticaloa,28.74,5.16
2016-08-01,Batticaloa,31.18,0.01
2016-08-08,Batticaloa,31.33,0.41
2016-08-15,Batticaloa,31.49,0.19
2016-08-22,Batticaloa,29.99,6.06
2016-08-29,Batticaloa,29.85,1.8
2016-09-05,Batticaloa,30.74,0.0
2016-09-12,Batticaloa,31.19,1.17
2016-09-19,Batticaloa,31.28,0.4
2016-09-26,Batticaloa,31.44,0.06
2016-10-03,Batticaloa,31.03,0.24
2016-10-10,Batticaloa,30.46,3.36
2016-10-17,Batticaloa,28.75,5.14
2016-10-24,Batticaloa,28.13,6.63
2016-10-31,Batticaloa,27.21,9.16
2016-11-07,Batticaloa,26.9,2.36
2016-11-14,Batticaloa,25.93,13.04
2016-11-21,Batticaloa,26.44,5.29
2016-11-28,Batticaloa,25.09,3.03
2016-12-05,Batticaloa,26.36,1.49
2016-12-12,Batticaloa,26.36,1.33
2016-12-19,Batticaloa,25.06,3.63
2016-12-26,Batticaloa,25.78,7.83
2017-01-02,Batticaloa,24.8,2.09
2017-01-09,Batticaloa,24.49,0.46
2017-01-16,Batticaloa,25.68,13.81
2017-01-23,Batticaloa,25.18,21.4
2017-01-30,Batticaloa,25.33,0.96
2017-02-06,Batticaloa,24.93,0.04
2017-02-13,Batticaloa,26.02,6.57
2017-02-20,Batticaloa,25.89,1.6
2017-02-27,Batticaloa,26.09,13.09
2017-03-06,Batticaloa,27.23,4.43
2017-03-13,Batticaloa,27.01,1.23
2017-03-20,Batticaloa,26.95,0.03
2017-03-27,Batticaloa,27.74,3.6
2017-04-03,Batticaloa,28.06,0.67
2017-04-10,Batticaloa,29.14,3.54
2017-04-17,Batticaloa,29.98,0.07
2017-04-24,Batticaloa,29.85,0.96
2017-05-01,Batticaloa,29.56,2.71
2017-05-08,Batticaloa,28.91,2.9
2017-05-15,Batticaloa,30.95,2.83
2017-05-22,Batticaloa,30.27,4.61
2017-05-29,Batticaloa,31.39,0.83
2017-06-05,Batticaloa,31.84,0.81
2017-06-12,Batticaloa,30.49,2.56
2017-06-19,Batticaloa,30.91,2.79
2017-06-26,Batticaloa,31.76,0.33
2017-07-03,Batticaloa,31.46,2.74
2017-07-10,Batticaloa,30.83,0.4
2017-07-17,Batticaloa,31.41,0.24
2017-07-24,Batticaloa,30.83,2.24
2017-07-31,Batticaloa,30.61,1.31
2017-08-07,Batticaloa,29.36,5.96
2017-08-14,Batticaloa,29.32,0.6
2017-08-21,Batticaloa,31.04,1.96
2017-08-28,Batticaloa,30.16,3.7
2017-09-04,Batticaloa,27.92,14.21
2017-09-11,Batticaloa,28.66,2.16
2017-09-18,Batticaloa,29.63,0.91
2017-09-25,Batticaloa,29.75,2.47
2017-10-02,Batticaloa,28.95,5.06
2017-10-09,Batticaloa,28.14,11.69
2017-10-16,Batticaloa,28.48,2.33
2017-10-23,Batticaloa,27.21,12.2
2017-10-30,Batticaloa,26.48,10.59
2017-11-06,Batticaloa,26.29,6.94
2017-11-13,Batticaloa,26.91,2.03
2017-11-20,Batticaloa,25.96,12.36
2017-11-27,Batticaloa,25.53,19.23
2017-12-04,Batticaloa,25.85,2.79
2017-12-11,Batticaloa,26.16,4.74
2017-12-18,Batticaloa,26.06,4.49
2017-12-25,Batticaloa,25.78,2.7
2018-01-01,Batticaloa,25.02,0.04
2018-01-08,Batticaloa,25.21,4.34
2018-01-15,Batticaloa,25.0,0.26
2018-01-22,Batticaloa,25.16,0.33
2018-01-29,Batticaloa,25.4,2.3
2018-02-05,Batticaloa,25.66,2.0
2018-02-12,Batticaloa,25.96,1.66
2018-02-19,Batticaloa,25.69,3.23
2018-02-26,Batticaloa,25.99,10.46
2018-03-05,Batticaloa,26.36,4.36
2018-03-12,Batticaloa,26.87,5.63
2018-03-19,Batticaloa,26.87,0.5
2018-03-26,Batticaloa,27.51,2.86
2018-04-02,Batticaloa,27.27,3.51
2018-04-09,Batticaloa,27.27,5.49
2018-04-16,Batticaloa,28.02,0.86
2018-04-23,Batticaloa,28.3,2.03
2018-04-30,Batticaloa,28.76,1.97
2018-05-07,Batticaloa,28.22,4.29
2018-05-14,Batticaloa,27.44,9.56
2018-05-21,Batticaloa,27.66,7.67
2018-05-28,Batticaloa,29.38,3.7
2018-06-04,Batticaloa,29.24,2.43
2018-06-11,Batticaloa,29.94,1.11
2018-06-18,Batticaloa,30.34,0.4
2018-06-25,Batticaloa,30.54,2.69
2018-07-02,Batticaloa,29.59,1.1
2018-07-09,Batticaloa,30.9,0.4
2018-07-16,Batticaloa,31.72,0.06
2018-07-23,Batticaloa,30.19,1.59
2018-07-30,Batticaloa,30.73,2.11
2018-08-06,Batticaloa,31.21,0.24
2018-08-13,Batticaloa,30.38,0.5
2018-08-20,Batticaloa,30.07,1.31
2018-08-27,Batticaloa,29.9,1.17
2018-09-03,Batticaloa,29.99,0.01
2018-09-10,Batticaloa,29.39,0.36
2018-09-17,Batticaloa,30.31,3.11
2018-09-24,Batticaloa,27.33,7.0
2018-10-01,Batticaloa,26.97,8.89
2018-10-08,Batticaloa,27.47,6.53
2018-10-15,Batticaloa,26.68,7.77
2018-10-22,Batticaloa,26.26,11.84
2018-10-29,Batticaloa,26.37,11.0
2018-11-05,Batticaloa,25.73,21.84
2018-11-12,Batticaloa,26.85,2.46
2018-11-19,Batticaloa,26.21,9.56
2018-11-26,Batticaloa,26.26,5.24
2018-12-03,Batticaloa,26.11,8.67
2018-12-10,Batticaloa,25.73,1.3
2018-12-17,Batticaloa,25.3,4.69
2018-12-24,Batticaloa,25.67,2.39
2018-12-31,Batticaloa,25.69,1.37
2019-01-07,Batticaloa,25.71,5.84
2019-01-14,Batticaloa,25.13,5.49
2019-01-21,Batticaloa,25.74,1.74
2019-01-28,Batticaloa,25.76,2.9
2019-02-04,Batticaloa,26.16,7.47
2019-02-11,Batticaloa,26.74,3.44
2019-02-18,Batticaloa,26.95,0.56
2019-02-25,Batticaloa,27.09,1.99
2019-03-04,Batticaloa,27.81,0.41
2019-03-11,Batticaloa,27.73,0.76
2019-03-18,Batticaloa,27.89,0.93
2019-03-25,Batticaloa,27.82,0.07
2019-04-01,Batticaloa,28.76,0.04
2019-04-08,Batticaloa,29.21,0.96
2019-04-15,Batticaloa,28.99,4.1
2019-04-22,Batticaloa,29.39,1.36
2019-04-29,Batticaloa,30.09,0.57
2019-05-06,Batticaloa,30.24,0.21
2019-05-13,Batticaloa,30.26,1.34
2019-05-20,Batticaloa,29.84,1.2
2019-05-27,Batticaloa,30.56,0.27
2019-06-03,Batticaloa,29.98,3.39
2019-06-10,Batticaloa,31.31,1.44
2019-06-17,Batticaloa,32.19,0.07
2019-06-24,Batticaloa,31.15,0.41
2019-07-01,Batticaloa,31.1,0.47
2019-07-08,Batticaloa,29.74,2.27
2019-07-15,Batticaloa,30.89,0.87
2019-07-22,Batticaloa,30.05,1.06
2019-07-29,Batticaloa,30.3,0.59
2019-08-05,Batticaloa,31.55,1.1
2019-08-12,Batticaloa,30.41,9.01
2019-08-19,Batticaloa,28.81,1.16
2019-08-26,Batticaloa,30.09,1.83
2019-09-02,Batticaloa,29.94,1.11
2019-09-09,Batticaloa,29.19,8.99
2019-09-16,Batticaloa,27.7,5.57
2019-09-23,Batticaloa,26.81,5.8
2019-09-30,Batticaloa,26.77,5.19
2019-10-07,Batticaloa,26.8,4.01
2019-10-14,Batticaloa,26.6,19.4
2019-10-21,Batticaloa,26.05,20.77
2019-10-28,Batticaloa,26.22,14.01
2019-11-04,Batticaloa,27.04,1.64
2019-11-11,Batticaloa,26.94,3.41
2019-11-18,Batticaloa,26.54,10.63
2019-11-25,Batticaloa,26.33,15.5
2019-12-02,Batticaloa,26.22,11.49
2019-12-09,Batticaloa,25.88,16.34
2019-12-16,Batticaloa,25.98,12.86
2019-12-23,Batticaloa,26.23,1.99
2019-12-30,Batticaloa,26.71,2.13
2020-01-06,Batticaloa,26.34,1.94
2020-01-13,Batticaloa,25.82,1.66
2020-01-20,Batticaloa,26.71,3.59
2020-01-27,Batticaloa,26.18,0.03
2020-02-03,Batticaloa,26.49,1.47
2020-02-10,Batticaloa,26.89,2.21
2020-02-17,Batticaloa,26.81,2.01
2020-02-24,Batticaloa,27.16,1.63
2020-03-02,Batticaloa,27.31,0.11
2020-03-09,Batticaloa,28.06,0.07
2020-03-16,Batticaloa,27.9,1.29
2020-03-23,Batticaloa,28.16,0.24
2020-03-30,Batticaloa,28.54,0.84
2020-04-06,Batticaloa,29.14,0.7
2020-04-13,Batticaloa,28.35,3.17
2020-04-20,Batticaloa,29.06,1.73
2020-04-27,Batticaloa,29.29,1.54
2020-05-04,Batticaloa,28.87,3.66
2020-05-11,Batticaloa,28.75,9.87
2020-05-18,Batticaloa,30.61,0.51
2020-05-25,Batticaloa,29.56,2.2
2020-06-01,Batticaloa,29.98,2.01
2020-06-08,Batticaloa,31.44,1.19
2020-06-15,Batticaloa,31.34,1.34
2020-06-22,Batticaloa,29.04,3.69
2020-06-29,Batticaloa,30.54,1.09
2020-07-06,Batticaloa,29.59,4.99
2020-07-13,Batticaloa,29.71,1.83
2020-07-20,Batticaloa,28.37,3.01
2020-07-27,Batticaloa,29.41,1.43
2020-08-03,Batticaloa,30.57,0.53
2020-08-10,Batticaloa,30.9,0.31
2020-08-17,Batticaloa,29.76,0.37
2020-08-24,Batticaloa,29.81,0.43
2020-08-31,Batticaloa,28.26,19.04
2020-09-07,Batticaloa,28.66,1.84
2020-09-14,Batticaloa,29.53,1.5
2020-09-21,Batticaloa,28.78,4.5
2020-09-28,Batticaloa,28.91,2.79
2020-10-05,Batticaloa,29.19,0.5
2020-10-12,Batticaloa,30.73,1.0
2020-10-19,Batticaloa,29.64,3.31
2020-10-26,Batticaloa,27.66,11.24
2020-11-02,Batticaloa,26.94,6.87
2020-11-09,Batticaloa,26.66,9.03
2020-11-16,Batticaloa,26.5,8.43
2020-11-23,Batticaloa,26.48,2.66
2020-11-30,Batticaloa,26.54,9.69
2020-12-07,Batticaloa,26.13,2.03
2020-12-14,Batticaloa,25.54,9.86
2020-12-21,Batticaloa,25.04,23.3
2020-12-28,Batticaloa,25.72,7.64
2021-01-04,Batticaloa,25.64,13.01
2021-01-11,Batticaloa,25.71,11.33
2021-01-18,Batticaloa,25.83,3.06
2021-01-25,Batticaloa,25.78,5.77
2021-02-01,Batticaloa,25.85,3.93
2021-02-08,Batticaloa,25.23,1.84
2021-02-15,Batticaloa,25.79,1.4
2021-02-22,Batticaloa,26.66,1.5
2021-03-01,Batticaloa,27.09,1.31
2021-03-08,Batticaloa,26.71,4.24
2021-03-15,Batticaloa,26.85,2.44
2021-03-22,Batticaloa,27.26,3.73
2021-03-29,Batticaloa,28.49,0.07
2021-04-05,Batticaloa,28.5,1.3
2021-04-12,Batticaloa,27.55,7.3
2021-04-19,Batticaloa,28.45,0.83
2021-04-26,Batticaloa,28.79,3.66
2021-05-03,Batticaloa,27.9,8.39
2021-05-10,Batticaloa,28.88,4.49
2021-05-17,Batticaloa,29.19,3.0
2021-05-24,Batticaloa,30.36,1.96
2021-05-31,Batticaloa,29.49,9.11
2021-06-07,Batticaloa,29.36,3.0
2021-06-14,Batticaloa,30.91,0.06
2021-06-21,Batticaloa,30.76,1.91
2021-06-28,Batticaloa,29.49,1.37
2021-07-05,Batticaloa,28.91,3.14
2021-07-12,Batticaloa,30.0,6.49
2021-07-19,Batticaloa,31.29,0.71
2021-07-26,Batticaloa,30.81,0.81
2021-08-02,Batticaloa,30.99,3.76
2021-08-09,Batticaloa,29.63,4.27
2021-08-16,Batticaloa,28.88,2.99
2021-08-23,Batticaloa,29.06,1.86
2021-08-30,Batticaloa,29.28,3.51
2021-09-06,Batticaloa,30.37,0.83
2021-09-13,Batticaloa,29.8,3.29
2021-09-20,Batticaloa,28.67,7.47
2021-09-27,Batticaloa,28.14,5.91
2021-10-04,Batticaloa,27.95,3.51
2021-10-11,Batticaloa,29.43,0.54
2021-10-18,Batticaloa,27.38,10.37
2021-10-25,Batticaloa,26.54,8.96
2021-11-01,Batticaloa,26.51,13.26
2021-11-08,Batticaloa,26.52,9.79
2021-11-15,Batticaloa,26.83,7.6
2021-11-22,Batticaloa,25.93,14.31
2021-11-29,Batticaloa,26.21,2.44
2021-12-06,Batticaloa,26.51,3.56
2021-12-13,Batticaloa,25.83,6.77
2021-12-20,Batticaloa,25.54,1.73
2021-12-27,Batticaloa,25.66,9.03
2022-01-03,Batticaloa,25.58,9.59
2022-01-10,Batticaloa,25.79,3.56
2022-01-17,Batticaloa,25.17,1.37
2022-01-24,Batticaloa,25.38,2.53
2022-01-31,Batticaloa,25.66,1.1
2022-02-07,Batticaloa,25.58,12.66
2022-02-14,Batticaloa,25.51,1.86
2022-02-21,Batticaloa,26.16,2.47
2022-02-28,Batticaloa,26.19,3.7
2022-03-07,Batticaloa,26.62,2.17
2022-03-14,Batticaloa,27.15,0.93
2022-03-21,Batticaloa,28.24,0.8
2022-03-28,Batticaloa,28.47,2.47
2022-04-04,Batticaloa,27.06,9.96
2022-04-11,Batticaloa,27.71,4.19
2022-04-18,Batticaloa,27.59,5.44
2022-04-25,Batticaloa,28.29,4.1
2022-05-02,Batticaloa,29.72,1.3
2022-05-09,Batticaloa,30.15,3.17
2022-05-16,Batticaloa,29.92,1.29
2022-05-23,Batticaloa,29.28,3.3
2022-05-30,Batticaloa,29.51,1.63
2022-06-06,Batticaloa,29.9,1.36
2022-06-13,Batticaloa,28.17,6.04
2022-06-20,Batticaloa,29.11,1.21
2022-06-27,Batticaloa,30.38,2.63
2022-07-04,Batticaloa,30.56,0.49
2022-07-11,Batticaloa,30.89,0.2
2022-07-18,Batticaloa,29.21,1.66
2022-07-25,Batticaloa,26.96,10.96
2022-08-01,Batticaloa,28.05,3.26
2022-08-08,Batticaloa,29.45,0.31
2022-08-15,Batticaloa,29.34,2.14
2022-08-22,Batticaloa,29.01,6.99
2022-08-29,Batticaloa,27.3,13.53
2022-09-05,Batticaloa,28.49,3.56
2022-09-12,Batticaloa,28.2,0.57
2022-09-19,Batticaloa,29.61,1.5
2022-09-26,Batticaloa,28.99,1.84
2022-10-03,Batticaloa,28.48,8.74
2022-10-10,Batticaloa,26.79,8.47
2022-10-17,Batticaloa,26.89,6.5
2022-10-24,Batticaloa,26.23,12.79
2022-10-31,Batticaloa,26.01,20.84
2022-11-07,Batticaloa,25.84,12.56
2022-11-14,Batticaloa,25.64,2.43
2022-11-21,Batticaloa,26.35,0.41
2022-11-28,Batticaloa,26.11,8.13
2022-12-05,Batticaloa,24.99,6.93
2022-12-12,Batticaloa,25.58,6.59
2022-12-19,Batticaloa,25.04,14.8
2022-12-26,Batticaloa,25.63,0.81
2023-01-02,Batticaloa,25.43,7.39
2023-01-09,Batticaloa,24.64,0.26
2023-01-16,Batticaloa,25.63,11.64
2023-01-23,Batticaloa,25.17,3.2
2023-01-30,Batticaloa,25.42,11.64
2023-02-06,Batticaloa,25.54,2.19
2023-02-13,Batticaloa,25.25,1.96
2023-02-20,Batticaloa,25.86,1.43
2023-02-27,Batticaloa,25.94,12.87
2023-03-06,Batticaloa,26.4,2.86
2023-03-13,Batticaloa,26.83,2.69
2023-03-20,Batticaloa,27.27,1.74
2023-03-27,Batticaloa,27.69,0.46
2023-04-03,Batticaloa,27.88,0.7
2023-04-10,Batticaloa,29.03,0.39
2023-04-17,Batticaloa,29.37,2.7
2023-04-24,Batticaloa,27.71,7.3
2023-05-01,Batticaloa,27.41,12.56
2023-05-08,Batticaloa,28.56,2.93
2023-05-15,Batticaloa,29.16,1.7
2023-05-22,Batticaloa,29.71,0.19
2023-05-29,Batticaloa,29.99,1.13
2023-06-05,Batticaloa,31.2,1.14
2023-06-12,Batticaloa,30.83,1.59
2023-06-19,Batticaloa,30.11,2.09
2023-06-26,Batticaloa,29.93,5.7
2023-07-03,Batticaloa,30.03,0.99
2023-07-10,Batticaloa,30.24,1.8
2023-07-17,Batticaloa,31.32,0.51
2023-07-24,Batticaloa,30.93,0.9
2023-07-31,Batticaloa,30.64,0.26
2023-08-07,Batticaloa,29.96,0.91
2023-08-14,Batticaloa,29.66,0.49
2023-08-21,Batticaloa,29.99,1.86
2023-08-28,Batticaloa,28.82,7.0
2023-09-04,Batticaloa,29.21,3.17
2023-09-11,Batticaloa,29.11,12.87
2023-09-18,Batticaloa,27.6,7.94
2023-09-25,Batticaloa,28.1,14.49
2023-10-02,Batticaloa,27.68,13.1
2023-10-09,Batticaloa,26.82,16.46
2023-10-16,Batticaloa,26.31,30.69
2023-10-23,Batticaloa,26.84,1.89
2023-10-30,Batticaloa,26.36,12.04
2023-11-06,Batticaloa,26.21,13.5
2023-11-13,Batticaloa,26.54,20.61
2023-11-20,Batticaloa,26.5,12.5
2023-11-27,Batticaloa,26.07,19.91
2023-12-04,Batticaloa,26.62,8.66
2023-12-11,Batticaloa,26.26,22.67
2023-12-18,Batticaloa,26.54,7.8
2023-12-25,Batticaloa,26.32,12.1
2024-01-01,Batticaloa,26.24,6.4
2024-01-08,Batticaloa,26.29,15.0
2024-01-15,Batticaloa,25.8,2.37
2024-01-22,Batticaloa,26.36,0.97
2024-01-29,Batticaloa,26.29,4.56
2024-02-05,Batticaloa,26.88,0.84
2024-02-12,Batticaloa,27.48,2.43
2024-02-19,Batticaloa,27.66,0.29
2024-02-26,Batticaloa,27.71,1.86
2024-03-04,Batticaloa,27.29,0.01
2024-03-11,Batticaloa,28.14,0.03
2024-03-18,Batticaloa,27.43,3.04
2024-03-25,Batticaloa,27.69,4.83
2024-04-01,Batticaloa,29.39,0.31
2024-04-08,Batticaloa,28.24,8.56
2024-04-15,Batticaloa,28.47,1.97
2024-04-22,Batticaloa,29.55,0.17
2024-04-29,Batticaloa,30.69,0.89
2024-05-06,Batticaloa,30.06,5.03
2024-05-13,Batticaloa,27.96,20.47
2024-05-20,Batticaloa,29.47,1.2
2024-05-27,Batticaloa,29.86,2.74
2024-06-03,Batticaloa,28.86,2.14
2024-06-10,Batticaloa,29.75,1.36
2024-06-17,Batticaloa,30.05,2.64
2024-06-24,Batticaloa,30.65,0.39
2024-07-01,Batticaloa,28.96,4.26
2024-07-08,Batticaloa,29.7,1.54
2024-07-15,Batticaloa,30.53,0.3
2024-07-22,Batticaloa,31.71,0.34
2024-07-29,Batticaloa,30.74,1.36
2024-08-05,Batticaloa,28.75,7.37
2024-08-12,Batticaloa,28.28,5.96
2024-08-19,Batticaloa,28.46,3.43
2024-08-26,Batticaloa,29.32,1.4
2024-09-02,Batticaloa,29.83,1.79
2024-09-09,Batticaloa,30.39,0.9
2024-09-16,Batticaloa,30.83,1.23
2024-09-23,Batticaloa,29.32,2.33
2024-09-30,Batticaloa,28.45,4.17
2024-10-07,Batticaloa,26.61,20.17
2024-10-14,Batticaloa,27.51,4.4
2024-10-21,Batticaloa,26.86,14.71
2024-10-28,Batticaloa,26.69,11.99
2024-11-04,Batticaloa,26.38,6.73
2024-11-11,Batticaloa,27.12,8.46
2024-11-18,Batticaloa,26.41,16.56
2024-11-25,Batticaloa,26.12,41.26
2024-12-02,Batticaloa,26.51,0.77
2024-12-09,Batticaloa,26.37,7.47
2024-12-16,Batticaloa,26.38,14.8
2024-12-23,Batticaloa,26.31,2.33
2024-12-30,Batticaloa,25.94,14.91
2025-01-06,Batticaloa,25.59,12.17
2025-01-13,Batticaloa,25.49,24.36
2025-01-20,Batticaloa,26.11,8.3
2025-01-27,Batticaloa,26.36,5.86
2025-02-03,Batticaloa,26.2,0.86
2025-02-10,Batticaloa,26.04,0.76
2025-02-17,Batticaloa,26.76,0.13
2025-02-24,Batticaloa,26.52,16.81
2025-03-03,Batticaloa,26.52,0.07
2025-03-10,Batticaloa,26.81,10.81
2025-03-17,Batticaloa,27.93,2.04
2025-03-24,Batticaloa,27.47,2.14
2025-03-31,Batticaloa,27.79,11.77
2025-04-07,Batticaloa,28.26,6.63
2025-04-14,Batticaloa,28.59,3.34
2025-04-21,Batticaloa,28.62,5.19
2025-04-28,Batticaloa,28.36,7.13
2025-05-05,Batticaloa,29.29,2.3
2025-05-12,Batticaloa,29.59,6.66
2025-05-19,Batticaloa,29.77,1.41
2025-05-26,Batticaloa,30.54,1.11
2025-06-02,Batticaloa,29.89,1.81
2025-06-09,Batticaloa,30.48,1.4
2025-06-16,Batticaloa,30.19,2.67
2025-06-23,Batticaloa,30.64,1.49
2025-06-30,Batticaloa,31.21,0.43
2025-07-07,Batticaloa,31.01,0.57
2025-07-14,Batticaloa,30.52,1.96
2025-07-21,Batticaloa,30.19,0.61
2025-07-28,Batticaloa,29.6,8.09
2025-08-04,Batticaloa,28.81,5.56
2025-08-11,Batticaloa,29.66,0.43
2025-08-18,Batticaloa,29.52,0.51
2025-08-25,Batticaloa,30.31,0.79
2025-09-01,Batticaloa,30.26,2.16
2025-09-08,Batticaloa,29.06,3.86
2025-09-15,Batticaloa,29.04,8.21
2025-09-22,Batticaloa,29.89,3.31
2025-09-29,Batticaloa,29.74,4.66
2025-10-06,Batticaloa,28.24,4.81
2025-10-13,Batticaloa,27.98,14.7
2025-10-20,Batticaloa,27.61,18.27
2025-10-27,Batticaloa,28.59,0.21
2025-11-03,Batticaloa,28.22,3.33
2025-11-10,Batticaloa,26.69,19.71
2025-11-17,Batticaloa,26.49,16.93
2025-11-24,Batticaloa,25.44,44.23
2025-12-01,Batticaloa,26.41,5.97
2025-12-08,Batticaloa,25.69,15.53
2025-12-15,Batticaloa,25.6,14.36
2025-12-22,Batticaloa,25.78,2.99
2025-12-29,Batticaloa,25.96,11.47
2026-01-05,Batticaloa,25.47,14.46
2026-01-12,Batticaloa,25.43,4.6
2026-01-19,Batticaloa,24.69,1.06
2026-01-26,Batticaloa,25.51,6.53
2026-02-02,Batticaloa,26.26,7.01
2026-02-09,Batticaloa,25.29,5.63
2026-02-16,Batticaloa,25.51,22.0
2026-02-23,Batticaloa,26.47,0.36
2026-03-02,Batticaloa,26.05,1.17
2026-03-09,Batticaloa,26.75,1.57
2026-03-16,Batticaloa,27.69,3.03
2026-03-23,Batticaloa,27.95,0.29
2026-03-30,Batticaloa,27.95,5.16
2026-04-06,Batticaloa,28.87,1.19
2026-04-13,Batticaloa,29.1,2.77
2026-04-20,Batticaloa,28.8,3.23
2026-04-27,Batticaloa,29.51,4.06
2026-05-04,Batticaloa,28.64,10.69
2026-05-11,Batticaloa,28.82,10.61
2026-05-18,Batticaloa,30.38,1.19
2026-05-25,Batticaloa,30.41,1.0
2026-06-01,Batticaloa,30.74,1.1
2026-06-08,Batticaloa,30.44,3.7
2026-06-15,Batticaloa,29.99,1.33
2026-06-22,Batticaloa,30.37,4.37
2026-06-29,Batticaloa,31.18,0.41
2026-07-06,Batticaloa,31.0,1.37
2026-07-13,Batticaloa,30.29,0.99
2026-07-20,Batticaloa,30.46,0.61
2026-07-27,Batticaloa,31.14,0.62
2013-12-30,Colombo,26.72,0.0
2014-01-06,Colombo,26.64,3.81
2014-01-13,Colombo,26.86,1.69
2014-01-20,Colombo,27.69,0.0
2014-01-27,Colombo,27.83,1.8
2014-02-03,Colombo,27.65,0.0
2014-02-10,Colombo,27.68,0.03
2014-02-17,Colombo,28.96,1.04
2014-02-24,Colombo,29.16,0.64
2014-03-03,Colombo,28.99,2.56
2014-03-10,Colombo,29.46,0.17
2014-03-17,Colombo,28.51,6.5
2014-03-24,Colombo,28.69,0.29
2014-03-31,Colombo,28.59,11.54
2014-04-07,Colombo,27.77,2.34
2014-04-14,Colombo,27.72,2.37
2014-04-21,Colombo,27.7,14.5
2014-04-28,Colombo,27.19,11.91
2014-05-05,Colombo,27.13,13.66
2014-05-12,Colombo,28.02,2.24
2014-05-19,Colombo,27.65,4.41
2014-05-26,Colombo,27.31,5.96
2014-06-02,Colombo,27.55,7.2
2014-06-09,Colombo,27.63,8.27
2014-06-16,Colombo,27.49,3.74
2014-06-23,Colombo,27.27,3.69
2014-06-30,Colombo,27.19,6.3
2014-07-07,Colombo,27.08,5.09
2014-07-14,Colombo,27.0,2.84
2014-07-21,Colombo,26.98,6.13
2014-07-28,Colombo,26.7,8.2
2014-08-04,Colombo,26.67,7.2
2014-08-11,Colombo,26.29,12.36
2014-08-18,Colombo,26.21,9.26
2014-08-25,Colombo,26.92,1.77
2014-09-01,Colombo,26.1,11.43
2014-09-08,Colombo,26.41,7.49
2014-09-15,Colombo,26.94,4.89
2014-09-22,Colombo,26.61,7.3
2014-09-29,Colombo,26.56,13.1
2014-10-06,Colombo,26.73,11.04
2014-10-13,Colombo,26.41,25.8
2014-10-20,Colombo,26.69,14.03
2014-10-27,Colombo,26.2,10.56
2014-11-03,Colombo,26.17,8.79
2014-11-10,Colombo,26.63,7.44
2014-11-17,Colombo,26.36,16.8
2014-11-24,Colombo,25.44,8.84
2014-12-01,Colombo,26.31,3.14
2014-12-08,Colombo,26.46,11.79
2014-12-15,Colombo,26.04,21.13
2014-12-22,Colombo,24.24,30.56
2014-12-29,Colombo,25.85,0.93
2015-01-05,Colombo,26.01,0.13
2015-01-12,Colombo,26.62,0.46
2015-01-19,Colombo,27.49,0.01
2015-01-26,Colombo,27.83,2.39
2015-02-02,Colombo,27.94,1.33
2015-02-09,Colombo,27.35,4.4
2015-02-16,Colombo,27.01,0.0
2015-02-23,Colombo,27.74,4.64
2015-03-02,Colombo,28.04,1.37
2015-03-09,Colombo,27.94,9.04
2015-03-16,Colombo,27.75,0.44
2015-03-23,Colombo,28.72,8.47
2015-03-30,Colombo,27.71,11.0
2015-04-06,Colombo,27.74,7.17
2015-04-13,Colombo,27.56,4.64
2015-04-20,Colombo,27.26,13.64
2015-04-27,Colombo,27.76,4.7
2015-05-04,Colombo,27.42,11.53
2015-05-11,Colombo,27.35,7.34
2015-05-18,Colombo,27.56,7.8
2015-05-25,Colombo,27.85,6.07
2015-06-01,Colombo,27.26,7.7
2015-06-08,Colombo,27.35,3.94
2015-06-15,Colombo,27.32,8.49
2015-06-22,Colombo,27.33,9.99
2015-06-29,Colombo,27.09,8.23
2015-07-06,Colombo,27.36,8.81
2015-07-13,Colombo,27.11,6.19
2015-07-20,Colombo,26.54,8.96
2015-07-27,Colombo,26.84,1.84
2015-08-03,Colombo,26.98,5.7
2015-08-10,Colombo,27.31,4.47
2015-08-17,Colombo,27.24,4.56
2015-08-24,Colombo,26.54,5.86
2015-08-31,Colombo,26.9,4.64
2015-09-07,Colombo,26.78,7.56
2015-09-14,Colombo,26.81,11.66
2015-09-21,Colombo,26.64,11.97
2015-09-28,Colombo,26.33,10.94
2015-10-05,Colombo,26.83,6.09
2015-10-12,Colombo,27.12,37.29
2015-10-19,Colombo,26.69,34.84
2015-10-26,Colombo,26.04,16.24
2015-11-02,Colombo,26.57,12.11
2015-11-09,Colombo,25.86,16.7
2015-11-16,Colombo,26.76,9.37
2015-11-23,Colombo,26.86,5.4
2015-11-30,Colombo,26.41,12.17
2015-12-07,Colombo,26.71,15.89
2015-12-14,Colombo,26.45,11.57
2015-12-21,Colombo,26.92,0.1
2015-12-28,Colombo,27.45,2.4
2016-01-04,Colombo,27.6,0.9
2016-01-11,Colombo,27.19,0.0
2016-01-18,Colombo,28.16,0.94
2016-01-25,Colombo,28.12,0.4
2016-02-01,Colombo,28.49,0.0
2016-02-08,Colombo,29.34,0.2
2016-02-15,Colombo,28.29,3.83
2016-02-22,Colombo,28.78,0.93
2016-02-29,Colombo,29.49,1.91
2016-03-07,Colombo,28.92,1.36
2016-03-14,Colombo,29.64,0.59
2016-03-21,Colombo,30.08,0.57
2016-03-28,Colombo,29.38,2.66
2016-04-04,Colombo,29.61,3.34
2016-04-11,Colombo,29.71,2.31
2016-04-18,Colombo,29.45,3.16
2016-04-25,Colombo,29.62,7.36
2016-05-02,Colombo,28.54,5.1
2016-05-09,Colombo,27.25,55.2
2016-05-16,Colombo,27.56,31.36
2016-05-23,Colombo,27.4,12.21
2016-05-30,Colombo,27.33,9.86
2016-06-06,Colombo,27.26,11.51
2016-06-13,Colombo,27.44,7.0
2016-06-20,Colombo,27.25,6.49
2016-06-27,Colombo,27.29,3.27
2016-07-04,Colombo,27.38,4.84
2016-07-11,Colombo,26.76,4.51
2016-07-18,Colombo,26.72,4.16
2016-07-25,Colombo,26.39,10.76
2016-08-01,Colombo,27.27,1.5
2016-08-08,Colombo,27.19,2.59
2016-08-15,Colombo,26.98,3.14
2016-08-22,Colombo,26.67,7.29
2016-08-29,Colombo,26.18,7.91
2016-09-05,Colombo,26.64,1.47
2016-09-12,Colombo,26.77,5.81
2016-09-19,Colombo,26.98,2.8
2016-09-26,Colombo,26.91,3.34
2016-10-03,Colombo,27.01,1.27
2016-10-10,Colombo,27.33,4.14
2016-10-17,Colombo,26.91,4.4
2016-10-24,Colombo,26.62,6.6
2016-10-31,Colombo,26.29,13.23
2016-11-07,Colombo,26.65,5.54
2016-11-14,Colombo,26.53,22.44
2016-11-21,Colombo,26.89,6.67
2016-11-28,Colombo,25.49,0.24
2016-12-05,Colombo,26.63,1.79
2016-12-12,Colombo,26.59,0.41
2016-12-19,Colombo,26.02,0.94
2016-12-26,Colombo,27.14,3.6
2017-01-02,Colombo,25.79,1.06
2017-01-09,Colombo,24.77,0.01
2017-01-16,Colombo,27.04,1.07
2017-01-23,Colombo,26.49,7.4
2017-01-30,Colombo,25.58,3.61
2017-02-06,Colombo,25.14,0.0
2017-02-13,Colombo,28.01,3.44
2017-02-20,Colombo,26.02,1.44
2017-02-27,Colombo,27.0,5.27
2017-03-06,Colombo,27.04,5.01
2017-03-13,Colombo,26.66,8.76
2017-03-20,Colombo,26.84,1.23
2017-03-27,Colombo,27.38,2.29
2017-04-03,Colombo,27.56,5.8
2017-04-10,Colombo,27.98,8.89
2017-04-17,Colombo,28.95,1.63
2017-04-24,Colombo,28.66,2.94
2017-05-01,Colombo,28.34,2.03
2017-05-08,Colombo,28.24,4.79
2017-05-15,Colombo,27.91,11.56
2017-05-22,Colombo,27.07,23.29
2017-05-29,Colombo,27.05,20.1
2017-06-05,Colombo,27.37,7.29
2017-06-12,Colombo,26.79,8.17
2017-06-19,Colombo,26.57,19.2
2017-06-26,Colombo,27.12,11.01
2017-07-03,Colombo,27.43,11.79
2017-07-10,Colombo,27.31,3.67
2017-07-17,Colombo,27.2,5.97
2017-07-24,Colombo,27.47,10.19
2017-07-31,Colombo,26.99,12.49
2017-08-07,Colombo,26.77,9.96
2017-08-14,Colombo,26.77,9.44
2017-08-21,Colombo,26.98,8.89
2017-08-28,Colombo,26.49,12.17
2017-09-04,Colombo,26.07,19.23
2017-09-11,Colombo,26.54,9.5
2017-09-18,Colombo,27.03,4.43
2017-09-25,Colombo,26.61,9.21
2017-10-02,Colombo,26.65,15.19
2017-10-09,Colombo,25.99,23.29
2017-10-16,Colombo,26.88,9.41
2017-10-23,Colombo,26.63,4.81
2017-10-30,Colombo,25.91,19.76
2017-11-06,Colombo,25.93,17.91
2017-11-13,Colombo,26.4,2.89
2017-11-20,Colombo,25.69,18.86
2017-11-27,Colombo,25.39,34.3
2017-12-04,Colombo,25.74,0.64
2017-12-11,Colombo,26.18,3.97
2017-12-18,Colombo,26.33,4.21
2017-12-25,Colombo,26.79,0.56
2018-01-01,Colombo,25.76,0.31
2018-01-08,Colombo,26.19,2.23
2018-01-15,Colombo,26.59,0.0
2018-01-22,Colombo,26.31,0.06
2018-01-29,Colombo,27.65,0.79
2018-02-05,Colombo,26.89,2.01
2018-02-12,Colombo,27.78,1.46
2018-02-19,Colombo,27.19,1.89
2018-02-26,Colombo,26.94,6.7
2018-03-05,Colombo,26.74,4.47
2018-03-12,Colombo,27.11,4.03
2018-03-19,Colombo,27.33,1.41
2018-03-26,Colombo,27.52,5.79
2018-04-02,Colombo,27.26,3.66
2018-04-09,Colombo,27.51,11.03
2018-04-16,Colombo,27.34,3.87
2018-04-23,Colombo,27.59,3.83
2018-04-30,Colombo,27.38,4.34
2018-05-07,Colombo,26.94,16.41
2018-05-14,Colombo,26.45,17.77
2018-05-21,Colombo,26.5,27.94
2018-05-28,Colombo,27.64,17.49
2018-06-04,Colombo,27.04,17.2
2018-06-11,Colombo,26.79,11.97
2018-06-18,Colombo,26.74,7.71
2018-06-25,Colombo,26.56,11.64
2018-07-02,Colombo,26.96,4.91
2018-07-09,Colombo,26.37,9.26
2018-07-16,Colombo,26.81,2.16
2018-07-23,Colombo,26.65,3.5
2018-07-30,Colombo,26.46,7.17
2018-08-06,Colombo,26.39,3.46
2018-08-13,Colombo,26.26,5.16
2018-08-20,Colombo,26.06,0.9
2018-08-27,Colombo,26.49,1.91
2018-09-03,Colombo,26.81,0.56
2018-09-10,Colombo,27.24,0.64
2018-09-17,Colombo,27.21,6.51
2018-09-24,Colombo,26.36,13.36
2018-10-01,Colombo,26.08,13.8
2018-10-08,Colombo,25.83,10.64
2018-10-15,Colombo,25.81,7.71
2018-10-22,Colombo,25.84,17.36
2018-10-29,Colombo,26.34,11.46
2018-11-05,Colombo,25.81,13.43
2018-11-12,Colombo,25.89,2.06
2018-11-19,Colombo,25.76,10.69
2018-11-26,Colombo,26.59,7.36
2018-12-03,Colombo,26.47,2.54
2018-12-10,Colombo,25.67,0.17
2018-12-17,Colombo,25.64,3.26
2018-12-24,Colombo,25.81,2.16
2018-12-31,Colombo,26.67,0.09
2019-01-07,Colombo,27.39,1.46
2019-01-14,Colombo,27.06,0.6
2019-01-21,Colombo,26.66,0.79
2019-01-28,Colombo,28.21,0.93
2019-02-04,Colombo,26.57,10.91
2019-02-11,Colombo,27.34,3.67
2019-02-18,Colombo,27.2,0.71
2019-02-25,Colombo,27.59,2.01
2019-03-04,Colombo,27.46,2.04
2019-03-11,Colombo,27.76,1.19
2019-03-18,Colombo,27.99,5.89
2019-03-25,Colombo,28.25,0.54
2019-04-01,Colombo,28.84,0.37
2019-04-08,Colombo,28.81,2.01
2019-04-15,Colombo,28.06,10.19
2019-04-22,Colombo,28.03,1.44
2019-04-29,Colombo,27.82,8.61
2019-05-06,Colombo,28.79,1.34
2019-05-13,Colombo,27.91,3.29
2019-05-20,Colombo,27.58,6.37
2019-05-27,Colombo,28.11,3.76
2019-06-03,Colombo,27.24,19.27
2019-06-10,Colombo,27.79,9.51
2019-06-17,Colombo,27.97,8.36
2019-06-24,Colombo,28.04,3.3
2019-07-01,Colombo,28.11,1.76
2019-07-08,Colombo,27.16,5.74
2019-07-15,Colombo,27.21,10.03
2019-07-22,Colombo,26.96,6.67
2019-07-29,Colombo,27.23,3.71
2019-08-05,Colombo,26.86,13.2
2019-08-12,Colombo,26.83,17.57
2019-08-19,Colombo,26.36,13.81
2019-08-26,Colombo,26.27,13.19
2019-09-02,Colombo,26.83,4.3
2019-09-09,Colombo,26.45,12.36
2019-09-16,Colombo,26.36,11.31
2019-09-23,Colombo,25.92,19.87
2019-09-30,Colombo,25.91,11.34
2019-10-07,Colombo,26.05,14.54
2019-10-14,Colombo,26.23,23.9
2019-10-21,Colombo,25.78,17.14
2019-10-28,Colombo,25.69,17.19
2019-11-04,Colombo,26.51,6.61
2019-11-11,Colombo,26.28,8.97
2019-11-18,Colombo,26.18,17.37
2019-11-25,Colombo,26.06,13.79
2019-12-02,Colombo,26.52,8.17
2019-12-09,Colombo,26.19,3.91
2019-12-16,Colombo,26.33,8.34
2019-12-23,Colombo,26.59,1.2
2019-12-30,Colombo,26.43,1.06
2020-01-06,Colombo,26.64,0.24
2020-01-13,Colombo,26.34,0.4
2020-01-20,Colombo,28.24,1.3
2020-01-27,Colombo,26.46,0.7
2020-02-03,Colombo,27.12,0.2
2020-02-10,Colombo,28.41,1.56
2020-02-17,Colombo,28.52,0.84
2020-02-24,Colombo,28.79,0.17
2020-03-02,Colombo,27.94,0.44
2020-03-09,Colombo,28.54,0.83
2020-03-16,Colombo,27.79,2.89
2020-03-23,Colombo,28.38,0.53
2020-03-30,Colombo,27.86,8.76
2020-04-06,Colombo,27.91,4.86
2020-04-13,Colombo,28.04,4.31
2020-04-20,Colombo,28.04,4.31
2020-04-27,Colombo,28.61,3.19
2020-05-04,Colombo,27.88,5.84
2020-05-11,Colombo,27.79,9.37
2020-05-18,Colombo,27.86,15.11
2020-05-25,Colombo,27.6,9.33
2020-06-01,Colombo,27.54,12.56
2020-06-08,Colombo,27.5,9.71
2020-06-15,Colombo,27.89,6.21
2020-06-22,Colombo,27.35,7.16
2020-06-29,Colombo,27.33,6.94
2020-07-06,Colombo,27.04,9.16
2020-07-13,Colombo,27.19,7.29
2020-07-20,Colombo,26.47,7.56
2020-07-27,Colombo,26.75,11.2
2020-08-03,Colombo,26.62,16.07
2020-08-10,Colombo,26.85,2.86
2020-08-17,Colombo,27.21,2.74
2020-08-24,Colombo,27.5,1.89
2020-08-31,Colombo,26.09,19.67
2020-09-07,Colombo,26.35,10.36
2020-09-14,Colombo,26.4,11.69
2020-09-21,Colombo,26.41,9.73
2020-09-28,Colombo,26.74,7.81
2020-10-05,Colombo,26.71,4.26
2020-10-12,Colombo,26.88,5.2
2020-10-19,Colombo,26.91,2.86
2020-10-26,Colombo,26.63,1.84
2020-11-02,Colombo,26.68,6.17
2020-11-09,Colombo,26.62,17.29
2020-11-16,Colombo,26.52,27.24
2020-11-23,Colombo,26.21,2.54
2020-11-30,Colombo,26.32,6.93
2020-12-07,Colombo,26.39,1.33
2020-12-14,Colombo,25.76,3.43
2020-12-21,Colombo,25.59,3.83
2020-12-28,Colombo,25.84,7.63
2021-01-04,Colombo,25.62,9.8
2021-01-11,Colombo,25.61,24.09
2021-01-18,Colombo,25.96,0.81
2021-01-25,Colombo,26.09,3.87
2021-02-01,Colombo,26.86,1.81
2021-02-08,Colombo,26.56,0.06
2021-02-15,Colombo,26.54,0.61
2021-02-22,Colombo,27.01,0.8
2021-03-01,Colombo,26.61,1.57
2021-03-08,Colombo,26.83,6.64
2021-03-15,Colombo,26.75,4.54
2021-03-22,Colombo,26.49,15.51
2021-03-29,Colombo,27.26,1.17
2021-04-05,Colombo,27.37,1.34
2021-04-12,Colombo,26.89,7.74
2021-04-19,Colombo,27.24,3.24
2021-04-26,Colombo,27.79,4.03
2021-05-03,Colombo,26.97,11.99
2021-05-10,Colombo,27.3,15.69
2021-05-17,Colombo,27.63,8.94
2021-05-24,Colombo,27.53,20.77
2021-05-31,Colombo,26.99,13.36
2021-06-07,Colombo,27.15,10.59
2021-06-14,Colombo,27.29,2.59
2021-06-21,Colombo,26.87,7.63
2021-06-28,Colombo,26.81,9.6
2021-07-05,Colombo,26.84,14.81
2021-07-12,Colombo,27.31,2.47
2021-07-19,Colombo,27.01,9.97
2021-07-26,Colombo,27.04,5.76
2021-08-02,Colombo,26.89,8.39
2021-08-09,Colombo,26.62,13.94
2021-08-16,Colombo,26.51,5.16
2021-08-23,Colombo,26.45,10.76
2021-08-30,Colombo,26.41,7.67
2021-09-06,Colombo,26.89,7.93
2021-09-13,Colombo,26.81,9.43
2021-09-20,Colombo,26.87,9.99
2021-09-27,Colombo,26.31,8.3
2021-10-04,Colombo,26.69,13.76
2021-10-11,Colombo,27.27,8.9
2021-10-18,Colombo,26.2,7.64
2021-10-25,Colombo,25.77,12.37
2021-11-01,Colombo,25.57,21.06
2021-11-08,Colombo,25.73,27.11
2021-11-15,Colombo,25.98,13.87
2021-11-22,Colombo,25.71,15.46
2021-11-29,Colombo,25.45,3.96
2021-12-06,Colombo,26.49,1.94
2021-12-13,Colombo,26.4,9.59
2021-12-20,Colombo,26.06,0.27
2021-12-27,Colombo,26.31,3.17
2022-01-03,Colombo,27.19,3.99
2022-01-10,Colombo,26.56,1.83
2022-01-17,Colombo,26.32,0.83
2022-01-24,Colombo,26.36,1.03
2022-01-31,Colombo,25.98,1.43
2022-02-07,Colombo,27.28,4.96
2022-02-14,Colombo,27.16,0.97
2022-02-21,Colombo,27.47,1.23
2022-02-28,Colombo,28.44,0.71
2022-03-07,Colombo,27.28,2.06
2022-03-14,Colombo,26.97,2.24
2022-03-21,Colombo,27.55,1.53
2022-03-28,Colombo,27.51,1.93
2022-04-04,Colombo,26.14,14.44
2022-04-11,Colombo,27.12,4.49
2022-04-18,Colombo,26.86,6.03
2022-04-25,Colombo,27.4,5.97
2022-05-02,Colombo,28.11,6.6
2022-05-09,Colombo,26.83,33.64
2022-05-16,Colombo,27.16,10.76
2022-05-23,Colombo,26.21,21.44
2022-05-30,Colombo,26.39,19.67
2022-06-06,Colombo,26.39,7.34
2022-06-13,Colombo,26.29,10.63
2022-06-20,Colombo,26.64,11.01
2022-06-27,Colombo,27.32,7.24
2022-07-04,Colombo,26.71,2.51
2022-07-11,Colombo,27.06,2.94
2022-07-18,Colombo,26.68,5.21
2022-07-25,Colombo,26.35,6.74
2022-08-01,Colombo,26.04,19.13
2022-08-08,Colombo,26.63,1.96
2022-08-15,Colombo,26.71,3.49
2022-08-22,Colombo,26.16,11.74
2022-08-29,Colombo,25.66,19.69
2022-09-05,Colombo,26.31,7.03
2022-09-12,Colombo,26.33,2.61
2022-09-19,Colombo,26.69,2.77
2022-09-26,Colombo,26.55,7.11
2022-10-03,Colombo,26.32,8.14
2022-10-10,Colombo,25.56,16.06
2022-10-17,Colombo,25.49,20.56
2022-10-24,Colombo,25.74,7.03
2022-10-31,Colombo,25.46,24.36
2022-11-07,Colombo,25.43,13.53
2022-11-14,Colombo,25.47,3.14
2022-11-21,Colombo,25.7,0.44
2022-11-28,Colombo,25.74,10.23
2022-12-05,Colombo,25.56,4.27
2022-12-12,Colombo,25.76,2.56
2022-12-19,Colombo,25.48,9.74
2022-12-26,Colombo,25.65,1.9
2023-01-02,Colombo,26.14,3.61
2023-01-09,Colombo,25.55,0.19
2023-01-16,Colombo,25.65,2.4
2023-01-23,Colombo,25.74,4.5
2023-01-30,Colombo,25.56,4.21
2023-02-06,Colombo,25.93,0.93
2023-02-13,Colombo,26.29,1.53
2023-02-20,Colombo,26.07,3.27
2023-02-27,Colombo,26.91,5.39
2023-03-06,Colombo,26.83,6.89
2023-03-13,Colombo,26.41,4.89
2023-03-20,Colombo,26.61,3.21
2023-03-27,Colombo,27.26,1.16
2023-04-03,Colombo,27.06,2.31
2023-04-10,Colombo,27.75,2.07
2023-04-17,Colombo,28.41,1.53
2023-04-24,Colombo,27.49,13.71
2023-05-01,Colombo,26.63,18.67
2023-05-08,Colombo,27.44,8.53
2023-05-15,Colombo,27.89,3.24
2023-05-22,Colombo,27.87,2.36
2023-05-29,Colombo,27.39,5.36
2023-06-05,Colombo,27.15,9.64
2023-06-12,Colombo,27.39,12.41
2023-06-19,Colombo,26.92,12.03
2023-06-26,Colombo,26.36,20.87
2023-07-03,Colombo,26.47,12.3
2023-07-10,Colombo,27.03,5.99
2023-07-17,Colombo,27.42,3.84
2023-07-24,Colombo,26.76,7.79
2023-07-31,Colombo,27.19,3.67
2023-08-07,Colombo,26.99,3.86
2023-08-14,Colombo,27.23,2.67
2023-08-21,Colombo,27.29,2.71
2023-08-28,Colombo,26.46,20.86
2023-09-04,Colombo,26.14,22.29
2023-09-11,Colombo,26.44,15.36
2023-09-18,Colombo,26.49,10.23
2023-09-25,Colombo,26.24,24.29
2023-10-02,Colombo,26.19,21.27
2023-10-09,Colombo,26.07,14.87
2023-10-16,Colombo,25.64,23.89
2023-10-23,Colombo,25.93,12.8
2023-10-30,Colombo,25.93,17.34
2023-11-06,Colombo,25.96,19.43
2023-11-13,Colombo,26.07,14.6
2023-11-20,Colombo,26.19,17.31
2023-11-27,Colombo,26.09,11.23
2023-12-04,Colombo,26.06,15.57
2023-12-11,Colombo,26.31,18.17
2023-12-18,Colombo,26.97,8.61
2023-12-25,Colombo,26.94,9.56
2024-01-01,Colombo,26.47,9.76
2024-01-08,Colombo,26.49,5.03
2024-01-15,Colombo,25.74,3.03
2024-01-22,Colombo,27.03,0.14
2024-01-29,Colombo,26.96,2.91
2024-02-05,Colombo,26.94,0.5
2024-02-12,Colombo,28.87,2.76
2024-02-19,Colombo,27.94,0.47
2024-02-26,Colombo,29.3,0.86
2024-03-04,Colombo,27.65,0.37
2024-03-11,Colombo,28.06,0.33
2024-03-18,Colombo,28.24,5.31
2024-03-25,Colombo,28.31,5.14
2024-04-01,Colombo,28.72,2.69
2024-04-08,Colombo,28.56,9.77
2024-04-15,Colombo,28.18,6.46
2024-04-22,Colombo,28.37,3.79
2024-04-29,Colombo,28.95,4.09
2024-05-06,Colombo,28.58,14.53
2024-05-13,Colombo,27.37,22.71
2024-05-20,Colombo,27.38,33.86
2024-05-27,Colombo,27.26,31.27
2024-06-03,Colombo,27.19,6.56
2024-06-10,Colombo,27.46,7.0
2024-06-17,Colombo,27.14,13.44
2024-06-24,Colombo,26.99,13.71
2024-07-01,Colombo,26.91,9.8
2024-07-08,Colombo,27.13,8.84
2024-07-15,Colombo,27.3,10.33
2024-07-22,Colombo,27.59,5.87
2024-07-29,Colombo,26.81,13.34
2024-08-05,Colombo,27.01,7.56
2024-08-12,Colombo,26.53,21.16
2024-08-19,Colombo,26.6,8.4
2024-08-26,Colombo,26.89,11.44
2024-09-02,Colombo,27.25,14.71
2024-09-09,Colombo,26.76,10.19
2024-09-16,Colombo,27.18,6.2
2024-09-23,Colombo,27.16,7.47
2024-09-30,Colombo,27.21,3.81
2024-10-07,Colombo,25.97,30.09
2024-10-14,Colombo,26.64,9.64
2024-10-21,Colombo,26.16,12.97
2024-10-28,Colombo,26.29,8.14
2024-11-04,Colombo,26.11,8.39
2024-11-11,Colombo,26.7,5.47
2024-11-18,Colombo,26.36,13.04
2024-11-25,Colombo,26.01,19.8
2024-12-02,Colombo,27.24,2.47
2024-12-09,Colombo,26.96,6.09
2024-12-16,Colombo,26.45,5.14
2024-12-23,Colombo,26.94,2.36
2024-12-30,Colombo,26.59,6.81
2025-01-06,Colombo,26.95,5.01
2025-01-13,Colombo,25.94,16.56
2025-01-20,Colombo,25.96,8.91
2025-01-27,Colombo,26.1,5.01
2025-02-03,Colombo,27.13,0.11
2025-02-10,Colombo,27.95,0.27
2025-02-17,Colombo,27.96,0.77
2025-02-24,Colombo,28.17,13.27
2025-03-03,Colombo,26.91,1.16
2025-03-10,Colombo,27.38,5.01
2025-03-17,Colombo,27.57,2.14
2025-03-24,Colombo,28.38,1.61
2025-03-31,Colombo,27.91,7.66
2025-04-07,Colombo,26.8,7.89
2025-04-14,Colombo,28.35,1.96
2025-04-21,Colombo,27.87,3.91
2025-04-28,Colombo,27.87,6.64
2025-05-05,Colombo,28.09,4.44
2025-05-12,Colombo,27.87,7.84
2025-05-19,Colombo,27.49,14.63
2025-05-26,Colombo,27.89,10.27
2025-06-02,Colombo,27.81,4.1
2025-06-09,Colombo,26.7,21.24
2025-06-16,Colombo,27.16,8.37
2025-06-23,Colombo,26.91,8.93
2025-06-30,Colombo,27.56,3.47
2025-07-07,Colombo,28.06,4.29
2025-07-14,Colombo,27.03,15.73
2025-07-21,Colombo,26.29,13.64
2025-07-28,Colombo,26.79,4.74
2025-08-04,Colombo,26.8,3.37
2025-08-11,Colombo,26.4,6.01
2025-08-18,Colombo,27.04,1.84
2025-08-25,Colombo,27.1,9.11
2025-09-01,Colombo,27.04,4.01
2025-09-08,Colombo,27.63,3.47
2025-09-15,Colombo,26.53,13.93
2025-09-22,Colombo,26.19,13.77
2025-09-29,Colombo,27.28,2.93
2025-10-06,Colombo,27.59,1.11
2025-10-13,Colombo,26.66,17.17
2025-10-20,Colombo,26.18,15.59
2025-10-27,Colombo,27.76,0.87
2025-11-03,Colombo,27.16,6.59
2025-11-10,Colombo,26.96,6.16
2025-11-17,Colombo,26.43,12.66
2025-11-24,Colombo,24.95,53.79
2025-12-01,Colombo,26.42,5.46
2025-12-08,Colombo,26.46,5.87
2025-12-15,Colombo,26.51,4.63
2025-12-22,Colombo,27.26,0.49
2025-12-29,Colombo,27.77,1.4
2026-01-05,Colombo,26.27,3.89
2026-01-12,Colombo,26.31,3.2
2026-01-19,Colombo,26.88,0.36
2026-01-26,Colombo,28.16,2.64
2026-02-02,Colombo,27.64,5.11
2026-02-09,Colombo,27.73,1.96
2026-02-16,Colombo,27.03,9.19
2026-02-23,Colombo,27.21,1.13
2026-03-02,Colombo,27.64,0.57
2026-03-09,Colombo,27.44,5.63
2026-03-16,Colombo,27.88,2.89
2026-03-23,Colombo,29.1,0.7
2026-03-30,Colombo,28.86,2.21
2026-04-06,Colombo,29.14,4.41
2026-04-13,Colombo,28.21,3.36
2026-04-20,Colombo,28.99,4.7
2026-04-27,Colombo,29.09,4.43
2026-05-04,Colombo,28.41,4.4
2026-05-11,Colombo,27.11,18.24
2026-05-18,Colombo,27.54,18.87
2026-05-25,Colombo,27.83,11.3
2026-06-01,Colombo,28.19,8.54
2026-06-08,Colombo,27.61,13.46
2026-06-15,Colombo,27.14,13.27
2026-06-22,Colombo,27.1,15.91
2026-06-29,Colombo,27.58,9.66
2026-07-06,Colombo,28.16,3.03
2026-07-13,Colombo,28.18,3.4
2026-07-20,Colombo,28.51,2.94
2026-07-27,Colombo,28.68,6.4
2013-12-30,Galle,26.26,1.26
2014-01-06,Galle,26.19,2.71
2014-01-13,Galle,26.25,1.57
2014-01-20,Galle,26.36,0.23
2014-01-27,Galle,26.19,7.01
2014-02-03,Galle,25.87,0.14
2014-02-10,Galle,26.26,0.14
2014-02-17,Galle,27.44,3.61
2014-02-24,Galle,28.01,0.51
2014-03-03,Galle,28.22,3.54
2014-03-10,Galle,28.11,0.03
2014-03-17,Galle,28.08,3.93
2014-03-24,Galle,28.55,0.5
2014-03-31,Galle,27.55,7.99
2014-04-07,Galle,27.85,4.7
2014-04-14,Galle,27.51,4.7
2014-04-21,Galle,27.47,8.46
2014-04-28,Galle,26.93,14.69
2014-05-05,Galle,26.96,21.79
2014-05-12,Galle,28.19,1.99
2014-05-19,Galle,27.54,6.53
2014-05-26,Galle,27.01,8.83
2014-06-02,Galle,27.12,10.93
2014-06-09,Galle,27.54,5.66
2014-06-16,Galle,27.29,4.14
2014-06-23,Galle,27.13,4.54
2014-06-30,Galle,26.91,8.77
2014-07-07,Galle,26.79,7.91
2014-07-14,Galle,26.77,4.0
2014-07-21,Galle,26.71,5.86
2014-07-28,Galle,26.45,6.2
2014-08-04,Galle,26.42,5.83
2014-08-11,Galle,25.79,14.06
2014-08-18,Galle,26.01,11.71
2014-08-25,Galle,26.96,1.56
2014-09-01,Galle,25.94,11.41
2014-09-08,Galle,26.06,9.49
2014-09-15,Galle,26.52,6.91
2014-09-22,Galle,26.32,10.96
2014-09-29,Galle,26.44,15.44
2014-10-06,Galle,26.39,12.49
2014-10-13,Galle,26.06,28.56
2014-10-20,Galle,26.54,9.53
2014-10-27,Galle,26.0,11.77
2014-11-03,Galle,26.35,6.74
2014-11-10,Galle,26.57,23.34
2014-11-17,Galle,26.29,16.84
2014-11-24,Galle,25.85,10.79
2014-12-01,Galle,26.21,4.91
2014-12-08,Galle,26.45,8.84
2014-12-15,Galle,26.36,10.47
2014-12-22,Galle,24.94,31.8
2014-12-29,Galle,26.09,0.6
2015-01-05,Galle,25.76,5.91
2015-01-12,Galle,25.79,0.54
2015-01-19,Galle,25.93,2.66
2015-01-26,Galle,26.36,2.93
2015-02-02,Galle,26.51,4.67
2015-02-09,Galle,26.54,8.19
2015-02-16,Galle,25.76,0.56
2015-02-23,Galle,26.76,3.19
2015-03-02,Galle,27.25,2.16
2015-03-09,Galle,26.83,5.97
2015-03-16,Galle,27.19,1.1
2015-03-23,Galle,27.91,4.61
2015-03-30,Galle,27.79,6.46
2015-04-06,Galle,27.59,9.67
2015-04-13,Galle,27.49,4.99
2015-04-20,Galle,27.28,11.36
2015-04-27,Galle,27.5,6.41
2015-05-04,Galle,27.18,12.74
2015-05-11,Galle,27.37,5.69
2015-05-18,Galle,27.35,10.51
2015-05-25,Galle,27.73,5.86
2015-06-01,Galle,27.35,8.13
2015-06-08,Galle,27.49,3.17
2015-06-15,Galle,27.29,5.83
2015-06-22,Galle,27.43,6.0
2015-06-29,Galle,27.08,9.53
2015-07-06,Galle,27.29,5.37
2015-07-13,Galle,26.78,9.54
2015-07-20,Galle,26.49,8.5
2015-07-27,Galle,27.14,1.87
2015-08-03,Galle,26.54,9.53
2015-08-10,Galle,27.23,5.44
2015-08-17,Galle,26.93,6.61
2015-08-24,Galle,26.2,12.43
2015-08-31,Galle,26.56,9.11
2015-09-07,Galle,26.87,5.91
2015-09-14,Galle,26.59,13.43
2015-09-21,Galle,26.32,16.71
2015-09-28,Galle,26.31,14.39
2015-10-05,Galle,26.73,5.11
2015-10-12,Galle,26.85,17.71
2015-10-19,Galle,26.27,44.49
2015-10-26,Galle,26.14,12.83
2015-11-02,Galle,26.36,23.01
2015-11-09,Galle,25.96,22.67
2015-11-16,Galle,26.8,3.46
2015-11-23,Galle,26.99,4.16
2015-11-30,Galle,26.64,12.16
2015-12-07,Galle,26.8,16.06
2015-12-14,Galle,26.61,6.89
2015-12-21,Galle,26.56,1.86
2015-12-28,Galle,27.21,2.19
2016-01-04,Galle,27.16,3.61
2016-01-11,Galle,26.58,0.53
2016-01-18,Galle,27.36,2.2
2016-01-25,Galle,26.93,1.63
2016-02-01,Galle,27.01,0.23
2016-02-08,Galle,27.62,1.11
2016-02-15,Galle,27.59,3.91
2016-02-22,Galle,28.03,2.93
2016-02-29,Galle,28.56,1.37
2016-03-07,Galle,28.92,1.49
2016-03-14,Galle,28.67,0.83
2016-03-21,Galle,28.99,0.37
2016-03-28,Galle,28.34,6.87
2016-04-04,Galle,28.49,4.04
2016-04-11,Galle,28.7,3.66
2016-04-18,Galle,28.45,8.04
2016-04-25,Galle,28.53,5.06
2016-05-02,Galle,28.19,8.13
2016-05-09,Galle,27.13,46.27
2016-05-16,Galle,27.44,22.76
2016-05-23,Galle,27.35,14.14
2016-05-30,Galle,27.24,8.33
2016-06-06,Galle,27.13,9.41
2016-06-13,Galle,27.04,6.14
2016-06-20,Galle,26.91,6.77
2016-06-27,Galle,27.1,3.99
2016-07-04,Galle,27.44,3.61
2016-07-11,Galle,26.58,7.23
2016-07-18,Galle,26.69,4.27
2016-07-25,Galle,25.86,14.3
2016-08-01,Galle,27.41,0.97
2016-08-08,Galle,26.83,4.54
2016-08-15,Galle,26.81,4.01
2016-08-22,Galle,26.31,10.24
2016-08-29,Galle,26.04,9.24
2016-09-05,Galle,26.51,2.14
2016-09-12,Galle,26.54,6.24
2016-09-19,Galle,27.1,4.0
2016-09-26,Galle,26.69,4.6
2016-10-03,Galle,26.96,1.91
2016-10-10,Galle,26.88,4.69
2016-10-17,Galle,26.5,6.16
2016-10-24,Galle,26.18,7.71
2016-10-31,Galle,25.86,13.67
2016-11-07,Galle,26.5,6.39
2016-11-14,Galle,26.14,19.1
2016-11-21,Galle,26.52,10.56
2016-11-28,Galle,26.19,1.41
2016-12-05,Galle,26.46,3.51
2016-12-12,Galle,26.1,3.7
2016-12-19,Galle,26.08,1.49
2016-12-26,Galle,26.18,7.37
2017-01-02,Galle,25.59,0.66
2017-01-09,Galle,25.05,0.27
2017-01-16,Galle,26.23,2.71
2017-01-23,Galle,26.09,10.83
2017-01-30,Galle,25.18,2.96
2017-02-06,Galle,25.66,0.51
2017-02-13,Galle,26.37,6.46
2017-02-20,Galle,26.09,4.09
2017-02-27,Galle,26.31,4.64
2017-03-06,Galle,26.79,3.89
2017-03-13,Galle,26.76,3.66
2017-03-20,Galle,27.21,1.13
2017-03-27,Galle,27.01,3.14
2017-04-03,Galle,27.27,2.89
2017-04-10,Galle,27.53,16.61
2017-04-17,Galle,28.4,2.96
2017-04-24,Galle,27.92,3.94
2017-05-01,Galle,27.29,1.0
2017-05-08,Galle,27.58,6.56
2017-05-15,Galle,27.67,13.53
2017-05-22,Galle,27.04,19.69
2017-05-29,Galle,26.86,21.29
2017-06-05,Galle,27.14,6.6
2017-06-12,Galle,26.71,6.79
2017-06-19,Galle,26.69,15.97
2017-06-26,Galle,27.21,10.0
2017-07-03,Galle,27.34,8.51
2017-07-10,Galle,27.43,4.54
2017-07-17,Galle,26.96,8.79
2017-07-24,Galle,27.25,10.07
2017-07-31,Galle,26.83,12.41
2017-08-07,Galle,26.71,12.47
2017-08-14,Galle,26.73,13.34
2017-08-21,Galle,26.84,10.56
2017-08-28,Galle,26.56,11.49
2017-09-04,Galle,26.01,22.01
2017-09-11,Galle,26.68,11.6
2017-09-18,Galle,27.11,5.49
2017-09-25,Galle,26.81,9.93
2017-10-02,Galle,26.7,15.09
2017-10-09,Galle,26.14,17.56
2017-10-16,Galle,27.04,9.61
2017-10-23,Galle,26.74,3.69
2017-10-30,Galle,25.98,15.2
2017-11-06,Galle,26.41,14.81
2017-11-13,Galle,26.72,3.69
2017-11-20,Galle,25.76,9.31
2017-11-27,Galle,25.66,40.91
2017-12-04,Galle,25.91,0.4
2017-12-11,Galle,26.38,4.99
2017-12-18,Galle,25.84,2.19
2017-12-25,Galle,25.98,2.83
2018-01-01,Galle,25.41,0.61
2018-01-08,Galle,25.47,4.63
2018-01-15,Galle,25.15,0.89
2018-01-22,Galle,26.04,0.99
2018-01-29,Galle,26.59,5.0
2018-02-05,Galle,26.15,3.73
2018-02-12,Galle,26.34,2.66
2018-02-19,Galle,26.28,3.83
2018-02-26,Galle,26.87,15.09
2018-03-05,Galle,26.38,3.87
2018-03-12,Galle,26.74,6.91
2018-03-19,Galle,27.45,0.79
2018-03-26,Galle,27.14,3.33
2018-04-02,Galle,27.01,5.1
2018-04-09,Galle,27.04,11.14
2018-04-16,Galle,27.24,6.81
2018-04-23,Galle,27.14,5.97
2018-04-30,Galle,27.14,7.46
2018-05-07,Galle,26.53,15.24
2018-05-14,Galle,26.43,25.26
2018-05-21,Galle,26.5,26.94
2018-05-28,Galle,27.51,12.7
2018-06-04,Galle,26.82,16.57
2018-06-11,Galle,26.86,9.33
2018-06-18,Galle,26.66,6.51
2018-06-25,Galle,26.54,7.7
2018-07-02,Galle,26.74,5.73
2018-07-09,Galle,26.35,10.39
2018-07-16,Galle,26.81,5.44
2018-07-23,Galle,26.86,3.59
2018-07-30,Galle,26.44,6.74
2018-08-06,Galle,26.44,4.21
2018-08-13,Galle,26.0,9.99
2018-08-20,Galle,26.34,2.31
2018-08-27,Galle,26.62,3.71
2018-09-03,Galle,26.8,2.31
2018-09-10,Galle,27.01,0.56
2018-09-17,Galle,26.51,11.0
2018-09-24,Galle,26.11,10.03
2018-10-01,Galle,26.04,14.01
2018-10-08,Galle,25.54,12.5
2018-10-15,Galle,25.9,3.66
2018-10-22,Galle,25.84,8.43
2018-10-29,Galle,26.71,7.39
2018-11-05,Galle,25.98,27.51
2018-11-12,Galle,26.36,2.83
2018-11-19,Galle,25.89,13.21
2018-11-26,Galle,25.94,7.0
2018-12-03,Galle,26.3,8.7
2018-12-10,Galle,26.04,0.17
2018-12-17,Galle,26.19,0.96
2018-12-24,Galle,25.96,6.31
2018-12-31,Galle,25.57,1.37
2019-01-07,Galle,25.81,4.34
2019-01-14,Galle,25.45,5.33
2019-01-21,Galle,25.79,0.81
2019-01-28,Galle,26.14,1.77
2019-02-04,Galle,26.3,12.36
2019-02-11,Galle,26.68,7.71
2019-02-18,Galle,27.06,1.31
2019-02-25,Galle,26.64,7.19
2019-03-04,Galle,26.61,3.31
2019-03-11,Galle,27.35,3.33
2019-03-18,Galle,27.61,5.01
2019-03-25,Galle,27.08,0.67
2019-04-01,Galle,27.38,0.21
2019-04-08,Galle,28.14,2.64
2019-04-15,Galle,27.51,7.96
2019-04-22,Galle,27.76,4.46
2019-04-29,Galle,27.42,13.01
2019-05-06,Galle,28.34,1.63
2019-05-13,Galle,27.45,5.53
2019-05-20,Galle,27.16,12.53
2019-05-27,Galle,27.6,7.5
2019-06-03,Galle,27.06,19.93
2019-06-10,Galle,27.71,8.16
2019-06-17,Galle,27.61,7.46
2019-06-24,Galle,28.02,5.37
2019-07-01,Galle,27.86,4.51
2019-07-08,Galle,26.99,5.74
2019-07-15,Galle,26.87,15.06
2019-07-22,Galle,26.95,5.06
2019-07-29,Galle,27.43,3.29
2019-08-05,Galle,26.76,15.09
2019-08-12,Galle,26.54,15.31
2019-08-19,Galle,26.21,20.09
2019-08-26,Galle,26.13,16.57
2019-09-02,Galle,26.92,4.6
2019-09-09,Galle,26.43,11.47
2019-09-16,Galle,25.89,18.31
2019-09-23,Galle,25.91,19.87
2019-09-30,Galle,25.83,7.96
2019-10-07,Galle,25.86,8.34
2019-10-14,Galle,25.94,32.43
2019-10-21,Galle,26.1,13.56
2019-10-28,Galle,25.59,14.7
2019-11-04,Galle,26.19,5.94
2019-11-11,Galle,26.65,4.97
2019-11-18,Galle,26.58,10.17
2019-11-25,Galle,26.36,13.91
2019-12-02,Galle,26.35,12.71
2019-12-09,Galle,26.22,4.91
2019-12-16,Galle,26.54,10.36
2019-12-23,Galle,26.26,5.91
2019-12-30,Galle,26.95,2.09
2020-01-06,Galle,26.49,1.3
2020-01-13,Galle,26.58,0.89
2020-01-20,Galle,27.32,2.0
2020-01-27,Galle,26.44,0.81
2020-02-03,Galle,27.1,0.59
2020-02-10,Galle,27.56,5.0
2020-02-17,Galle,27.21,2.59
2020-02-24,Galle,27.86,1.33
2020-03-02,Galle,27.75,1.1
2020-03-09,Galle,28.89,0.64
2020-03-16,Galle,28.44,3.99
2020-03-23,Galle,28.46,0.57
2020-03-30,Galle,27.84,3.06
2020-04-06,Galle,27.73,5.3
2020-04-13,Galle,27.64,9.41
2020-04-20,Galle,27.69,9.47
2020-04-27,Galle,27.94,3.56
2020-05-04,Galle,27.45,9.79
2020-05-11,Galle,27.55,15.13
2020-05-18,Galle,27.67,12.77
2020-05-25,Galle,27.28,10.91
2020-06-01,Galle,27.51,6.96
2020-06-08,Galle,27.39,9.57
2020-06-15,Galle,27.75,4.94
2020-06-22,Galle,27.18,8.31
2020-06-29,Galle,27.26,7.61
2020-07-06,Galle,26.84,10.39
2020-07-13,Galle,27.21,9.19
2020-07-20,Galle,26.22,12.61
2020-07-27,Galle,26.66,10.29
2020-08-03,Galle,26.45,13.31
2020-08-10,Galle,26.99,3.14
2020-08-17,Galle,27.2,3.54
2020-08-24,Galle,27.39,2.26
2020-08-31,Galle,26.35,13.87
2020-09-07,Galle,26.44,8.04
2020-09-14,Galle,26.29,15.26
2020-09-21,Galle,26.43,8.59
2020-09-28,Galle,26.84,7.54
2020-10-05,Galle,27.03,4.03
2020-10-12,Galle,26.82,8.09
2020-10-19,Galle,26.77,4.11
2020-10-26,Galle,26.76,1.84
2020-11-02,Galle,26.84,22.03
2020-11-09,Galle,26.44,40.6
2020-11-16,Galle,26.1,11.23
2020-11-23,Galle,26.43,1.56
2020-11-30,Galle,26.46,4.07
2020-12-07,Galle,26.24,3.84
2020-12-14,Galle,25.89,3.53
2020-12-21,Galle,26.01,7.03
2020-12-28,Galle,25.98,15.93
2021-01-04,Galle,25.66,8.01
2021-01-11,Galle,25.64,20.71
2021-01-18,Galle,26.03,3.31
2021-01-25,Galle,25.51,5.14
2021-02-01,Galle,25.86,7.66
2021-02-08,Galle,25.68,0.91
2021-02-15,Galle,26.56,1.56
2021-02-22,Galle,26.29,2.24
2021-03-01,Galle,26.89,1.39
2021-03-08,Galle,27.04,5.61
2021-03-15,Galle,26.43,5.56
2021-03-22,Galle,26.81,10.36
2021-03-29,Galle,27.61,1.94
2021-04-05,Galle,27.14,1.47
2021-04-12,Galle,26.88,4.33
2021-04-19,Galle,27.22,2.79
2021-04-26,Galle,27.47,4.57
2021-05-03,Galle,27.0,7.83
2021-05-10,Galle,27.34,10.73
2021-05-17,Galle,27.76,7.1
2021-05-24,Galle,27.41,17.94
2021-05-31,Galle,27.14,8.09
2021-06-07,Galle,27.04,12.67
2021-06-14,Galle,27.56,2.5
2021-06-21,Galle,26.64,8.64
2021-06-28,Galle,26.65,10.2
2021-07-05,Galle,26.6,19.84
2021-07-12,Galle,27.24,4.36
2021-07-19,Galle,26.86,11.66
2021-07-26,Galle,26.85,8.51
2021-08-02,Galle,26.51,11.39
2021-08-09,Galle,26.54,9.94
2021-08-16,Galle,26.46,4.49
2021-08-23,Galle,26.19,13.57
2021-08-30,Galle,26.36,7.31
2021-09-06,Galle,26.81,7.34
2021-09-13,Galle,26.62,10.16
2021-09-20,Galle,26.76,13.84
2021-09-27,Galle,26.34,7.57
2021-10-04,Galle,26.99,10.77
2021-10-11,Galle,27.29,9.17
2021-10-18,Galle,26.78,2.41
2021-10-25,Galle,25.63,12.53
2021-11-01,Galle,25.69,20.77
2021-11-08,Galle,26.09,11.14
2021-11-15,Galle,26.3,11.63
2021-11-22,Galle,25.94,13.13
2021-11-29,Galle,25.65,8.91
2021-12-06,Galle,26.49,6.24
2021-12-13,Galle,25.67,6.31
2021-12-20,Galle,25.87,1.29
2021-12-27,Galle,25.76,2.94
2022-01-03,Galle,25.44,6.47
2022-01-10,Galle,26.16,2.61
2022-01-17,Galle,25.18,1.27
2022-01-24,Galle,25.67,1.09
2022-01-31,Galle,26.21,1.23
2022-02-07,Galle,26.24,7.83
2022-02-14,Galle,26.5,2.11
2022-02-21,Galle,26.59,4.76
2022-02-28,Galle,26.76,2.13
2022-03-07,Galle,26.48,7.27
2022-03-14,Galle,26.75,3.7
2022-03-21,Galle,27.47,1.11
2022-03-28,Galle,26.94,2.37
2022-04-04,Galle,26.31,10.84
2022-04-11,Galle,27.05,5.87
2022-04-18,Galle,27.19,4.49
2022-04-25,Galle,27.45,4.51
2022-05-02,Galle,27.81,4.54
2022-05-09,Galle,26.51,30.67
2022-05-16,Galle,27.31,11.37
2022-05-23,Galle,26.42,14.16
2022-05-30,Galle,26.24,21.29
2022-06-06,Galle,26.74,7.56
2022-06-13,Galle,26.15,10.19
2022-06-20,Galle,26.45,7.91
2022-06-27,Galle,26.94,8.31
2022-07-04,Galle,26.81,4.01
2022-07-11,Galle,27.06,4.03
2022-07-18,Galle,26.46,5.57
2022-07-25,Galle,26.26,8.24
2022-08-01,Galle,25.8,16.39
2022-08-08,Galle,26.71,3.09
2022-08-15,Galle,26.81,3.36
2022-08-22,Galle,25.94,13.3
2022-08-29,Galle,25.53,11.33
2022-09-05,Galle,26.14,9.16
2022-09-12,Galle,26.33,2.86
2022-09-19,Galle,26.7,3.57
2022-09-26,Galle,26.6,8.0
2022-10-03,Galle,26.13,8.24
2022-10-10,Galle,25.56,16.96
2022-10-17,Galle,25.51,13.14
2022-10-24,Galle,25.97,7.17
2022-10-31,Galle,25.77,16.3
2022-11-07,Galle,25.49,7.87
2022-11-14,Galle,25.89,6.39
2022-11-21,Galle,26.2,1.34
2022-11-28,Galle,25.91,9.49
2022-12-05,Galle,25.58,7.5
2022-12-12,Galle,25.73,5.66
2022-12-19,Galle,25.7,4.17
2022-12-26,Galle,25.21,3.99
2023-01-02,Galle,25.12,4.83
2023-01-09,Galle,25.04,0.74
2023-01-16,Galle,25.11,8.0
2023-01-23,Galle,25.16,4.0
2023-01-30,Galle,25.58,11.31
2023-02-06,Galle,25.91,3.14
2023-02-13,Galle,26.28,3.63
2023-02-20,Galle,25.77,2.93
2023-02-27,Galle,26.1,5.24
2023-03-06,Galle,26.34,7.36
2023-03-13,Galle,26.81,4.67
2023-03-20,Galle,26.39,3.91
2023-03-27,Galle,26.89,2.17
2023-04-03,Galle,26.76,3.49
2023-04-10,Galle,27.39,3.64
2023-04-17,Galle,27.69,1.7
2023-04-24,Galle,26.9,8.91
2023-05-01,Galle,26.49,12.61
2023-05-08,Galle,27.22,10.36
2023-05-15,Galle,27.78,3.56
2023-05-22,Galle,27.83,3.01
2023-05-29,Galle,27.16,5.73
2023-06-05,Galle,27.01,10.1
2023-06-12,Galle,27.5,7.07
2023-06-19,Galle,26.81,11.76
2023-06-26,Galle,26.38,12.49
2023-07-03,Galle,26.26,15.46
2023-07-10,Galle,26.86,5.29
2023-07-17,Galle,27.03,6.97
2023-07-24,Galle,26.79,4.7
2023-07-31,Galle,27.31,5.17
2023-08-07,Galle,26.87,6.03
2023-08-14,Galle,27.04,3.17
2023-08-21,Galle,27.3,2.34
2023-08-28,Galle,26.11,25.66
2023-09-04,Galle,26.25,22.06
2023-09-11,Galle,26.33,19.39
2023-09-18,Galle,26.19,13.09
2023-09-25,Galle,26.14,24.01
2023-10-02,Galle,25.96,20.59
2023-10-09,Galle,25.84,9.26
2023-10-16,Galle,25.44,18.06
2023-10-23,Galle,25.94,11.29
2023-10-30,Galle,25.72,14.54
2023-11-06,Galle,25.74,16.39
2023-11-13,Galle,26.06,18.76
2023-11-20,Galle,26.41,17.24
2023-11-27,Galle,26.14,12.11
2023-12-04,Galle,25.83,19.96
2023-12-11,Galle,25.99,14.41
2023-12-18,Galle,26.67,8.16
2023-12-25,Galle,26.63,6.8
2024-01-01,Galle,26.22,17.13
2024-01-08,Galle,25.83,9.89
2024-01-15,Galle,25.98,1.87
2024-01-22,Galle,26.56,1.14
2024-01-29,Galle,26.99,4.74
2024-02-05,Galle,27.1,0.9
2024-02-12,Galle,27.81,4.89
2024-02-19,Galle,28.26,1.8
2024-02-26,Galle,28.3,1.96
2024-03-04,Galle,27.49,1.33
2024-03-11,Galle,28.11,1.83
2024-03-18,Galle,28.24,5.93
2024-03-25,Galle,27.95,6.46
2024-04-01,Galle,27.79,5.36
2024-04-08,Galle,28.23,11.01
2024-04-15,Galle,27.9,4.61
2024-04-22,Galle,28.15,6.91
2024-04-29,Galle,28.25,5.36
2024-05-06,Galle,27.76,11.21
2024-05-13,Galle,27.16,18.33
2024-05-20,Galle,27.14,34.84
2024-05-27,Galle,27.01,33.51
2024-06-03,Galle,27.11,7.17
2024-06-10,Galle,27.59,5.67
2024-06-17,Galle,27.06,15.0
2024-06-24,Galle,26.94,10.21
2024-07-01,Galle,26.91,9.33
2024-07-08,Galle,27.24,5.97
2024-07-15,Galle,27.32,4.26
2024-07-22,Galle,27.61,8.54
2024-07-29,Galle,26.7,12.2
2024-08-05,Galle,27.16,4.97
2024-08-12,Galle,26.28,18.04
2024-08-19,Galle,26.53,14.93
2024-08-26,Galle,26.87,15.24
2024-09-02,Galle,27.06,14.11
2024-09-09,Galle,26.73,9.21
2024-09-16,Galle,26.61,8.96
2024-09-23,Galle,26.84,7.76
2024-09-30,Galle,27.29,3.19
2024-10-07,Galle,26.01,21.76
2024-10-14,Galle,26.54,7.77
2024-10-21,Galle,26.06,8.3
2024-10-28,Galle,26.09,5.23
2024-11-04,Galle,26.02,11.36
2024-11-11,Galle,26.74,8.46
2024-11-18,Galle,26.1,25.43
2024-11-25,Galle,26.13,8.44
2024-12-02,Galle,26.87,4.53
2024-12-09,Galle,26.34,4.26
2024-12-16,Galle,26.62,8.9
2024-12-23,Galle,26.42,2.11
2024-12-30,Galle,25.35,14.91
2025-01-06,Galle,26.0,8.44
2025-01-13,Galle,25.67,18.13
2025-01-20,Galle,25.5,7.87
2025-01-27,Galle,25.71,7.43
2025-02-03,Galle,26.11,1.47
2025-02-10,Galle,26.99,1.01
2025-02-17,Galle,27.02,1.96
2025-02-24,Galle,27.01,14.91
2025-03-03,Galle,26.46,1.61
2025-03-10,Galle,26.61,7.11
2025-03-17,Galle,27.45,8.44
2025-03-24,Galle,27.41,3.99
2025-03-31,Galle,26.91,13.44
2025-04-07,Galle,26.41,10.8
2025-04-14,Galle,27.56,2.76
2025-04-21,Galle,27.84,2.53
2025-04-28,Galle,27.12,9.26
2025-05-05,Galle,27.67,4.13
2025-05-12,Galle,27.66,5.16
2025-05-19,Galle,27.44,11.27
2025-05-26,Galle,27.36,10.29
2025-06-02,Galle,27.83,4.14
2025-06-09,Galle,26.55,21.63
2025-06-16,Galle,27.01,7.03
2025-06-23,Galle,26.97,6.76
2025-06-30,Galle,27.48,5.61
2025-07-07,Galle,27.64,4.37
2025-07-14,Galle,26.24,18.09
2025-07-21,Galle,26.22,13.47
2025-07-28,Galle,26.86,5.29
2025-08-04,Galle,26.8,4.71
2025-08-11,Galle,26.34,7.57
2025-08-18,Galle,27.04,2.41
2025-08-25,Galle,26.84,7.73
2025-09-01,Galle,27.21,5.23
2025-09-08,Galle,27.6,3.33
2025-09-15,Galle,26.69,9.01
2025-09-22,Galle,26.4,15.33
2025-09-29,Galle,27.03,5.29
2025-10-06,Galle,27.07,2.66
2025-10-13,Galle,26.26,16.66
2025-10-20,Galle,26.31,11.41
2025-10-27,Galle,27.71,0.66
2025-11-03,Galle,27.4,2.09
2025-11-10,Galle,26.99,9.69
2025-11-17,Galle,26.19,16.64
2025-11-24,Galle,25.05,34.86
2025-12-01,Galle,26.39,6.04
2025-12-08,Galle,26.14,7.54
2025-12-15,Galle,25.81,8.7
2025-12-22,Galle,25.82,3.04
2025-12-29,Galle,26.2,0.83
2026-01-05,Galle,26.18,3.3
2026-01-12,Galle,25.7,2.29
2026-01-19,Galle,25.74,0.54
2026-01-26,Galle,26.22,5.84
2026-02-02,Galle,26.14,13.46
2026-02-09,Galle,26.02,9.26
2026-02-16,Galle,26.09,14.71
2026-02-23,Galle,26.49,2.16
2026-03-02,Galle,26.46,0.91
2026-03-09,Galle,27.94,1.64
2026-03-16,Galle,27.49,5.09
2026-03-23,Galle,28.01,2.49
2026-03-30,Galle,27.63,4.76
2026-04-06,Galle,28.5,3.79
2026-04-13,Galle,27.46,5.2
2026-04-20,Galle,27.78,11.36
2026-04-27,Galle,27.66,11.07
2026-05-04,Galle,27.34,10.16
2026-05-11,Galle,27.41,14.64
2026-05-18,Galle,27.86,7.07
2026-05-25,Galle,27.44,11.84
2026-06-01,Galle,27.71,8.96
2026-06-08,Galle,27.89,5.99
2026-06-15,Galle,27.18,6.79
2026-06-22,Galle,27.14,7.81
2026-06-29,Galle,27.91,4.39
2026-07-06,Galle,28.22,2.57
2026-07-13,Galle,27.8,3.33
2026-07-20,Galle,28.01,3.37
2026-07-27,Galle,27.68,11.97
2013-12-30,Gampaha,26.23,0.0
2014-01-06,Gampaha,26.41,3.81
2014-01-13,Gampaha,26.51,1.69
2014-01-20,Gampaha,27.13,0.0
2014-01-27,Gampaha,27.41,1.8
2014-02-03,Gampaha,27.23,0.0
2014-02-10,Gampaha,27.94,0.03
2014-02-17,Gampaha,29.31,1.04
2014-02-24,Gampaha,29.66,0.64
2014-03-03,Gampaha,29.44,2.56
2014-03-10,Gampaha,29.96,0.17
2014-03-17,Gampaha,29.01,6.5
2014-03-24,Gampaha,29.66,0.29
2014-03-31,Gampaha,28.71,11.54
2014-04-07,Gampaha,27.83,2.34
2014-04-14,Gampaha,27.82,2.37
2014-04-21,Gampaha,27.79,14.5
2014-04-28,Gampaha,27.29,11.91
2014-05-05,Gampaha,27.21,13.66
2014-05-12,Gampaha,27.98,2.24
2014-05-19,Gampaha,27.76,4.41
2014-05-26,Gampaha,27.51,5.96
2014-06-02,Gampaha,27.33,7.2
2014-06-09,Gampaha,27.51,8.27
2014-06-16,Gampaha,27.28,3.74
2014-06-23,Gampaha,27.24,3.69
2014-06-30,Gampaha,27.0,6.3
2014-07-07,Gampaha,26.91,5.09
2014-07-14,Gampaha,26.94,2.84
2014-07-21,Gampaha,26.88,6.13
2014-07-28,Gampaha,26.61,8.2
2014-08-04,Gampaha,26.62,7.2
2014-08-11,Gampaha,26.26,12.36
2014-08-18,Gampaha,26.29,9.26
2014-08-25,Gampaha,26.91,1.77
2014-09-01,Gampaha,26.27,11.43
2014-09-08,Gampaha,26.41,7.49
2014-09-15,Gampaha,26.86,4.89
2014-09-22,Gampaha,26.71,7.3
2014-09-29,Gampaha,26.59,13.1
2014-10-06,Gampaha,26.72,11.04
2014-10-13,Gampaha,26.49,25.8
2014-10-20,Gampaha,26.6,14.03
2014-10-27,Gampaha,26.08,10.56
2014-11-03,Gampaha,25.99,8.79
2014-11-10,Gampaha,26.6,7.44
2014-11-17,Gampaha,26.34,16.8
2014-11-24,Gampaha,25.3,8.84
2014-12-01,Gampaha,26.22,3.14
2014-12-08,Gampaha,26.47,11.79
2014-12-15,Gampaha,25.94,21.13
2014-12-22,Gampaha,24.08,30.56
2014-12-29,Gampaha,25.76,0.93
2015-01-05,Gampaha,26.11,0.13
2015-01-12,Gampaha,26.59,0.46
2015-01-19,Gampaha,27.6,0.01
2015-01-26,Gampaha,27.97,2.39
2015-02-02,Gampaha,27.94,1.33
2015-02-09,Gampaha,27.82,4.4
2015-02-16,Gampaha,27.24,0.0
2015-02-23,Gampaha,27.59,4.64
2015-03-02,Gampaha,27.88,1.37
2015-03-09,Gampaha,27.91,9.04
2015-03-16,Gampaha,27.98,0.44
2015-03-23,Gampaha,28.84,8.47
2015-03-30,Gampaha,27.83,11.0
2015-04-06,Gampaha,27.67,7.17
2015-04-13,Gampaha,27.51,4.64
2015-04-20,Gampaha,27.32,13.64
2015-04-27,Gampaha,27.8,4.7
2015-05-04,Gampaha,27.44,11.53
2015-05-11,Gampaha,27.35,7.34
2015-05-18,Gampaha,27.52,7.8
2015-05-25,Gampaha,27.86,6.07
2015-06-01,Gampaha,27.26,7.7
2015-06-08,Gampaha,27.4,3.94
2015-06-15,Gampaha,27.2,8.49
2015-06-22,Gampaha,27.36,9.99
2015-06-29,Gampaha,27.06,8.23
2015-07-06,Gampaha,27.07,8.81
2015-07-13,Gampaha,26.94,6.19
2015-07-20,Gampaha,26.58,8.96
2015-07-27,Gampaha,26.97,1.84
2015-08-03,Gampaha,26.96,5.7
2015-08-10,Gampaha,27.16,4.47
2015-08-17,Gampaha,27.31,4.56
2015-08-24,Gampaha,26.61,5.86
2015-08-31,Gampaha,27.04,4.64
2015-09-07,Gampaha,26.72,7.56
2015-09-14,Gampaha,26.86,11.66
2015-09-21,Gampaha,26.7,11.97
2015-09-28,Gampaha,26.3,10.94
2015-10-05,Gampaha,26.86,6.09
2015-10-12,Gampaha,27.09,37.29
2015-10-19,Gampaha,26.75,34.84
2015-10-26,Gampaha,26.0,16.24
2015-11-02,Gampaha,26.62,12.11
2015-11-09,Gampaha,25.76,16.7
2015-11-16,Gampaha,26.65,9.37
2015-11-23,Gampaha,26.81,5.4
2015-11-30,Gampaha,26.26,12.17
2015-12-07,Gampaha,26.84,15.89
2015-12-14,Gampaha,26.59,11.57
2015-12-21,Gampaha,26.87,0.1
2015-12-28,Gampaha,27.44,2.4
2016-01-04,Gampaha,27.71,0.9
2016-01-11,Gampaha,27.24,0.0
2016-01-18,Gampaha,28.51,0.94
2016-01-25,Gampaha,28.12,0.4
2016-02-01,Gampaha,28.49,0.0
2016-02-08,Gampaha,29.65,0.2
2016-02-15,Gampaha,28.72,3.83
2016-02-22,Gampaha,29.51,0.93
2016-02-29,Gampaha,30.28,1.91
2016-03-07,Gampaha,29.34,1.36
2016-03-14,Gampaha,29.94,0.59
2016-03-21,Gampaha,30.44,0.57
2016-03-28,Gampaha,29.38,2.66
2016-04-04,Gampaha,29.6,3.34
2016-04-11,Gampaha,29.76,2.31
2016-04-18,Gampaha,29.39,3.16
2016-04-25,Gampaha,29.66,7.36
2016-05-02,Gampaha,28.53,5.1
2016-05-09,Gampaha,27.21,55.2
2016-05-16,Gampaha,27.23,31.36
2016-05-23,Gampaha,27.34,12.21
2016-05-30,Gampaha,27.2,9.86
2016-06-06,Gampaha,27.3,11.51
2016-06-13,Gampaha,27.21,7.0
2016-06-20,Gampaha,27.26,6.49
2016-06-27,Gampaha,27.24,3.27
2016-07-04,Gampaha,27.22,4.84
2016-07-11,Gampaha,26.71,4.51
2016-07-18,Gampaha,26.59,4.16
2016-07-25,Gampaha,26.39,10.76
2016-08-01,Gampaha,27.12,1.5
2016-08-08,Gampaha,27.01,2.59
2016-08-15,Gampaha,26.75,3.14
2016-08-22,Gampaha,26.53,7.29
2016-08-29,Gampaha,26.26,7.91
2016-09-05,Gampaha,26.57,1.47
2016-09-12,Gampaha,26.67,5.81
2016-09-19,Gampaha,26.76,2.8
2016-09-26,Gampaha,26.74,3.34
2016-10-03,Gampaha,26.86,1.27
2016-10-10,Gampaha,27.02,4.14
2016-10-17,Gampaha,26.71,4.4
2016-10-24,Gampaha,26.45,6.6
2016-10-31,Gampaha,26.33,13.23
2016-11-07,Gampaha,26.79,5.54
2016-11-14,Gampaha,26.58,22.44
2016-11-21,Gampaha,26.96,6.67
2016-11-28,Gampaha,25.44,0.24
2016-12-05,Gampaha,26.54,1.79
2016-12-12,Gampaha,26.71,0.41
2016-12-19,Gampaha,25.89,0.94
2016-12-26,Gampaha,27.36,2.93
2017-01-02,Gampaha,26.76,0.21
2017-01-09,Gampaha,26.46,0.0
2017-01-16,Gampaha,27.95,3.06
2017-01-23,Gampaha,26.59,13.21
2017-01-30,Gampaha,26.25,3.39
2017-02-06,Gampaha,25.96,0.09
2017-02-13,Gampaha,28.74,5.91
2017-02-20,Gampaha,26.63,1.3
2017-02-27,Gampaha,27.64,4.64
2017-03-06,Gampaha,27.36,5.77
2017-03-13,Gampaha,27.06,7.13
2017-03-20,Gampaha,27.14,1.3
2017-03-27,Gampaha,27.41,6.86
2017-04-03,Gampaha,27.59,8.17
2017-04-10,Gampaha,27.72,11.9
2017-04-17,Gampaha,28.24,3.04
2017-04-24,Gampaha,28.33,3.19
2017-05-01,Gampaha,28.0,4.9
2017-05-08,Gampaha,27.87,4.9
2017-05-15,Gampaha,27.74,11.14
2017-05-22,Gampaha,26.88,16.23
2017-05-29,Gampaha,26.94,16.91
2017-06-05,Gampaha,27.31,6.11
2017-06-12,Gampaha,26.98,7.53
2017-06-19,Gampaha,26.26,19.43
2017-06-26,Gampaha,26.81,9.31
2017-07-03,Gampaha,27.04,11.64
2017-07-10,Gampaha,27.26,4.76
2017-07-17,Gampaha,27.09,5.83
2017-07-24,Gampaha,27.21,9.83
2017-07-31,Gampaha,26.8,14.84
2017-08-07,Gampaha,26.66,10.97
2017-08-14,Gampaha,26.59,8.13
2017-08-21,Gampaha,26.89,7.81
2017-08-28,Gampaha,26.59,13.66
2017-09-04,Gampaha,25.86,16.96
2017-09-11,Gampaha,26.62,7.94
2017-09-18,Gampaha,26.91,4.29
2017-09-25,Gampaha,26.62,10.04
2017-10-02,Gampaha,26.63,13.13
2017-10-09,Gampaha,25.89,16.47
2017-10-16,Gampaha,26.83,8.07
2017-10-23,Gampaha,26.78,5.43
2017-10-30,Gampaha,26.01,17.9
2017-11-06,Gampaha,26.06,14.54
2017-11-13,Gampaha,26.4,2.67
2017-11-20,Gampaha,25.87,15.34
2017-11-27,Gampaha,25.35,31.46
2017-12-04,Gampaha,26.01,0.89
2017-12-11,Gampaha,26.63,4.31
2017-12-18,Gampaha,26.66,2.74
2017-12-25,Gampaha,27.16,0.7
2018-01-01,Gampaha,26.4,0.2
2018-01-08,Gampaha,26.96,4.87
2018-01-15,Gampaha,26.96,0.07
2018-01-22,Gampaha,27.54,0.03
2018-01-29,Gampaha,28.31,2.03
2018-02-05,Gampaha,27.66,3.74
2018-02-12,Gampaha,28.51,0.8
2018-02-19,Gampaha,28.27,3.29
2018-02-26,Gampaha,27.51,10.01
2018-03-05,Gampaha,27.31,4.5
2018-03-12,Gampaha,27.48,5.64
2018-03-19,Gampaha,27.56,1.5
2018-03-26,Gampaha,27.61,6.2
2018-04-02,Gampaha,27.49,3.99
2018-04-09,Gampaha,27.39,16.69
2018-04-16,Gampaha,27.61,4.8
2018-04-23,Gampaha,27.55,6.53
2018-04-30,Gampaha,27.44,7.41
2018-05-07,Gampaha,27.04,15.44
2018-05-14,Gampaha,26.27,17.99
2018-05-21,Gampaha,26.19,23.11
2018-05-28,Gampaha,27.44,11.61
2018-06-04,Gampaha,26.98,15.29
2018-06-11,Gampaha,26.79,12.69
2018-06-18,Gampaha,26.74,9.11
2018-06-25,Gampaha,26.49,11.61
2018-07-02,Gampaha,26.89,4.87
2018-07-09,Gampaha,26.33,7.19
2018-07-16,Gampaha,27.01,1.79
2018-07-23,Gampaha,26.69,3.37
2018-07-30,Gampaha,26.53,8.77
2018-08-06,Gampaha,26.41,4.97
2018-08-13,Gampaha,26.41,5.63
2018-08-20,Gampaha,26.35,0.9
2018-08-27,Gampaha,26.5,2.71
2018-09-03,Gampaha,26.82,0.53
2018-09-10,Gampaha,27.39,0.36
2018-09-17,Gampaha,27.21,9.36
2018-09-24,Gampaha,26.48,18.13
2018-10-01,Gampaha,26.33,19.09
2018-10-08,Gampaha,25.94,11.64
2018-10-15,Gampaha,26.09,8.51
2018-10-22,Gampaha,25.98,12.34
2018-10-29,Gampaha,26.61,10.74
2018-11-05,Gampaha,25.9,16.07
2018-11-12,Gampaha,26.08,3.53
2018-11-19,Gampaha,26.02,14.59
2018-11-26,Gampaha,26.78,8.54
2018-12-03,Gampaha,26.75,3.41
2018-12-10,Gampaha,25.92,0.19
2018-12-17,Gampaha,26.16,3.27
2018-12-24,Gampaha,26.2,5.57
2018-12-31,Gampaha,26.94,0.0
2019-01-07,Gampaha,27.99,1.66
2019-01-14,Gampaha,27.25,0.49
2019-01-21,Gampaha,27.91,0.63
2019-01-28,Gampaha,29.09,1.16
2019-02-04,Gampaha,27.04,22.69
2019-02-11,Gampaha,27.53,3.91
2019-02-18,Gampaha,27.79,0.51
2019-02-25,Gampaha,27.96,1.63
2019-03-04,Gampaha,27.69,2.47
2019-03-11,Gampaha,28.33,1.54
2019-03-18,Gampaha,28.22,5.6
2019-03-25,Gampaha,28.64,0.21
2019-04-01,Gampaha,29.44,0.31
2019-04-08,Gampaha,29.45,2.37
2019-04-15,Gampaha,28.11,12.89
2019-04-22,Gampaha,28.06,2.99
2019-04-29,Gampaha,27.56,8.37
2019-05-06,Gampaha,28.44,1.56
2019-05-13,Gampaha,27.79,3.66
2019-05-20,Gampaha,27.66,5.34
2019-05-27,Gampaha,28.05,4.24
2019-06-03,Gampaha,27.16,17.23
2019-06-10,Gampaha,27.75,9.54
2019-06-17,Gampaha,27.76,9.83
2019-06-24,Gampaha,27.99,3.77
2019-07-01,Gampaha,27.96,2.5
2019-07-08,Gampaha,27.21,5.61
2019-07-15,Gampaha,27.19,9.6
2019-07-22,Gampaha,26.97,7.16
2019-07-29,Gampaha,27.16,3.44
2019-08-05,Gampaha,26.59,15.89
2019-08-12,Gampaha,26.63,23.64
2019-08-19,Gampaha,26.26,14.99
2019-08-26,Gampaha,26.39,11.26
2019-09-02,Gampaha,26.86,5.54
2019-09-09,Gampaha,26.4,12.57
2019-09-16,Gampaha,26.51,11.84
2019-09-23,Gampaha,25.93,18.69
2019-09-30,Gampaha,26.23,14.06
2019-10-07,Gampaha,26.25,25.29
2019-10-14,Gampaha,26.48,22.84
2019-10-21,Gampaha,25.66,15.1
2019-10-28,Gampaha,25.94,18.6
2019-11-04,Gampaha,26.56,7.91
2019-11-11,Gampaha,26.54,10.27
2019-11-18,Gampaha,26.36,12.16
2019-11-25,Gampaha,26.45,15.03
2019-12-02,Gampaha,26.76,12.14
2019-12-09,Gampaha,26.34,3.56
2019-12-16,Gampaha,26.81,13.04
2019-12-23,Gampaha,26.84,1.69
2019-12-30,Gampaha,27.04,1.57
2020-01-06,Gampaha,27.5,0.19
2020-01-13,Gampaha,27.46,0.33
2020-01-20,Gampaha,29.35,1.07
2020-01-27,Gampaha,27.91,0.43
2020-02-03,Gampaha,28.35,0.21
2020-02-10,Gampaha,29.31,1.57
2020-02-17,Gampaha,29.79,1.23
2020-02-24,Gampaha,30.14,0.2
2020-03-02,Gampaha,28.75,0.47
2020-03-09,Gampaha,29.37,1.43
2020-03-16,Gampaha,28.19,6.43
2020-03-23,Gampaha,28.54,0.89
2020-03-30,Gampaha,28.33,8.7
2020-04-06,Gampaha,28.2,4.11
2020-04-13,Gampaha,28.23,6.21
2020-04-20,Gampaha,28.24,5.63
2020-04-27,Gampaha,28.81,2.79
2020-05-04,Gampaha,28.32,6.66
2020-05-11,Gampaha,27.89,12.14
2020-05-18,Gampaha,27.66,15.26
2020-05-25,Gampaha,27.59,8.3
2020-06-01,Gampaha,27.49,10.56
2020-06-08,Gampaha,27.5,10.63
2020-06-15,Gampaha,27.74,8.24
2020-06-22,Gampaha,27.43,8.49
2020-06-29,Gampaha,27.24,8.3
2020-07-06,Gampaha,27.02,9.49
2020-07-13,Gampaha,27.22,7.99
2020-07-20,Gampaha,26.46,7.39
2020-07-27,Gampaha,26.72,12.59
2020-08-03,Gampaha,26.52,15.51
2020-08-10,Gampaha,26.95,3.04
2020-08-17,Gampaha,27.21,3.04
2020-08-24,Gampaha,27.43,2.06
2020-08-31,Gampaha,26.03,24.54
2020-09-07,Gampaha,26.28,11.04
2020-09-14,Gampaha,26.41,12.21
2020-09-21,Gampaha,26.43,11.04
2020-09-28,Gampaha,26.71,7.44
2020-10-05,Gampaha,26.74,4.89
2020-10-12,Gampaha,26.8,5.1
2020-10-19,Gampaha,26.89,3.47
2020-10-26,Gampaha,26.8,2.01
2020-11-02,Gampaha,26.93,10.01
2020-11-09,Gampaha,26.89,19.87
2020-11-16,Gampaha,26.51,24.61
2020-11-23,Gampaha,26.41,2.31
2020-11-30,Gampaha,26.38,6.71
2020-12-07,Gampaha,26.82,1.27
2020-12-14,Gampaha,26.04,3.11
2020-12-21,Gampaha,25.66,6.43
2020-12-28,Gampaha,26.29,9.77
2021-01-04,Gampaha,25.92,9.21
2021-01-11,Gampaha,25.83,15.01
2021-01-18,Gampaha,26.39,0.99
2021-01-25,Gampaha,26.59,3.7
2021-02-01,Gampaha,27.04,0.77
2021-02-08,Gampaha,27.39,0.09
2021-02-15,Gampaha,27.89,0.77
2021-02-22,Gampaha,27.7,0.74
2021-03-01,Gampaha,27.89,1.14
2021-03-08,Gampaha,27.5,9.17
2021-03-15,Gampaha,27.5,6.06
2021-03-22,Gampaha,26.91,15.23
2021-03-29,Gampaha,27.36,1.04
2021-04-05,Gampaha,27.89,2.01
2021-04-12,Gampaha,27.18,5.8
2021-04-19,Gampaha,27.37,3.04
2021-04-26,Gampaha,28.02,3.67
2021-05-03,Gampaha,27.26,13.01
2021-05-10,Gampaha,27.3,17.06
2021-05-17,Gampaha,27.63,9.19
2021-05-24,Gampaha,27.29,21.49
2021-05-31,Gampaha,26.81,13.5
2021-06-07,Gampaha,27.06,10.91
2021-06-14,Gampaha,27.14,2.73
2021-06-21,Gampaha,26.81,7.31
2021-06-28,Gampaha,26.79,8.77
2021-07-05,Gampaha,26.81,14.19
2021-07-12,Gampaha,27.31,3.2
2021-07-19,Gampaha,27.17,10.01
2021-07-26,Gampaha,26.88,6.06
2021-08-02,Gampaha,26.81,9.26
2021-08-09,Gampaha,26.58,11.5
2021-08-16,Gampaha,26.59,5.63
2021-08-23,Gampaha,26.53,9.43
2021-08-30,Gampaha,26.31,9.36
2021-09-06,Gampaha,26.87,6.79
2021-09-13,Gampaha,26.79,10.37
2021-09-20,Gampaha,26.97,10.17
2021-09-27,Gampaha,26.3,8.91
2021-10-04,Gampaha,26.5,16.2
2021-10-11,Gampaha,27.01,8.99
2021-10-18,Gampaha,26.44,9.61
2021-10-25,Gampaha,25.95,14.13
2021-11-01,Gampaha,25.56,20.89
2021-11-08,Gampaha,25.75,26.33
2021-11-15,Gampaha,25.86,13.11
2021-11-22,Gampaha,25.75,15.49
2021-11-29,Gampaha,25.83,7.34
2021-12-06,Gampaha,27.04,1.73
2021-12-13,Gampaha,26.77,6.87
2021-12-20,Gampaha,26.81,0.07
2021-12-27,Gampaha,27.07,5.53
2022-01-03,Gampaha,27.43,3.74
2022-01-10,Gampaha,27.28,2.59
2022-01-17,Gampaha,27.19,0.77
2022-01-24,Gampaha,27.37,0.6
2022-01-31,Gampaha,27.08,1.01
2022-02-07,Gampaha,28.04,4.2
2022-02-14,Gampaha,27.66,0.97
2022-02-21,Gampaha,28.36,1.53
2022-02-28,Gampaha,28.38,0.39
2022-03-07,Gampaha,28.22,1.71
2022-03-14,Gampaha,27.3,1.86
2022-03-21,Gampaha,27.68,2.56
2022-03-28,Gampaha,27.77,3.77
2022-04-04,Gampaha,26.43,20.67
2022-04-11,Gampaha,27.34,7.16
2022-04-18,Gampaha,27.07,5.64
2022-04-25,Gampaha,27.56,5.81
2022-05-02,Gampaha,28.04,3.94
2022-05-09,Gampaha,26.62,29.6
2022-05-16,Gampaha,27.19,11.47
2022-05-23,Gampaha,26.06,17.09
2022-05-30,Gampaha,26.21,17.74
2022-06-06,Gampaha,26.43,6.6
2022-06-13,Gampaha,26.31,7.21
2022-06-20,Gampaha,26.58,9.9
2022-06-27,Gampaha,27.16,6.54
2022-07-04,Gampaha,26.94,1.54
2022-07-11,Gampaha,26.99,2.71
2022-07-18,Gampaha,26.89,4.53
2022-07-25,Gampaha,26.7,6.64
2022-08-01,Gampaha,25.89,14.4
2022-08-08,Gampaha,26.73,1.19
2022-08-15,Gampaha,26.81,3.26
2022-08-22,Gampaha,26.31,11.09
2022-08-29,Gampaha,25.62,18.33
2022-09-05,Gampaha,26.24,7.69
2022-09-12,Gampaha,26.38,1.99
2022-09-19,Gampaha,26.56,3.73
2022-09-26,Gampaha,26.49,5.76
2022-10-03,Gampaha,26.21,7.44
2022-10-10,Gampaha,25.63,15.77
2022-10-17,Gampaha,25.41,22.49
2022-10-24,Gampaha,26.16,4.76
2022-10-31,Gampaha,25.64,22.87
2022-11-07,Gampaha,25.59,15.87
2022-11-14,Gampaha,25.63,3.36
2022-11-21,Gampaha,25.98,1.24
2022-11-28,Gampaha,26.57,5.44
2022-12-05,Gampaha,25.41,2.71
2022-12-12,Gampaha,25.96,3.07
2022-12-19,Gampaha,25.56,11.54
2022-12-26,Gampaha,26.0,1.84
2023-01-02,Gampaha,26.57,3.94
2023-01-09,Gampaha,25.96,0.19
2023-01-16,Gampaha,25.71,3.41
2023-01-23,Gampaha,26.01,5.49
2023-01-30,Gampaha,25.79,10.04
2023-02-06,Gampaha,26.36,0.89
2023-02-13,Gampaha,27.04,1.9
2023-02-20,Gampaha,26.79,2.06
2023-02-27,Gampaha,27.61,6.6
2023-03-06,Gampaha,27.64,7.54
2023-03-13,Gampaha,26.74,7.66
2023-03-20,Gampaha,26.99,5.76
2023-03-27,Gampaha,27.54,1.44
2023-04-03,Gampaha,27.26,3.94
2023-04-10,Gampaha,27.89,2.57
2023-04-17,Gampaha,28.17,3.34
2023-04-24,Gampaha,27.63,15.07
2023-05-01,Gampaha,26.53,17.0
2023-05-08,Gampaha,27.26,9.39
2023-05-15,Gampaha,28.01,3.29
2023-05-22,Gampaha,27.94,2.34
2023-05-29,Gampaha,27.56,4.66
2023-06-05,Gampaha,27.11,9.4
2023-06-12,Gampaha,27.26,8.6
2023-06-19,Gampaha,27.01,9.76
2023-06-26,Gampaha,26.21,21.13
2023-07-03,Gampaha,26.46,13.07
2023-07-10,Gampaha,26.91,4.47
2023-07-17,Gampaha,27.39,4.31
2023-07-24,Gampaha,26.76,8.4
2023-07-31,Gampaha,27.04,2.04
2023-08-07,Gampaha,26.98,2.63
2023-08-14,Gampaha,26.96,1.99
2023-08-21,Gampaha,27.34,1.76
2023-08-28,Gampaha,26.41,18.23
2023-09-04,Gampaha,25.72,24.64
2023-09-11,Gampaha,26.37,16.19
2023-09-18,Gampaha,26.53,8.91
2023-09-25,Gampaha,26.04,23.24
2023-10-02,Gampaha,26.25,22.64
2023-10-09,Gampaha,26.24,14.4
2023-10-16,Gampaha,25.89,25.09
2023-10-23,Gampaha,26.4,17.4
2023-10-30,Gampaha,26.28,18.06
2023-11-06,Gampaha,26.45,21.01
2023-11-13,Gampaha,26.31,10.9
2023-11-20,Gampaha,26.48,20.34
2023-11-27,Gampaha,26.29,14.23
2023-12-04,Gampaha,26.32,16.14
2023-12-11,Gampaha,26.54,14.74
2023-12-18,Gampaha,27.29,8.8
2023-12-25,Gampaha,27.21,7.99
2024-01-01,Gampaha,26.86,11.19
2024-01-08,Gampaha,26.67,6.07
2024-01-15,Gampaha,26.19,2.6
2024-01-22,Gampaha,27.18,0.1
2024-01-29,Gampaha,27.34,4.76
2024-02-05,Gampaha,27.78,0.66
2024-02-12,Gampaha,29.69,1.39
2024-02-19,Gampaha,28.94,0.24
2024-02-26,Gampaha,30.1,0.4
2024-03-04,Gampaha,28.61,0.4
2024-03-11,Gampaha,28.96,0.26
2024-03-18,Gampaha,29.09,5.37
2024-03-25,Gampaha,28.68,5.76
2024-04-01,Gampaha,28.81,4.73
2024-04-08,Gampaha,29.21,17.1
2024-04-15,Gampaha,28.52,5.99
2024-04-22,Gampaha,28.71,3.27
2024-04-29,Gampaha,28.97,4.61
2024-05-06,Gampaha,28.79,12.84
2024-05-13,Gampaha,27.51,22.67
2024-05-20,Gampaha,27.13,36.5
2024-05-27,Gampaha,26.96,24.79
2024-06-03,Gampaha,27.31,7.39
2024-06-10,Gampaha,27.45,7.27
2024-06-17,Gampaha,27.11,17.14
2024-06-24,Gampaha,26.89,10.74
2024-07-01,Gampaha,26.77,12.67
2024-07-08,Gampaha,26.96,9.24
2024-07-15,Gampaha,27.03,9.23
2024-07-22,Gampaha,27.49,4.31
2024-07-29,Gampaha,26.79,12.69
2024-08-05,Gampaha,26.82,6.9
2024-08-12,Gampaha,26.41,13.8
2024-08-19,Gampaha,26.52,7.43
2024-08-26,Gampaha,26.69,10.96
2024-09-02,Gampaha,26.92,17.4
2024-09-09,Gampaha,26.81,9.67
2024-09-16,Gampaha,26.92,5.83
2024-09-23,Gampaha,27.29,8.16
2024-09-30,Gampaha,27.41,2.71
2024-10-07,Gampaha,25.85,25.59
2024-10-14,Gampaha,26.43,8.91
2024-10-21,Gampaha,26.11,15.34
2024-10-28,Gampaha,26.69,11.0
2024-11-04,Gampaha,26.39,9.19
2024-11-11,Gampaha,26.63,9.83
2024-11-18,Gampaha,26.36,14.34
2024-11-25,Gampaha,25.44,22.91
2024-12-02,Gampaha,26.59,2.5
2024-12-09,Gampaha,26.5,6.76
2024-12-16,Gampaha,26.26,6.87
2024-12-23,Gampaha,26.05,2.46
2024-12-30,Gampaha,26.4,6.2
2025-01-06,Gampaha,26.29,6.7
2025-01-13,Gampaha,25.85,15.76
2025-01-20,Gampaha,26.2,13.03
2025-01-27,Gampaha,26.36,4.67
2025-02-03,Gampaha,26.62,0.17
2025-02-10,Gampaha,27.82,0.13
2025-02-17,Gampaha,28.21,0.29
2025-02-24,Gampaha,28.26,14.63
2025-03-03,Gampaha,27.11,0.56
2025-03-10,Gampaha,27.24,7.91
2025-03-17,Gampaha,27.54,7.14
2025-03-24,Gampaha,27.69,3.74
2025-03-31,Gampaha,27.72,12.84
2025-04-07,Gampaha,26.66,7.57
2025-04-14,Gampaha,28.08,2.6
2025-04-21,Gampaha,27.99,4.77
2025-04-28,Gampaha,27.95,7.47
2025-05-05,Gampaha,28.04,4.73
2025-05-12,Gampaha,27.66,9.44
2025-05-19,Gampaha,27.25,13.76
2025-05-26,Gampaha,27.77,11.64
2025-06-02,Gampaha,27.43,4.19
2025-06-09,Gampaha,26.36,31.19
2025-06-16,Gampaha,26.85,7.83
2025-06-23,Gampaha,26.72,10.76
2025-06-30,Gampaha,27.16,3.2
2025-07-07,Gampaha,27.31,4.5
2025-07-14,Gampaha,26.71,12.94
2025-07-21,Gampaha,26.21,12.73
2025-07-28,Gampaha,26.84,4.57
2025-08-04,Gampaha,26.64,4.43
2025-08-11,Gampaha,26.19,9.63
2025-08-18,Gampaha,26.76,3.11
2025-08-25,Gampaha,26.71,11.33
2025-09-01,Gampaha,26.71,3.51
2025-09-08,Gampaha,27.39,3.54
2025-09-15,Gampaha,26.53,11.89
2025-09-22,Gampaha,26.11,14.3
2025-09-29,Gampaha,27.07,4.0
2025-10-06,Gampaha,27.15,1.44
2025-10-13,Gampaha,26.87,25.69
2025-10-20,Gampaha,25.64,15.63
2025-10-27,Gampaha,27.21,0.67
2025-11-03,Gampaha,26.64,4.26
2025-11-10,Gampaha,26.97,7.21
2025-11-17,Gampaha,26.44,19.26
2025-11-24,Gampaha,24.49,67.91
2025-12-01,Gampaha,26.36,7.23
2025-12-08,Gampaha,26.32,9.27
2025-12-15,Gampaha,26.38,7.5
2025-12-22,Gampaha,26.61,1.01
2025-12-29,Gampaha,27.21,1.56
2026-01-05,Gampaha,26.25,6.46
2026-01-12,Gampaha,26.53,3.17
2026-01-19,Gampaha,26.6,0.34
2026-01-26,Gampaha,28.5,4.01
2026-02-02,Gampaha,28.44,3.41
2026-02-09,Gampaha,28.34,0.79
2026-02-16,Gampaha,27.73,10.3
2026-02-23,Gampaha,27.66,0.94
2026-03-02,Gampaha,28.51,0.61
2026-03-09,Gampaha,28.34,11.41
2026-03-16,Gampaha,28.17,5.36
2026-03-23,Gampaha,29.71,0.43
2026-03-30,Gampaha,28.99,5.1
2026-04-06,Gampaha,29.17,5.34
2026-04-13,Gampaha,28.52,5.06
2026-04-20,Gampaha,28.72,10.01
2026-04-27,Gampaha,28.84,7.54
2026-05-04,Gampaha,28.49,7.31
2026-05-11,Gampaha,26.8,16.4
2026-05-18,Gampaha,27.33,16.6
2026-05-25,Gampaha,27.44,8.59
2026-06-01,Gampaha,27.83,11.39
2026-06-08,Gampaha,27.26,13.53
2026-06-15,Gampaha,26.83,10.14
2026-06-22,Gampaha,26.61,12.93
2026-06-29,Gampaha,27.09,10.59
2026-07-06,Gampaha,27.56,3.34
2026-07-13,Gampaha,27.75,2.19
2026-07-20,Gampaha,27.86,3.2
2026-07-27,Gampaha,28.22,7.07
2013-12-30,Hambantota,26.4,2.02
2014-01-06,Hambantota,26.64,1.01
2014-01-13,Hambantota,26.41,0.67
2014-01-20,Hambantota,26.72,0.0
2014-01-27,Hambantota,27.04,0.73
2014-02-03,Hambantota,26.76,0.0
2014-02-10,Hambantota,27.16,0.0
2014-02-17,Hambantota,28.46,1.36
2014-02-24,Hambantota,28.43,0.54
2014-03-03,Hambantota,28.6,0.59
2014-03-10,Hambantota,28.71,0.03
2014-03-17,Hambantota,28.85,0.91
2014-03-24,Hambantota,29.39,0.11
2014-03-31,Hambantota,28.6,3.04
2014-04-07,Hambantota,29.16,1.46
2014-04-14,Hambantota,28.82,1.84
2014-04-21,Hambantota,28.73,3.14
2014-04-28,Hambantota,28.04,9.29
2014-05-05,Hambantota,27.61,9.33
2014-05-12,Hambantota,28.95,0.06
2014-05-19,Hambantota,29.01,0.91
2014-05-26,Hambantota,28.84,0.61
2014-06-02,Hambantota,29.32,0.31
2014-06-09,Hambantota,29.79,0.0
2014-06-16,Hambantota,29.65,0.01
2014-06-23,Hambantota,29.1,0.27
2014-06-30,Hambantota,28.88,1.09
2014-07-07,Hambantota,28.91,0.37
2014-07-14,Hambantota,29.1,0.01
2014-07-21,Hambantota,29.34,0.09
2014-07-28,Hambantota,28.93,0.0
2014-08-04,Hambantota,28.9,0.11
2014-08-11,Hambantota,28.22,0.47
2014-08-18,Hambantota,27.67,2.5
2014-08-25,Hambantota,28.7,0.2
2014-09-01,Hambantota,28.05,1.64
2014-09-08,Hambantota,28.19,0.93
2014-09-15,Hambantota,28.47,0.63
2014-09-22,Hambantota,28.05,2.79
2014-09-29,Hambantota,27.49,6.74
2014-10-06,Hambantota,27.93,0.84
2014-10-13,Hambantota,27.06,25.59
2014-10-20,Hambantota,26.94,4.44
2014-10-27,Hambantota,26.67,2.63
2014-11-03,Hambantota,27.04,1.53
2014-11-10,Hambantota,26.54,10.76
2014-11-17,Hambantota,26.16,10.86
2014-11-24,Hambantota,26.01,7.39
2014-12-01,Hambantota,26.32,2.31
2014-12-08,Hambantota,26.35,3.67
2014-12-15,Hambantota,26.04,12.09
2014-12-22,Hambantota,24.77,45.83
2014-12-29,Hambantota,26.54,0.46
2015-01-05,Hambantota,26.03,0.83
2015-01-12,Hambantota,26.12,0.06
2015-01-19,Hambantota,26.26,0.04
2015-01-26,Hambantota,26.69,1.07
2015-02-02,Hambantota,26.84,0.36
2015-02-09,Hambantota,26.9,1.96
2015-02-16,Hambantota,26.26,0.0
2015-02-23,Hambantota,26.79,5.9
2015-03-02,Hambantota,27.39,0.29
2015-03-09,Hambantota,27.09,5.66
2015-03-16,Hambantota,26.99,0.01
2015-03-23,Hambantota,27.91,1.19
2015-03-30,Hambantota,28.14,3.63
2015-04-06,Hambantota,27.79,4.71
2015-04-13,Hambantota,27.41,10.27
2015-04-20,Hambantota,27.55,7.83
2015-04-27,Hambantota,27.75,3.09
2015-05-04,Hambantota,27.93,7.16
2015-05-11,Hambantota,27.88,1.66
2015-05-18,Hambantota,28.17,1.76
2015-05-25,Hambantota,28.92,0.73
2015-06-01,Hambantota,28.46,2.36
2015-06-08,Hambantota,28.84,0.27
2015-06-15,Hambantota,28.91,0.46
2015-06-22,Hambantota,28.84,1.66
2015-06-29,Hambantota,28.59,0.49
2015-07-06,Hambantota,29.19,0.0
2015-07-13,Hambantota,28.61,0.89
2015-07-20,Hambantota,28.44,0.84
2015-07-27,Hambantota,28.64,0.1
2015-08-03,Hambantota,28.27,0.83
2015-08-10,Hambantota,29.28,0.44
2015-08-17,Hambantota,28.44,2.5
2015-08-24,Hambantota,27.86,2.36
2015-08-31,Hambantota,27.89,5.51
2015-09-07,Hambantota,28.12,0.7
2015-09-14,Hambantota,28.13,1.7
2015-09-21,Hambantota,27.86,4.89
2015-09-28,Hambantota,26.93,8.86
2015-10-05,Hambantota,27.96,0.41
2015-10-12,Hambantota,27.43,5.94
2015-10-19,Hambantota,26.86,28.11
2015-10-26,Hambantota,26.46,11.56
2015-11-02,Hambantota,26.56,12.01
2015-11-09,Hambantota,26.57,10.07
2015-11-16,Hambantota,26.89,1.91
2015-11-23,Hambantota,26.84,2.64
2015-11-30,Hambantota,26.6,10.84
2015-12-07,Hambantota,26.52,11.11
2015-12-14,Hambantota,26.36,3.61
2015-12-21,Hambantota,26.61,0.09
2015-12-28,Hambantota,26.94,0.67
2016-01-04,Hambantota,27.05,1.03
2016-01-11,Hambantota,26.81,0.0
2016-01-18,Hambantota,27.59,0.34
2016-01-25,Hambantota,27.68,0.04
2016-02-01,Hambantota,27.41,0.04
2016-02-08,Hambantota,28.17,0.47
2016-02-15,Hambantota,27.88,1.43
2016-02-22,Hambantota,27.91,0.36
2016-02-29,Hambantota,28.63,0.01
2016-03-07,Hambantota,29.09,0.0
2016-03-14,Hambantota,28.9,0.04
2016-03-21,Hambantota,29.62,0.14
2016-03-28,Hambantota,28.37,4.33
2016-04-04,Hambantota,29.0,2.59
2016-04-11,Hambantota,29.29,1.09
2016-04-18,Hambantota,29.17,3.81
2016-04-25,Hambantota,29.02,3.5
2016-05-02,Hambantota,28.99,2.94
2016-05-09,Hambantota,27.38,36.46
2016-05-16,Hambantota,28.08,5.29
2016-05-23,Hambantota,28.19,1.93
2016-05-30,Hambantota,28.01,0.77
2016-06-06,Hambantota,28.05,1.51
2016-06-13,Hambantota,28.2,0.44
2016-06-20,Hambantota,28.49,0.44
2016-06-27,Hambantota,28.84,0.17
2016-07-04,Hambantota,29.31,0.1
2016-07-11,Hambantota,28.82,0.83
2016-07-18,Hambantota,28.74,0.11
2016-07-25,Hambantota,27.49,4.1
2016-08-01,Hambantota,29.18,0.0
2016-08-08,Hambantota,28.8,0.36
2016-08-15,Hambantota,28.86,0.11
2016-08-22,Hambantota,28.49,0.47
2016-08-29,Hambantota,28.08,0.86
2016-09-05,Hambantota,28.53,0.0
2016-09-12,Hambantota,28.8,0.24
2016-09-19,Hambantota,29.22,0.0
2016-09-26,Hambantota,28.71,0.14
2016-10-03,Hambantota,28.93,0.01
2016-10-10,Hambantota,29.06,2.13
2016-10-17,Hambantota,28.07,2.81
2016-10-24,Hambantota,28.1,0.74
2016-10-31,Hambantota,27.34,3.89
2016-11-07,Hambantota,27.54,3.44
2016-11-14,Hambantota,26.56,12.76
2016-11-21,Hambantota,26.99,2.31
2016-11-28,Hambantota,26.59,0.44
2016-12-05,Hambantota,26.99,2.16
2016-12-12,Hambantota,27.08,0.86
2016-12-19,Hambantota,26.78,1.06
2016-12-26,Hambantota,26.98,2.97
2017-01-02,Hambantota,27.25,0.61
2017-01-09,Hambantota,27.39,0.13
2017-01-16,Hambantota,27.97,0.37
2017-01-23,Hambantota,26.63,8.89
2017-01-30,Hambantota,27.0,1.51
2017-02-06,Hambantota,27.04,0.13
2017-02-13,Hambantota,28.18,2.7
2017-02-20,Hambantota,26.7,4.33
2017-02-27,Hambantota,26.59,4.8
2017-03-06,Hambantota,27.26,3.91
2017-03-13,Hambantota,27.46,2.5
2017-03-20,Hambantota,27.88,1.6
2017-03-27,Hambantota,28.04,3.01
2017-04-03,Hambantota,28.76,2.51
2017-04-10,Hambantota,29.32,3.31
2017-04-17,Hambantota,29.8,0.83
2017-04-24,Hambantota,29.41,0.79
2017-05-01,Hambantota,28.56,1.86
2017-05-08,Hambantota,29.11,1.1
2017-05-15,Hambantota,29.76,1.1
2017-05-22,Hambantota,29.17,1.29
2017-05-29,Hambantota,28.41,1.56
2017-06-05,Hambantota,29.12,0.49
2017-06-12,Hambantota,28.29,0.77
2017-06-19,Hambantota,28.03,2.99
2017-06-26,Hambantota,29.49,0.27
2017-07-03,Hambantota,30.12,1.07
2017-07-10,Hambantota,29.69,0.51
2017-07-17,Hambantota,28.63,2.23
2017-07-24,Hambantota,30.06,0.7
2017-07-31,Hambantota,29.11,0.6
2017-08-07,Hambantota,29.04,0.76
2017-08-14,Hambantota,28.31,1.29
2017-08-21,Hambantota,29.2,0.37
2017-08-28,Hambantota,28.85,2.29
2017-09-04,Hambantota,27.91,2.54
2017-09-11,Hambantota,27.74,2.91
2017-09-18,Hambantota,28.47,1.23
2017-09-25,Hambantota,28.16,1.3
2017-10-02,Hambantota,28.7,2.99
2017-10-09,Hambantota,28.06,3.57
2017-10-16,Hambantota,28.64,0.94
2017-10-23,Hambantota,28.06,3.04
2017-10-30,Hambantota,27.02,10.36
2017-11-06,Hambantota,26.89,13.29
2017-11-13,Hambantota,27.73,2.01
2017-11-20,Hambantota,26.27,21.4
2017-11-27,Hambantota,25.76,36.19
2017-12-04,Hambantota,26.04,3.73
2017-12-11,Hambantota,26.51,1.9
2017-12-18,Hambantota,26.71,1.51
2017-12-25,Hambantota,26.99,1.4
2018-01-01,Hambantota,26.27,0.73
2018-01-08,Hambantota,26.29,0.61
2018-01-15,Hambantota,27.45,0.0
2018-01-22,Hambantota,26.96,0.64
2018-01-29,Hambantota,26.89,7.94
2018-02-05,Hambantota,26.64,1.67
2018-02-12,Hambantota,27.16,0.46
2018-02-19,Hambantota,27.19,0.47
2018-02-26,Hambantota,27.31,4.53
2018-03-05,Hambantota,26.91,5.23
2018-03-12,Hambantota,26.81,5.53
2018-03-19,Hambantota,27.72,0.59
2018-03-26,Hambantota,27.84,1.33
2018-04-02,Hambantota,27.58,3.9
2018-04-09,Hambantota,27.36,8.99
2018-04-16,Hambantota,27.64,3.73
2018-04-23,Hambantota,28.01,1.79
2018-04-30,Hambantota,28.18,3.74
2018-05-07,Hambantota,27.52,6.11
2018-05-14,Hambantota,27.19,10.61
2018-05-21,Hambantota,27.25,3.94
2018-05-28,Hambantota,28.23,2.37
2018-06-04,Hambantota,27.51,3.71
2018-06-11,Hambantota,27.69,2.36
2018-06-18,Hambantota,27.45,2.6
2018-06-25,Hambantota,28.08,0.71
2018-07-02,Hambantota,28.41,0.56
2018-07-09,Hambantota,27.86,1.74
2018-07-16,Hambantota,29.36,0.07
2018-07-23,Hambantota,29.81,0.01
2018-07-30,Hambantota,28.11,1.5
2018-08-06,Hambantota,28.29,0.36
2018-08-13,Hambantota,27.88,1.54
2018-08-20,Hambantota,29.44,0.01
2018-08-27,Hambantota,29.01,0.2
2018-09-03,Hambantota,29.16,0.06
2018-09-10,Hambantota,28.81,0.39
2018-09-17,Hambantota,28.12,2.31
2018-09-24,Hambantota,27.47,5.29
2018-10-01,Hambantota,26.94,9.83
2018-10-08,Hambantota,26.73,4.76
2018-10-15,Hambantota,26.86,1.74
2018-10-22,Hambantota,26.63,17.66
2018-10-29,Hambantota,26.84,7.79
2018-11-05,Hambantota,25.96,10.27
2018-11-12,Hambantota,26.74,2.09
2018-11-19,Hambantota,26.24,5.47
2018-11-26,Hambantota,26.77,3.03
2018-12-03,Hambantota,26.67,4.4
2018-12-10,Hambantota,26.14,0.4
2018-12-17,Hambantota,26.22,2.37
2018-12-24,Hambantota,26.64,1.91
2018-12-31,Hambantota,26.96,0.2
2019-01-07,Hambantota,27.41,1.14
2019-01-14,Hambantota,27.14,0.64
2019-01-21,Hambantota,27.54,0.97
2019-01-28,Hambantota,28.16,0.43
2019-02-04,Hambantota,27.2,2.27
2019-02-11,Hambantota,28.46,17.63
2019-02-18,Hambantota,27.57,0.7
2019-02-25,Hambantota,27.48,7.51
2019-03-04,Hambantota,27.45,2.83
2019-03-11,Hambantota,28.12,1.16
2019-03-18,Hambantota,28.51,1.03
2019-03-25,Hambantota,28.32,0.54
2019-04-01,Hambantota,28.81,0.56
2019-04-08,Hambantota,28.89,1.8
2019-04-15,Hambantota,28.35,4.83
2019-04-22,Hambantota,28.39,2.4
2019-04-29,Hambantota,28.5,1.87
2019-05-06,Hambantota,29.37,0.26
2019-05-13,Hambantota,29.17,0.63
2019-05-20,Hambantota,28.14,3.36
2019-05-27,Hambantota,29.0,2.04
2019-06-03,Hambantota,28.61,2.36
2019-06-10,Hambantota,28.78,3.11
2019-06-17,Hambantota,29.54,0.86
2019-06-24,Hambantota,29.13,1.54
2019-07-01,Hambantota,28.48,2.84
2019-07-08,Hambantota,28.33,1.81
2019-07-15,Hambantota,29.12,0.57
2019-07-22,Hambantota,28.91,0.63
2019-07-29,Hambantota,28.31,1.81
2019-08-05,Hambantota,27.89,4.47
2019-08-12,Hambantota,28.32,2.17
2019-08-19,Hambantota,27.31,4.47
2019-08-26,Hambantota,27.08,3.17
2019-09-02,Hambantota,27.74,2.14
2019-09-09,Hambantota,27.9,3.44
2019-09-16,Hambantota,26.6,5.46
2019-09-23,Hambantota,26.49,9.4
2019-09-30,Hambantota,26.48,5.14
2019-10-07,Hambantota,26.46,5.1
2019-10-14,Hambantota,26.49,10.51
2019-10-21,Hambantota,26.5,9.19
2019-10-28,Hambantota,25.99,18.34
2019-11-04,Hambantota,26.59,2.59
2019-11-11,Hambantota,26.86,2.8
2019-11-18,Hambantota,26.71,8.77
2019-11-25,Hambantota,26.21,11.1
2019-12-02,Hambantota,26.34,8.74
2019-12-09,Hambantota,26.32,2.86
2019-12-16,Hambantota,26.29,8.07
2019-12-23,Hambantota,26.79,1.0
2019-12-30,Hambantota,27.03,2.31
2020-01-06,Hambantota,27.27,0.59
2020-01-13,Hambantota,27.12,0.39
2020-01-20,Hambantota,28.09,0.56
2020-01-27,Hambantota,27.16,0.03
2020-02-03,Hambantota,27.84,0.5
2020-02-10,Hambantota,27.78,9.73
2020-02-17,Hambantota,27.61,0.46
2020-02-24,Hambantota,28.19,0.37
2020-03-02,Hambantota,27.84,0.79
2020-03-09,Hambantota,28.41,0.03
2020-03-16,Hambantota,28.62,0.49
2020-03-23,Hambantota,28.39,0.21
2020-03-30,Hambantota,28.52,0.57
2020-04-06,Hambantota,28.94,1.43
2020-04-13,Hambantota,28.14,4.4
2020-04-20,Hambantota,28.39,2.33
2020-04-27,Hambantota,29.12,2.6
2020-05-04,Hambantota,28.36,3.36
2020-05-11,Hambantota,28.47,4.06
2020-05-18,Hambantota,29.38,0.36
2020-05-25,Hambantota,28.86,1.43
2020-06-01,Hambantota,28.89,0.7
2020-06-08,Hambantota,29.09,1.06
2020-06-15,Hambantota,29.73,0.84
2020-06-22,Hambantota,30.05,0.66
2020-06-29,Hambantota,28.74,1.59
2020-07-06,Hambantota,28.76,1.21
2020-07-13,Hambantota,28.61,2.29
2020-07-20,Hambantota,27.56,8.09
2020-07-27,Hambantota,28.38,1.19
2020-08-03,Hambantota,27.61,4.44
2020-08-10,Hambantota,28.93,0.36
2020-08-17,Hambantota,28.71,0.67
2020-08-24,Hambantota,28.79,0.67
2020-08-31,Hambantota,28.25,2.43
2020-09-07,Hambantota,28.04,1.53
2020-09-14,Hambantota,27.99,1.87
2020-09-21,Hambantota,27.96,2.01
2020-09-28,Hambantota,28.59,1.14
2020-10-05,Hambantota,29.29,0.61
2020-10-12,Hambantota,28.56,1.94
2020-10-19,Hambantota,29.04,0.57
2020-10-26,Hambantota,28.66,1.36
2020-11-02,Hambantota,27.98,5.64
2020-11-09,Hambantota,27.11,9.34
2020-11-16,Hambantota,26.6,11.79
2020-11-23,Hambantota,27.64,0.71
2020-11-30,Hambantota,27.79,1.74
2020-12-07,Hambantota,27.61,1.89
2020-12-14,Hambantota,26.81,5.03
2020-12-21,Hambantota,26.31,5.77
2020-12-28,Hambantota,26.59,2.54
2021-01-04,Hambantota,25.93,6.11
2021-01-11,Hambantota,26.01,15.33
2021-01-18,Hambantota,26.47,1.29
2021-01-25,Hambantota,26.92,1.8
2021-02-01,Hambantota,27.14,0.51
2021-02-08,Hambantota,27.35,0.46
2021-02-15,Hambantota,27.74,0.6
2021-02-22,Hambantota,27.94,1.8
2021-03-01,Hambantota,27.89,2.87
2021-03-08,Hambantota,27.34,6.41
2021-03-15,Hambantota,27.67,1.1
2021-03-22,Hambantota,27.21,5.24
2021-03-29,Hambantota,29.22,0.99
2021-04-05,Hambantota,28.26,1.07
2021-04-12,Hambantota,27.87,3.63
2021-04-19,Hambantota,28.89,0.9
2021-04-26,Hambantota,28.76,1.41
2021-05-03,Hambantota,27.82,5.89
2021-05-10,Hambantota,28.84,2.71
2021-05-17,Hambantota,29.1,1.77
2021-05-24,Hambantota,28.96,2.23
2021-05-31,Hambantota,29.29,1.5
2021-06-07,Hambantota,28.52,1.31
2021-06-14,Hambantota,29.78,0.2
2021-06-21,Hambantota,28.94,0.9
2021-06-28,Hambantota,28.38,1.54
2021-07-05,Hambantota,28.04,2.3
2021-07-12,Hambantota,29.53,0.41
2021-07-19,Hambantota,28.92,1.69
2021-07-26,Hambantota,28.97,0.34
2021-08-02,Hambantota,28.49,0.96
2021-08-09,Hambantota,29.05,0.99
2021-08-16,Hambantota,28.49,2.03
2021-08-23,Hambantota,27.64,3.06
2021-08-30,Hambantota,27.99,1.3
2021-09-06,Hambantota,28.43,1.29
2021-09-13,Hambantota,28.54,1.97
2021-09-20,Hambantota,28.74,2.13
2021-09-27,Hambantota,28.03,5.36
2021-10-04,Hambantota,27.76,3.21
2021-10-11,Hambantota,28.84,0.84
2021-10-18,Hambantota,28.51,0.76
2021-10-25,Hambantota,26.77,11.47
2021-11-01,Hambantota,26.76,7.21
2021-11-08,Hambantota,27.46,2.37
2021-11-15,Hambantota,27.9,1.5
2021-11-22,Hambantota,26.55,18.33
2021-11-29,Hambantota,26.16,5.99
2021-12-06,Hambantota,27.03,3.1
2021-12-13,Hambantota,26.01,12.01
2021-12-20,Hambantota,26.97,0.61
2021-12-27,Hambantota,27.32,0.74
2022-01-03,Hambantota,27.41,2.23
2022-01-10,Hambantota,26.92,2.26
2022-01-17,Hambantota,26.79,0.24
2022-01-24,Hambantota,26.74,0.86
2022-01-31,Hambantota,27.73,0.66
2022-02-07,Hambantota,27.27,4.53
2022-02-14,Hambantota,27.95,0.56
2022-02-21,Hambantota,27.83,0.96
2022-02-28,Hambantota,28.24,1.63
2022-03-07,Hambantota,28.01,3.49
2022-03-14,Hambantota,27.94,3.63
2022-03-21,Hambantota,28.57,0.64
2022-03-28,Hambantota,27.86,1.21
2022-04-04,Hambantota,27.49,4.34
2022-04-11,Hambantota,27.9,2.33
2022-04-18,Hambantota,28.19,2.2
2022-04-25,Hambantota,28.44,2.57
2022-05-02,Hambantota,29.95,1.44
2022-05-09,Hambantota,28.03,7.71
2022-05-16,Hambantota,27.69,4.09
2022-05-23,Hambantota,27.66,1.17
2022-05-30,Hambantota,27.21,3.96
2022-06-06,Hambantota,27.89,0.53
2022-06-13,Hambantota,27.66,3.33
2022-06-20,Hambantota,28.12,0.96
2022-06-27,Hambantota,29.59,0.37
2022-07-04,Hambantota,29.87,0.14
2022-07-11,Hambantota,28.74,1.26
2022-07-18,Hambantota,28.46,3.89
2022-07-25,Hambantota,27.52,10.71
2022-08-01,Hambantota,26.86,3.01
2022-08-08,Hambantota,28.81,0.37
2022-08-15,Hambantota,28.4,0.24
2022-08-22,Hambantota,28.57,1.16
2022-08-29,Hambantota,27.16,5.13
2022-09-05,Hambantota,27.36,2.33
2022-09-12,Hambantota,27.73,0.6
2022-09-19,Hambantota,29.09,0.27
2022-09-26,Hambantota,28.76,0.97
2022-10-03,Hambantota,29.06,1.83
2022-10-10,Hambantota,27.39,5.99
2022-10-17,Hambantota,27.65,2.23
2022-10-24,Hambantota,27.54,4.2
2022-10-31,Hambantota,27.54,7.27
2022-11-07,Hambantota,26.3,13.83
2022-11-14,Hambantota,26.24,6.46
2022-11-21,Hambantota,27.41,2.76
2022-11-28,Hambantota,27.03,9.39
2022-12-05,Hambantota,26.4,2.6
2022-12-12,Hambantota,26.71,2.34
2022-12-19,Hambantota,26.04,11.7
2022-12-26,Hambantota,26.48,2.54
2023-01-02,Hambantota,27.09,1.59
2023-01-09,Hambantota,27.19,0.76
2023-01-16,Hambantota,26.49,5.39
2023-01-23,Hambantota,26.82,2.39
2023-01-30,Hambantota,26.64,5.9
2023-02-06,Hambantota,27.38,2.23
2023-02-13,Hambantota,27.7,1.49
2023-02-20,Hambantota,27.18,2.5
2023-02-27,Hambantota,27.54,1.49
2023-03-06,Hambantota,27.97,1.54
2023-03-13,Hambantota,27.59,3.53
2023-03-20,Hambantota,27.37,5.83
2023-03-27,Hambantota,27.99,1.01
2023-04-03,Hambantota,28.05,1.36
2023-04-10,Hambantota,28.84,1.71
2023-04-17,Hambantota,29.16,2.1
2023-04-24,Hambantota,27.41,8.34
2023-05-01,Hambantota,27.9,6.99
2023-05-08,Hambantota,28.7,2.53
2023-05-15,Hambantota,29.04,0.8
2023-05-22,Hambantota,29.41,0.39
2023-05-29,Hambantota,29.21,0.51
2023-06-05,Hambantota,29.53,0.59
2023-06-12,Hambantota,29.88,0.17
2023-06-19,Hambantota,28.84,0.87
2023-06-26,Hambantota,28.77,0.74
2023-07-03,Hambantota,28.07,3.76
2023-07-10,Hambantota,28.63,1.17
2023-07-17,Hambantota,28.89,1.36
2023-07-24,Hambantota,29.09,0.6
2023-07-31,Hambantota,29.96,0.19
2023-08-07,Hambantota,29.19,1.21
2023-08-14,Hambantota,28.92,0.44
2023-08-21,Hambantota,29.06,0.63
2023-08-28,Hambantota,27.72,6.16
2023-09-04,Hambantota,27.13,2.21
2023-09-11,Hambantota,27.34,5.34
2023-09-18,Hambantota,27.26,6.14
2023-09-25,Hambantota,27.23,6.8
2023-10-02,Hambantota,26.61,9.04
2023-10-09,Hambantota,26.57,6.44
2023-10-16,Hambantota,26.19,14.2
2023-10-23,Hambantota,26.23,11.44
2023-10-30,Hambantota,25.77,11.07
2023-11-06,Hambantota,26.28,10.1
2023-11-13,Hambantota,26.44,13.59
2023-11-20,Hambantota,26.76,5.31
2023-11-27,Hambantota,26.5,11.3
2023-12-04,Hambantota,26.22,9.93
2023-12-11,Hambantota,26.29,13.4
2023-12-18,Hambantota,27.23,3.17
2023-12-25,Hambantota,26.69,6.39
2024-01-01,Hambantota,26.64,11.36
2024-01-08,Hambantota,26.26,13.76
2024-01-15,Hambantota,26.59,1.4
2024-01-22,Hambantota,27.43,0.1
2024-01-29,Hambantota,27.31,3.84
2024-02-05,Hambantota,28.13,0.11
2024-02-12,Hambantota,28.8,0.71
2024-02-19,Hambantota,28.19,1.69
2024-02-26,Hambantota,28.89,0.73
2024-03-04,Hambantota,28.14,0.11
2024-03-11,Hambantota,28.37,0.46
2024-03-18,Hambantota,28.53,3.84
2024-03-25,Hambantota,28.09,6.06
2024-04-01,Hambantota,28.46,2.11
2024-04-08,Hambantota,28.51,8.3
2024-04-15,Hambantota,28.51,2.1
2024-04-22,Hambantota,29.03,2.07
2024-04-29,Hambantota,29.14,2.27
2024-05-06,Hambantota,28.89,6.1
2024-05-13,Hambantota,27.79,12.79
2024-05-20,Hambantota,27.7,8.61
2024-05-27,Hambantota,28.28,4.04
2024-06-03,Hambantota,27.56,3.2
2024-06-10,Hambantota,28.41,0.87
2024-06-17,Hambantota,28.09,1.9
2024-06-24,Hambantota,28.24,0.89
2024-07-01,Hambantota,28.34,1.29
2024-07-08,Hambantota,28.98,0.33
2024-07-15,Hambantota,28.91,0.66
2024-07-22,Hambantota,29.01,1.71
2024-07-29,Hambantota,28.5,2.6
2024-08-05,Hambantota,29.4,1.01
2024-08-12,Hambantota,27.75,4.89
2024-08-19,Hambantota,27.46,6.56
2024-08-26,Hambantota,28.25,2.19
2024-09-02,Hambantota,28.54,2.69
2024-09-09,Hambantota,28.57,0.6
2024-09-16,Hambantota,28.42,1.03
2024-09-23,Hambantota,28.72,4.64
2024-09-30,Hambantota,28.49,2.97
2024-10-07,Hambantota,27.4,8.53
2024-10-14,Hambantota,27.79,1.53
2024-10-21,Hambantota,27.34,6.94
2024-10-28,Hambantota,27.64,5.79
2024-11-04,Hambantota,26.99,7.84
2024-11-11,Hambantota,27.29,3.9
2024-11-18,Hambantota,26.57,20.23
2024-11-25,Hambantota,27.07,11.36
2024-12-02,Hambantota,27.36,1.49
2024-12-09,Hambantota,26.75,4.89
2024-12-16,Hambantota,27.2,5.46
2024-12-23,Hambantota,26.72,6.27
2024-12-30,Hambantota,26.09,14.8
2025-01-06,Hambantota,26.26,13.44
2025-01-13,Hambantota,25.53,24.44
2025-01-20,Hambantota,26.11,5.16
2025-01-27,Hambantota,26.43,9.26
2025-02-03,Hambantota,27.29,0.14
2025-02-10,Hambantota,27.26,0.3
2025-02-17,Hambantota,27.81,0.81
2025-02-24,Hambantota,27.45,9.1
2025-03-03,Hambantota,26.96,3.66
2025-03-10,Hambantota,26.94,6.5
2025-03-17,Hambantota,27.63,6.33
2025-03-24,Hambantota,27.92,1.86
2025-03-31,Hambantota,26.88,6.94
2025-04-07,Hambantota,27.76,6.57
2025-04-14,Hambantota,28.79,1.87
2025-04-21,Hambantota,28.87,1.17
2025-04-28,Hambantota,28.12,4.46
2025-05-05,Hambantota,29.32,1.61
2025-05-12,Hambantota,30.5,0.44
2025-05-19,Hambantota,29.02,1.79
2025-05-26,Hambantota,28.57,2.3
2025-06-02,Hambantota,30.27,0.36
2025-06-09,Hambantota,28.08,2.69
2025-06-16,Hambantota,28.88,0.7
2025-06-23,Hambantota,29.41,2.03
2025-06-30,Hambantota,30.2,0.24
2025-07-07,Hambantota,30.75,0.26
2025-07-14,Hambantota,28.84,1.94
2025-07-21,Hambantota,28.47,2.51
2025-07-28,Hambantota,29.74,4.06
2025-08-04,Hambantota,28.61,0.56
2025-08-11,Hambantota,28.66,0.8
2025-08-18,Hambantota,29.51,0.61
2025-08-25,Hambantota,29.18,0.6
2025-09-01,Hambantota,30.01,0.49
2025-09-08,Hambantota,29.59,2.11
2025-09-15,Hambantota,29.1,1.04
2025-09-22,Hambantota,28.19,2.86
2025-09-29,Hambantota,29.2,2.01
2025-10-06,Hambantota,28.64,2.99
2025-10-13,Hambantota,27.43,9.93
2025-10-20,Hambantota,27.49,7.53
2025-10-27,Hambantota,28.83,0.36
2025-11-03,Hambantota,28.98,3.41
2025-11-10,Hambantota,27.25,15.09
2025-11-17,Hambantota,26.46,13.84
2025-11-24,Hambantota,25.61,23.66
2025-12-01,Hambantota,26.74,3.67
2025-12-08,Hambantota,26.65,8.1
2025-12-15,Hambantota,26.04,7.01
2025-12-22,Hambantota,27.14,1.0
2025-12-29,Hambantota,26.76,2.86
2026-01-05,Hambantota,26.21,3.53
2026-01-12,Hambantota,27.03,0.54
2026-01-19,Hambantota,26.41,0.43
2026-01-26,Hambantota,27.7,1.63
2026-02-02,Hambantota,27.61,2.79
2026-02-09,Hambantota,27.36,6.1
2026-02-16,Hambantota,26.44,12.66
2026-02-23,Hambantota,26.69,1.09
2026-03-02,Hambantota,26.74,0.63
2026-03-09,Hambantota,28.54,0.64
2026-03-16,Hambantota,28.13,2.99
2026-03-23,Hambantota,29.26,2.37
2026-03-30,Hambantota,28.32,3.01
2026-04-06,Hambantota,29.86,1.89
2026-04-13,Hambantota,28.45,2.86
2026-04-20,Hambantota,28.66,5.71
2026-04-27,Hambantota,28.78,4.59
2026-05-04,Hambantota,28.76,6.43
2026-05-11,Hambantota,28.23,6.16
2026-05-18,Hambantota,29.45,0.26
2026-05-25,Hambantota,29.25,0.73
2026-06-01,Hambantota,29.58,1.1
2026-06-08,Hambantota,29.63,1.04
2026-06-15,Hambantota,29.46,0.54
2026-06-22,Hambantota,29.6,1.31
2026-06-29,Hambantota,30.34,0.26
2026-07-06,Hambantota,30.96,0.29
2026-07-13,Hambantota,29.56,0.19
2026-07-20,Hambantota,29.34,0.44
2026-07-27,Hambantota,29.83,0.8
2013-12-30,Jaffna,24.98,11.64
2014-01-06,Jaffna,24.91,13.7
2014-01-13,Jaffna,25.05,5.14
2014-01-20,Jaffna,25.33,0.36
2014-01-27,Jaffna,25.51,0.43
2014-02-03,Jaffna,25.13,0.0
2014-02-10,Jaffna,26.05,0.0
2014-02-17,Jaffna,26.73,0.39
2014-02-24,Jaffna,27.24,0.33
2014-03-03,Jaffna,27.64,0.01
2014-03-10,Jaffna,27.52,0.0
2014-03-17,Jaffna,28.58,0.06
2014-03-24,Jaffna,28.45,0.0
2014-03-31,Jaffna,29.39,0.06
2014-04-07,Jaffna,29.86,0.33
2014-04-14,Jaffna,29.74,0.2
2014-04-21,Jaffna,29.73,0.56
2014-04-28,Jaffna,28.99,4.2
2014-05-05,Jaffna,28.11,13.3
2014-05-12,Jaffna,29.75,0.0
2014-05-19,Jaffna,29.69,0.03
2014-05-26,Jaffna,29.67,0.64
2014-06-02,Jaffna,30.04,0.2
2014-06-09,Jaffna,30.46,0.23
2014-06-16,Jaffna,30.13,0.0
2014-06-23,Jaffna,29.69,0.0
2014-06-30,Jaffna,29.88,0.36
2014-07-07,Jaffna,29.41,1.07
2014-07-14,Jaffna,29.31,0.24
2014-07-21,Jaffna,29.64,0.6
2014-07-28,Jaffna,29.31,0.31
2014-08-04,Jaffna,28.76,3.8
2014-08-11,Jaffna,28.35,2.24
2014-08-18,Jaffna,27.97,4.83
2014-08-25,Jaffna,28.47,0.23
2014-09-01,Jaffna,28.36,0.74
2014-09-08,Jaffna,29.29,0.09
2014-09-15,Jaffna,29.31,0.34
2014-09-22,Jaffna,28.35,6.1
2014-09-29,Jaffna,27.83,3.96
2014-10-06,Jaffna,27.99,7.64
2014-10-13,Jaffna,27.11,14.73
2014-10-20,Jaffna,26.54,9.89
2014-10-27,Jaffna,26.67,7.09
2014-11-03,Jaffna,26.49,11.46
2014-11-10,Jaffna,26.69,9.01
2014-11-17,Jaffna,26.0,10.34
2014-11-24,Jaffna,25.3,20.77
2014-12-01,Jaffna,25.79,3.23
2014-12-08,Jaffna,25.78,6.2
2014-12-15,Jaffna,25.55,12.77
2014-12-22,Jaffna,24.81,20.67
2014-12-29,Jaffna,25.73,15.81
2015-01-05,Jaffna,25.95,0.0
2015-01-12,Jaffna,25.52,0.3
2015-01-19,Jaffna,25.51,0.76
2015-01-26,Jaffna,25.91,0.27
2015-02-02,Jaffna,25.9,1.27
2015-02-09,Jaffna,26.21,0.54
2015-02-16,Jaffna,26.31,0.0
2015-02-23,Jaffna,26.94,0.86
2015-03-02,Jaffna,28.14,0.07
2015-03-09,Jaffna,27.64,1.3
2015-03-16,Jaffna,27.74,0.27
2015-03-23,Jaffna,28.41,0.3
2015-03-30,Jaffna,29.25,0.53
2015-04-06,Jaffna,29.19,0.8
2015-04-13,Jaffna,27.7,4.77
2015-04-20,Jaffna,28.57,2.8
2015-04-27,Jaffna,29.35,0.96
2015-05-04,Jaffna,29.19,1.61
2015-05-11,Jaffna,27.54,19.47
2015-05-18,Jaffna,29.11,2.91
2015-05-25,Jaffna,29.25,0.83
2015-06-01,Jaffna,28.92,1.83
2015-06-08,Jaffna,29.24,1.3
2015-06-15,Jaffna,29.4,1.47
2015-06-22,Jaffna,29.26,0.2
2015-06-29,Jaffna,29.42,0.09
2015-07-06,Jaffna,29.49,0.19
2015-07-13,Jaffna,29.61,0.74
2015-07-20,Jaffna,28.76,1.73
2015-07-27,Jaffna,28.79,0.44
2015-08-03,Jaffna,29.06,0.43
2015-08-10,Jaffna,29.64,1.04
2015-08-17,Jaffna,28.25,6.87
2015-08-24,Jaffna,28.94,0.09
2015-08-31,Jaffna,28.68,1.84
2015-09-07,Jaffna,28.38,0.91
2015-09-14,Jaffna,29.27,0.39
2015-09-21,Jaffna,29.19,1.31
2015-09-28,Jaffna,27.4,11.97
2015-10-05,Jaffna,27.92,9.37
2015-10-12,Jaffna,27.64,3.89
2015-10-19,Jaffna,27.85,2.87
2015-10-26,Jaffna,26.36,16.6
2015-11-02,Jaffna,26.47,34.69
2015-11-09,Jaffna,26.28,25.2
2015-11-16,Jaffna,26.41,15.7
2015-11-23,Jaffna,26.61,4.87
2015-11-30,Jaffna,25.87,22.2
2015-12-07,Jaffna,26.51,8.3
2015-12-14,Jaffna,26.55,2.84
2015-12-21,Jaffna,26.71,1.37
2015-12-28,Jaffna,26.29,6.09
2016-01-04,Jaffna,26.16,1.0
2016-01-11,Jaffna,26.31,0.0
2016-01-18,Jaffna,26.94,0.63
2016-01-25,Jaffna,26.65,0.06
2016-02-01,Jaffna,26.75,0.0
2016-02-08,Jaffna,27.29,0.0
2016-02-15,Jaffna,27.81,0.5
2016-02-22,Jaffna,28.04,0.63
2016-02-29,Jaffna,28.11,0.29
2016-03-07,Jaffna,28.9,0.0
2016-03-14,Jaffna,28.94,0.0
2016-03-21,Jaffna,29.47,0.0
2016-03-28,Jaffna,29.65,0.56
2016-04-04,Jaffna,30.11,0.73
2016-04-11,Jaffna,30.83,0.2
2016-04-18,Jaffna,30.74,0.27
2016-04-25,Jaffna,30.84,0.37
2016-05-02,Jaffna,30.37,0.99
2016-05-09,Jaffna,29.44,4.43
2016-05-16,Jaffna,28.72,34.24
2016-05-23,Jaffna,29.81,0.17
2016-05-30,Jaffna,29.8,0.96
2016-06-06,Jaffna,29.09,1.27
2016-06-13,Jaffna,29.47,0.21
2016-06-20,Jaffna,28.66,2.9
2016-06-27,Jaffna,29.16,0.59
2016-07-04,Jaffna,29.41,0.36
2016-07-11,Jaffna,29.26,1.34
2016-07-18,Jaffna,28.52,1.99
2016-07-25,Jaffna,28.04,4.36
2016-08-01,Jaffna,29.09,0.0
2016-08-08,Jaffna,29.38,0.49
2016-08-15,Jaffna,29.41,0.06
2016-08-22,Jaffna,28.8,2.67
2016-08-29,Jaffna,28.16,3.24
2016-09-05,Jaffna,28.49,0.0
2016-09-12,Jaffna,28.97,0.26
2016-09-19,Jaffna,29.39,0.11
2016-09-26,Jaffna,28.61,0.49
2016-10-03,Jaffna,28.69,0.0
2016-10-10,Jaffna,28.88,0.14
2016-10-17,Jaffna,28.06,4.36
2016-10-24,Jaffna,28.17,2.57
2016-10-31,Jaffna,27.06,8.23
2016-11-07,Jaffna,27.42,1.51
2016-11-14,Jaffna,26.46,8.74
2016-11-21,Jaffna,26.5,3.04
2016-11-28,Jaffna,25.41,7.53
2016-12-05,Jaffna,26.02,0.56
2016-12-12,Jaffna,26.67,0.24
2016-12-19,Jaffna,25.69,1.47
2016-12-26,Jaffna,25.8,4.24
2017-01-02,Jaffna,25.59,0.33
2017-01-09,Jaffna,25.3,0.2
2017-01-16,Jaffna,25.69,4.64
2017-01-23,Jaffna,25.64,12.0
2017-01-30,Jaffna,24.95,0.34
2017-02-06,Jaffna,24.49,0.04
2017-02-13,Jaffna,26.15,0.56
2017-02-20,Jaffna,26.52,0.0
2017-02-27,Jaffna,27.04,3.19
2017-03-06,Jaffna,27.69,2.27
2017-03-13,Jaffna,28.09,2.24
2017-03-20,Jaffna,28.21,0.84
2017-03-27,Jaffna,29.34,0.51
2017-04-03,Jaffna,30.0,0.4
2017-04-10,Jaffna,30.11,1.01
2017-04-17,Jaffna,30.29,0.0
2017-04-24,Jaffna,30.25,0.0
2017-05-01,Jaffna,29.33,2.33
2017-05-08,Jaffna,29.81,2.09
2017-05-15,Jaffna,30.56,0.17
2017-05-22,Jaffna,30.18,0.71
2017-05-29,Jaffna,29.99,2.66
2017-06-05,Jaffna,29.73,1.51
2017-06-12,Jaffna,29.44,1.51
2017-06-19,Jaffna,29.25,3.26
2017-06-26,Jaffna,29.51,0.86
2017-07-03,Jaffna,30.19,1.23
2017-07-10,Jaffna,29.69,0.91
2017-07-17,Jaffna,29.21,0.79
2017-07-24,Jaffna,30.07,1.13
2017-07-31,Jaffna,29.72,2.83
2017-08-07,Jaffna,28.86,6.3
2017-08-14,Jaffna,27.92,9.46
2017-08-21,Jaffna,28.64,2.97
2017-08-28,Jaffna,28.44,9.01
2017-09-04,Jaffna,27.91,7.47
2017-09-11,Jaffna,28.04,4.6
2017-09-18,Jaffna,28.48,0.81
2017-09-25,Jaffna,27.98,6.57
2017-10-02,Jaffna,28.13,4.81
2017-10-09,Jaffna,27.54,11.87
2017-10-16,Jaffna,28.26,2.34
2017-10-23,Jaffna,27.55,7.67
2017-10-30,Jaffna,25.99,28.39
2017-11-06,Jaffna,26.26,12.29
2017-11-13,Jaffna,27.1,2.36
2017-11-20,Jaffna,26.84,13.47
2017-11-27,Jaffna,26.26,13.1
2017-12-04,Jaffna,26.29,0.53
2017-12-11,Jaffna,26.69,1.53
2017-12-18,Jaffna,25.78,1.73
2017-12-25,Jaffna,25.16,2.7
2018-01-01,Jaffna,24.95,0.03
2018-01-08,Jaffna,25.26,3.77
2018-01-15,Jaffna,24.84,0.1
2018-01-22,Jaffna,24.81,0.24
2018-01-29,Jaffna,24.94,0.0
2018-02-05,Jaffna,26.44,0.76
2018-02-12,Jaffna,26.02,0.76
2018-02-19,Jaffna,26.03,0.06
2018-02-26,Jaffna,27.29,0.44
2018-03-05,Jaffna,27.3,0.0
2018-03-12,Jaffna,27.85,3.76
2018-03-19,Jaffna,28.46,0.0
2018-03-26,Jaffna,29.01,1.19
2018-04-02,Jaffna,29.19,2.47
2018-04-09,Jaffna,28.96,5.36
2018-04-16,Jaffna,29.76,1.4
2018-04-23,Jaffna,29.96,1.16
2018-04-30,Jaffna,29.98,2.51
2018-05-07,Jaffna,28.8,8.3
2018-05-14,Jaffna,28.71,4.26
2018-05-21,Jaffna,28.13,11.57
2018-05-28,Jaffna,29.35,1.17
2018-06-04,Jaffna,28.91,1.46
2018-06-11,Jaffna,28.65,0.69
2018-06-18,Jaffna,28.46,0.53
2018-06-25,Jaffna,28.71,0.57
2018-07-02,Jaffna,28.99,2.6
2018-07-09,Jaffna,28.89,0.84
2018-07-16,Jaffna,29.12,0.57
2018-07-23,Jaffna,29.1,0.53
2018-07-30,Jaffna,28.28,0.1
2018-08-06,Jaffna,28.67,0.6
2018-08-13,Jaffna,28.03,1.57
2018-08-20,Jaffna,28.44,1.44
2018-08-27,Jaffna,28.52,0.6
2018-09-03,Jaffna,28.37,0.06
2018-09-10,Jaffna,28.4,0.03
2018-09-17,Jaffna,28.51,0.73
2018-09-24,Jaffna,28.1,5.01
2018-10-01,Jaffna,27.48,14.46
2018-10-08,Jaffna,27.98,3.4
2018-10-15,Jaffna,26.88,10.29
2018-10-22,Jaffna,26.36,15.26
2018-10-29,Jaffna,26.55,12.84
2018-11-05,Jaffna,26.54,11.67
2018-11-12,Jaffna,26.56,20.36
2018-11-19,Jaffna,26.39,14.01
2018-11-26,Jaffna,26.02,4.29
2018-12-03,Jaffna,26.66,4.27
2018-12-10,Jaffna,25.78,0.41
2018-12-17,Jaffna,25.56,13.57
2018-12-24,Jaffna,26.01,2.53
2018-12-31,Jaffna,24.94,0.21
2019-01-07,Jaffna,25.13,0.36
2019-01-14,Jaffna,24.79,0.0
2019-01-21,Jaffna,25.64,0.29
2019-01-28,Jaffna,26.21,0.24
2019-02-04,Jaffna,26.98,1.59
2019-02-11,Jaffna,27.52,0.53
2019-02-18,Jaffna,27.64,0.1
2019-02-25,Jaffna,28.16,0.39
2019-03-04,Jaffna,28.79,0.47
2019-03-11,Jaffna,28.62,0.24
2019-03-18,Jaffna,29.37,0.1
2019-03-25,Jaffna,29.2,0.03
2019-04-01,Jaffna,29.29,0.1
2019-04-08,Jaffna,30.16,0.59
2019-04-15,Jaffna,29.39,2.23
2019-04-22,Jaffna,30.16,0.7
2019-04-29,Jaffna,30.75,0.27
2019-05-06,Jaffna,30.43,0.0
2019-05-13,Jaffna,30.24,0.04
2019-05-20,Jaffna,29.97,0.6
2019-05-27,Jaffna,30.44,0.0
2019-06-03,Jaffna,29.96,0.51
2019-06-10,Jaffna,29.97,0.2
2019-06-17,Jaffna,30.44,0.14
2019-06-24,Jaffna,29.79,0.64
2019-07-01,Jaffna,29.36,0.43
2019-07-08,Jaffna,29.24,0.87
2019-07-15,Jaffna,29.52,1.91
2019-07-22,Jaffna,28.81,1.61
2019-07-29,Jaffna,29.13,0.01
2019-08-05,Jaffna,28.57,3.39
2019-08-12,Jaffna,28.82,3.5
2019-08-19,Jaffna,28.22,3.76
2019-08-26,Jaffna,28.29,1.74
2019-09-02,Jaffna,28.44,1.21
2019-09-09,Jaffna,28.59,6.31
2019-09-16,Jaffna,27.81,5.49
2019-09-23,Jaffna,27.35,3.99
2019-09-30,Jaffna,27.41,2.81
2019-10-07,Jaffna,27.49,4.69
2019-10-14,Jaffna,27.17,12.1
2019-10-21,Jaffna,26.95,12.01
2019-10-28,Jaffna,26.6,8.07
2019-11-04,Jaffna,27.47,1.96
2019-11-11,Jaffna,27.24,1.6
2019-11-18,Jaffna,27.41,3.23
2019-11-25,Jaffna,26.79,14.39
2019-12-02,Jaffna,26.15,10.24
2019-12-09,Jaffna,26.46,3.17
2019-12-16,Jaffna,26.61,1.89
2019-12-23,Jaffna,25.82,3.76
2019-12-30,Jaffna,26.61,0.86
2020-01-06,Jaffna,26.14,0.27
2020-01-13,Jaffna,25.49,0.66
2020-01-20,Jaffna,26.69,0.43
2020-01-27,Jaffna,26.38,0.04
2020-02-03,Jaffna,26.91,0.0
2020-02-10,Jaffna,27.24,0.23
2020-02-17,Jaffna,26.86,0.87
2020-02-24,Jaffna,27.65,0.06
2020-03-02,Jaffna,27.66,0.37
2020-03-09,Jaffna,28.34,0.0
2020-03-16,Jaffna,29.14,0.0
2020-03-23,Jaffna,28.96,0.0
2020-03-30,Jaffna,29.24,0.77
2020-04-06,Jaffna,29.71,0.8
2020-04-13,Jaffna,29.99,0.74
2020-04-20,Jaffna,30.32,0.96
2020-04-27,Jaffna,30.25,1.1
2020-05-04,Jaffna,30.24,2.43
2020-05-11,Jaffna,29.63,4.41
2020-05-18,Jaffna,30.47,0.2
2020-05-25,Jaffna,30.08,0.44
2020-06-01,Jaffna,29.29,1.94
2020-06-08,Jaffna,29.7,0.3
2020-06-15,Jaffna,30.4,0.13
2020-06-22,Jaffna,29.56,2.86
2020-06-29,Jaffna,29.01,1.23
2020-07-06,Jaffna,29.01,2.57
2020-07-13,Jaffna,28.97,1.66
2020-07-20,Jaffna,28.29,1.17
2020-07-27,Jaffna,28.54,2.47
2020-08-03,Jaffna,28.13,2.06
2020-08-10,Jaffna,28.39,0.2
2020-08-17,Jaffna,28.61,0.07
2020-08-24,Jaffna,28.89,1.59
2020-08-31,Jaffna,27.91,5.87
2020-09-07,Jaffna,28.17,2.13
2020-09-14,Jaffna,28.57,0.99
2020-09-21,Jaffna,28.29,1.8
2020-09-28,Jaffna,28.12,2.91
2020-10-05,Jaffna,28.31,4.64
2020-10-12,Jaffna,28.38,1.7
2020-10-19,Jaffna,28.44,3.66
2020-10-26,Jaffna,28.04,2.03
2020-11-02,Jaffna,27.4,6.9
2020-11-09,Jaffna,27.16,6.16
2020-11-16,Jaffna,27.14,6.69
2020-11-23,Jaffna,26.37,8.04
2020-11-30,Jaffna,25.83,43.97
2020-12-07,Jaffna,26.03,1.67
2020-12-14,Jaffna,25.51,10.61
2020-12-21,Jaffna,25.36,2.97
2020-12-28,Jaffna,25.86,4.37
2021-01-04,Jaffna,26.01,8.19
2021-01-11,Jaffna,25.67,22.99
2021-01-18,Jaffna,25.76,4.47
2021-01-25,Jaffna,25.64,0.87
2021-02-01,Jaffna,25.67,1.5
2021-02-08,Jaffna,25.21,0.14
2021-02-15,Jaffna,25.91,0.74
2021-02-22,Jaffna,26.44,0.26
2021-03-01,Jaffna,27.41,0.2
2021-03-08,Jaffna,28.04,0.91
2021-03-15,Jaffna,28.07,0.2
2021-03-22,Jaffna,29.07,1.17
2021-03-29,Jaffna,29.66,0.0
2021-04-05,Jaffna,29.39,0.86
2021-04-12,Jaffna,28.38,6.31
2021-04-19,Jaffna,29.47,0.61
2021-04-26,Jaffna,29.23,2.8
2021-05-03,Jaffna,28.93,5.49
2021-05-10,Jaffna,29.05,3.43
2021-05-17,Jaffna,29.06,4.54
2021-05-24,Jaffna,29.6,0.53
2021-05-31,Jaffna,29.11,6.99
2021-06-07,Jaffna,29.26,0.93
2021-06-14,Jaffna,29.2,0.34
2021-06-21,Jaffna,29.23,1.53
2021-06-28,Jaffna,28.66,2.43
2021-07-05,Jaffna,28.79,4.4
2021-07-12,Jaffna,28.8,1.24
2021-07-19,Jaffna,28.94,0.44
2021-07-26,Jaffna,29.16,0.23
2021-08-02,Jaffna,29.27,0.84
2021-08-09,Jaffna,28.94,2.11
2021-08-16,Jaffna,28.23,1.89
2021-08-23,Jaffna,27.99,1.4
2021-08-30,Jaffna,27.89,5.43
2021-09-06,Jaffna,28.26,0.17
2021-09-13,Jaffna,28.48,2.09
2021-09-20,Jaffna,29.1,2.16
2021-09-27,Jaffna,27.91,12.64
2021-10-04,Jaffna,27.3,7.49
2021-10-11,Jaffna,27.99,4.94
2021-10-18,Jaffna,27.34,10.16
2021-10-25,Jaffna,26.66,18.57
2021-11-01,Jaffna,26.43,24.77
2021-11-08,Jaffna,25.96,27.63
2021-11-15,Jaffna,26.81,13.0
2021-11-22,Jaffna,26.06,16.73
2021-11-29,Jaffna,26.43,4.31
2021-12-06,Jaffna,26.96,3.61
2021-12-13,Jaffna,26.33,2.26
2021-12-20,Jaffna,25.14,0.1
2021-12-27,Jaffna,25.14,7.77
2022-01-03,Jaffna,26.01,0.51
2022-01-10,Jaffna,26.34,1.21
2022-01-17,Jaffna,25.73,0.3
2022-01-24,Jaffna,26.49,1.44
2022-01-31,Jaffna,26.11,0.21
2022-02-07,Jaffna,25.74,8.57
2022-02-14,Jaffna,25.89,0.23
2022-02-21,Jaffna,27.04,0.39
2022-02-28,Jaffna,27.19,0.41
2022-03-07,Jaffna,27.37,0.3
2022-03-14,Jaffna,28.09,0.04
2022-03-21,Jaffna,29.01,1.04
2022-03-28,Jaffna,28.82,1.37
2022-04-04,Jaffna,28.01,9.31
2022-04-11,Jaffna,28.15,7.86
2022-04-18,Jaffna,28.21,5.63
2022-04-25,Jaffna,29.41,1.27
2022-05-02,Jaffna,30.23,0.49
2022-05-09,Jaffna,29.76,3.77
2022-05-16,Jaffna,28.83,0.94
2022-05-23,Jaffna,28.9,0.56
2022-05-30,Jaffna,28.96,0.21
2022-06-06,Jaffna,28.42,1.71
2022-06-13,Jaffna,28.48,3.39
2022-06-20,Jaffna,28.94,3.46
2022-06-27,Jaffna,29.66,1.27
2022-07-04,Jaffna,29.52,0.14
2022-07-11,Jaffna,28.54,0.34
2022-07-18,Jaffna,28.74,3.04
2022-07-25,Jaffna,28.07,4.66
2022-08-01,Jaffna,27.72,8.94
2022-08-08,Jaffna,28.26,0.29
2022-08-15,Jaffna,28.47,0.8
2022-08-22,Jaffna,27.76,4.69
2022-08-29,Jaffna,27.26,9.0
2022-09-05,Jaffna,27.51,1.83
2022-09-12,Jaffna,27.66,0.13
2022-09-19,Jaffna,28.3,0.51
2022-09-26,Jaffna,28.61,1.0
2022-10-03,Jaffna,28.23,6.9
2022-10-10,Jaffna,27.04,8.86
2022-10-17,Jaffna,26.55,12.26
2022-10-24,Jaffna,26.91,3.64
2022-10-31,Jaffna,25.97,23.37
2022-11-07,Jaffna,26.34,9.07
2022-11-14,Jaffna,26.04,2.73
2022-11-21,Jaffna,26.34,0.86
2022-11-28,Jaffna,26.4,4.17
2022-12-05,Jaffna,25.34,13.66
2022-12-12,Jaffna,26.18,2.83
2022-12-19,Jaffna,25.87,5.86
2022-12-26,Jaffna,26.21,0.6
2023-01-02,Jaffna,25.69,1.51
2023-01-09,Jaffna,24.51,0.0
2023-01-16,Jaffna,25.02,0.86
2023-01-23,Jaffna,25.47,0.81
2023-01-30,Jaffna,25.5,15.96
2023-02-06,Jaffna,25.51,0.16
2023-02-13,Jaffna,25.54,0.3
2023-02-20,Jaffna,26.35,0.0
2023-02-27,Jaffna,27.12,0.66
2023-03-06,Jaffna,27.67,0.73
2023-03-13,Jaffna,28.44,1.11
2023-03-20,Jaffna,28.47,1.46
2023-03-27,Jaffna,29.06,0.69
2023-04-03,Jaffna,29.29,0.99
2023-04-10,Jaffna,30.02,0.1
2023-04-17,Jaffna,29.96,0.49
2023-04-24,Jaffna,29.07,6.8
2023-05-01,Jaffna,27.65,11.57
2023-05-08,Jaffna,29.55,0.39
2023-05-15,Jaffna,29.86,0.16
2023-05-22,Jaffna,30.03,0.39
2023-05-29,Jaffna,30.19,0.06
2023-06-05,Jaffna,30.24,0.09
2023-06-12,Jaffna,30.07,6.07
2023-06-19,Jaffna,29.01,5.57
2023-06-26,Jaffna,29.27,2.7
2023-07-03,Jaffna,28.96,2.67
2023-07-10,Jaffna,29.12,0.56
2023-07-17,Jaffna,29.64,0.29
2023-07-24,Jaffna,29.36,0.41
2023-07-31,Jaffna,29.78,0.21
2023-08-07,Jaffna,29.47,0.1
2023-08-14,Jaffna,28.92,0.01
2023-08-21,Jaffna,29.38,0.17
2023-08-28,Jaffna,29.22,1.11
2023-09-04,Jaffna,28.81,1.61
2023-09-11,Jaffna,28.85,0.76
2023-09-18,Jaffna,28.46,0.91
2023-09-25,Jaffna,28.94,1.39
2023-10-02,Jaffna,28.73,0.79
2023-10-09,Jaffna,28.14,4.19
2023-10-16,Jaffna,27.65,5.53
2023-10-23,Jaffna,28.11,6.9
2023-10-30,Jaffna,27.2,14.61
2023-11-06,Jaffna,26.77,17.93
2023-11-13,Jaffna,26.09,27.73
2023-11-20,Jaffna,26.55,13.99
2023-11-27,Jaffna,26.41,13.34
2023-12-04,Jaffna,27.26,6.61
2023-12-11,Jaffna,26.35,14.0
2023-12-18,Jaffna,26.05,11.1
2023-12-25,Jaffna,26.68,2.2
2024-01-01,Jaffna,26.38,3.7
2024-01-08,Jaffna,26.81,2.87
2024-01-15,Jaffna,26.11,0.86
2024-01-22,Jaffna,26.71,0.07
2024-01-29,Jaffna,27.65,1.61
2024-02-05,Jaffna,27.49,0.4
2024-02-12,Jaffna,28.36,0.49
2024-02-19,Jaffna,28.67,0.13
2024-02-26,Jaffna,29.08,0.01
2024-03-04,Jaffna,28.68,0.0
2024-03-11,Jaffna,29.42,0.0
2024-03-18,Jaffna,29.82,0.2
2024-03-25,Jaffna,30.12,0.31
2024-04-01,Jaffna,30.41,0.87
2024-04-08,Jaffna,30.26,1.49
2024-04-15,Jaffna,30.76,0.61
2024-04-22,Jaffna,31.64,0.24
2024-04-29,Jaffna,31.91,1.34
2024-05-06,Jaffna,31.06,6.23
2024-05-13,Jaffna,28.38,21.16
2024-05-20,Jaffna,29.01,10.59
2024-05-27,Jaffna,29.89,3.19
2024-06-03,Jaffna,28.76,3.93
2024-06-10,Jaffna,29.31,0.46
2024-06-17,Jaffna,29.16,0.86
2024-06-24,Jaffna,28.94,1.0
2024-07-01,Jaffna,29.13,1.74
2024-07-08,Jaffna,29.41,3.49
2024-07-15,Jaffna,29.51,1.29
2024-07-22,Jaffna,29.87,0.24
2024-07-29,Jaffna,29.32,1.99
2024-08-05,Jaffna,29.24,5.7
2024-08-12,Jaffna,28.72,5.5
2024-08-19,Jaffna,28.41,3.76
2024-08-26,Jaffna,28.64,2.13
2024-09-02,Jaffna,29.39,1.39
2024-09-09,Jaffna,29.34,0.51
2024-09-16,Jaffna,30.56,0.74
2024-09-23,Jaffna,29.86,0.94
2024-09-30,Jaffna,28.84,3.56
2024-10-07,Jaffna,27.1,17.89
2024-10-14,Jaffna,27.61,6.29
2024-10-21,Jaffna,27.03,10.9
2024-10-28,Jaffna,27.47,5.71
2024-11-04,Jaffna,26.89,6.61
2024-11-11,Jaffna,26.91,10.33
2024-11-18,Jaffna,25.96,13.84
2024-11-25,Jaffna,25.74,42.21
2024-12-02,Jaffna,27.53,1.06
2024-12-09,Jaffna,26.48,17.9
2024-12-16,Jaffna,26.5,2.64
2024-12-23,Jaffna,26.53,1.46
2024-12-30,Jaffna,26.09,2.87
2025-01-06,Jaffna,25.94,3.41
2025-01-13,Jaffna,25.94,5.7
2025-01-20,Jaffna,26.01,1.0
2025-01-27,Jaffna,26.26,1.91
2025-02-03,Jaffna,26.54,0.09
2025-02-10,Jaffna,26.59,0.1
2025-02-17,Jaffna,27.69,0.0
2025-02-24,Jaffna,26.96,7.57
2025-03-03,Jaffna,27.64,0.07
2025-03-10,Jaffna,27.71,6.33
2025-03-17,Jaffna,28.88,1.3
2025-03-24,Jaffna,29.03,0.2
2025-03-31,Jaffna,28.32,5.49
2025-04-07,Jaffna,29.47,1.44
2025-04-14,Jaffna,30.12,0.43
2025-04-21,Jaffna,29.45,1.64
2025-04-28,Jaffna,29.11,3.1
2025-05-05,Jaffna,29.58,1.37
2025-05-12,Jaffna,29.98,3.67
2025-05-19,Jaffna,29.49,0.99
2025-05-26,Jaffna,29.36,5.49
2025-06-02,Jaffna,29.83,0.69
2025-06-09,Jaffna,29.31,0.8
2025-06-16,Jaffna,29.33,1.39
2025-06-23,Jaffna,29.54,0.8
2025-06-30,Jaffna,29.95,0.1
2025-07-07,Jaffna,30.39,0.87
2025-07-14,Jaffna,30.26,0.99
2025-07-21,Jaffna,28.85,1.29
2025-07-28,Jaffna,29.31,3.14
2025-08-04,Jaffna,28.6,3.29
2025-08-11,Jaffna,28.04,3.34
2025-08-18,Jaffna,28.91,0.54
2025-08-25,Jaffna,29.29,1.33
2025-09-01,Jaffna,29.16,4.19
2025-09-08,Jaffna,28.84,3.0
2025-09-15,Jaffna,27.99,6.33
2025-09-22,Jaffna,28.24,6.5
2025-09-29,Jaffna,28.71,1.54
2025-10-06,Jaffna,28.66,3.19
2025-10-13,Jaffna,27.64,14.7
2025-10-20,Jaffna,27.14,12.59
2025-10-27,Jaffna,28.53,0.5
2025-11-03,Jaffna,28.09,2.7
2025-11-10,Jaffna,26.64,9.09
2025-11-17,Jaffna,26.21,18.8
2025-11-24,Jaffna,25.44,47.46
2025-12-01,Jaffna,26.63,5.09
2025-12-08,Jaffna,25.46,7.56
2025-12-15,Jaffna,25.66,2.27
2025-12-22,Jaffna,25.99,0.54
2025-12-29,Jaffna,26.02,3.31
2026-01-05,Jaffna,25.41,6.63
2026-01-12,Jaffna,25.44,2.94
2026-01-19,Jaffna,25.1,1.79
2026-01-26,Jaffna,25.75,2.54
2026-02-02,Jaffna,26.21,1.19
2026-02-09,Jaffna,26.28,0.41
2026-02-16,Jaffna,26.71,2.11
2026-02-23,Jaffna,27.57,0.67
2026-03-02,Jaffna,27.88,0.17
2026-03-09,Jaffna,28.74,0.54
2026-03-16,Jaffna,28.71,3.41
2026-03-23,Jaffna,29.09,0.07
2026-03-30,Jaffna,29.85,0.91
2026-04-06,Jaffna,29.74,2.01
2026-04-13,Jaffna,30.51,0.56
2026-04-20,Jaffna,30.85,0.69
2026-04-27,Jaffna,30.89,0.47
2026-05-04,Jaffna,29.31,5.81
2026-05-11,Jaffna,28.41,12.57
2026-05-18,Jaffna,29.94,0.0
2026-05-25,Jaffna,29.79,0.04
2026-06-01,Jaffna,29.96,0.19
2026-06-08,Jaffna,29.6,0.63
2026-06-15,Jaffna,29.65,1.51
2026-06-22,Jaffna,30.04,0.27
2026-06-29,Jaffna,30.32,0.66
2026-07-06,Jaffna,30.09,0.09
2026-07-13,Jaffna,29.29,0.14
2026-07-20,Jaffna,29.46,0.09
2026-07-27,Jaffna,29.78,0.27
2013-12-30,Kalutara,26.46,0.0
2014-01-06,Kalutara,26.41,2.17
2014-01-13,Kalutara,26.49,1.0
2014-01-20,Kalutara,26.92,0.06
2014-01-27,Kalutara,26.88,2.13
2014-02-03,Kalutara,26.63,0.03
2014-02-10,Kalutara,27.01,0.03
2014-02-17,Kalutara,28.06,1.16
2014-02-24,Kalutara,28.44,0.69
2014-03-03,Kalutara,28.5,2.83
2014-03-10,Kalutara,28.5,0.27
2014-03-17,Kalutara,28.04,6.83
2014-03-24,Kalutara,28.72,0.3
2014-03-31,Kalutara,28.3,10.9
2014-04-07,Kalutara,27.54,3.23
2014-04-14,Kalutara,27.33,3.39
2014-04-21,Kalutara,27.45,16.14
2014-04-28,Kalutara,26.91,10.3
2014-05-05,Kalutara,27.04,15.47
2014-05-12,Kalutara,27.86,2.63
2014-05-19,Kalutara,27.51,5.97
2014-05-26,Kalutara,27.09,7.97
2014-06-02,Kalutara,27.24,8.59
2014-06-09,Kalutara,27.31,8.17
2014-06-16,Kalutara,27.12,3.03
2014-06-23,Kalutara,26.93,3.77
2014-06-30,Kalutara,26.9,7.74
2014-07-07,Kalutara,26.85,5.3
2014-07-14,Kalutara,26.65,3.41
2014-07-21,Kalutara,26.6,5.89
2014-07-28,Kalutara,26.29,6.57
2014-08-04,Kalutara,26.23,7.14
2014-08-11,Kalutara,25.87,13.26
2014-08-18,Kalutara,26.01,10.57
2014-08-25,Kalutara,26.59,1.44
2014-09-01,Kalutara,25.91,12.61
2014-09-08,Kalutara,26.19,7.86
2014-09-15,Kalutara,26.68,5.3
2014-09-22,Kalutara,26.41,9.39
2014-09-29,Kalutara,26.31,12.81
2014-10-06,Kalutara,26.41,12.56
2014-10-13,Kalutara,26.2,39.7
2014-10-20,Kalutara,26.41,11.61
2014-10-27,Kalutara,25.89,11.07
2014-11-03,Kalutara,26.21,7.37
2014-11-10,Kalutara,26.54,9.17
2014-11-17,Kalutara,26.12,16.17
2014-11-24,Kalutara,25.42,9.44
2014-12-01,Kalutara,26.23,3.64
2014-12-08,Kalutara,26.26,11.49
2014-12-15,Kalutara,25.88,19.03
2014-12-22,Kalutara,24.26,31.96
2014-12-29,Kalutara,26.06,0.56
2015-01-05,Kalutara,26.29,0.7
2015-01-12,Kalutara,26.21,0.51
2015-01-19,Kalutara,26.76,1.51
2015-01-26,Kalutara,26.72,2.3
2015-02-02,Kalutara,26.94,2.84
2015-02-09,Kalutara,26.44,6.03
2015-02-16,Kalutara,26.21,0.0
2015-02-23,Kalutara,26.91,2.84
2015-03-02,Kalutara,27.23,1.14
2015-03-09,Kalutara,27.05,6.14
2015-03-16,Kalutara,27.39,0.77
2015-03-23,Kalutara,27.99,9.4
2015-03-30,Kalutara,27.59,9.66
2015-04-06,Kalutara,27.55,7.17
2015-04-13,Kalutara,27.35,5.31
2015-04-20,Kalutara,27.14,16.09
2015-04-27,Kalutara,27.41,5.41
2015-05-04,Kalutara,27.21,12.41
2015-05-11,Kalutara,27.16,7.01
2015-05-18,Kalutara,27.34,9.79
2015-05-25,Kalutara,27.66,6.71
2015-06-01,Kalutara,27.09,8.11
2015-06-08,Kalutara,27.18,4.59
2015-06-15,Kalutara,27.04,7.87
2015-06-22,Kalutara,27.14,9.59
2015-06-29,Kalutara,26.86,8.76
2015-07-06,Kalutara,27.13,7.44
2015-07-13,Kalutara,26.83,6.6
2015-07-20,Kalutara,26.36,9.8
2015-07-27,Kalutara,26.76,2.09
2015-08-03,Kalutara,26.64,7.71
2015-08-10,Kalutara,27.08,3.86
2015-08-17,Kalutara,26.94,5.37
2015-08-24,Kalutara,26.26,8.04
2015-08-31,Kalutara,26.71,5.79
2015-09-07,Kalutara,26.55,8.0
2015-09-14,Kalutara,26.58,12.69
2015-09-21,Kalutara,26.39,13.91
2015-09-28,Kalutara,26.23,11.94
2015-10-05,Kalutara,26.64,5.49
2015-10-12,Kalutara,26.85,29.1
2015-10-19,Kalutara,26.35,35.9
2015-10-26,Kalutara,26.09,10.36
2015-11-02,Kalutara,26.32,14.93
2015-11-09,Kalutara,25.82,17.23
2015-11-16,Kalutara,26.71,6.76
2015-11-23,Kalutara,26.8,6.89
2015-11-30,Kalutara,26.3,11.93
2015-12-07,Kalutara,26.62,13.83
2015-12-14,Kalutara,26.32,12.67
2015-12-21,Kalutara,26.78,0.67
2015-12-28,Kalutara,27.07,4.54
2016-01-04,Kalutara,27.15,2.44
2016-01-11,Kalutara,26.99,0.0
2016-01-18,Kalutara,27.41,1.01
2016-01-25,Kalutara,27.49,1.11
2016-02-01,Kalutara,27.4,0.0
2016-02-08,Kalutara,28.11,0.41
2016-02-15,Kalutara,27.46,5.91
2016-02-22,Kalutara,27.79,1.54
2016-02-29,Kalutara,28.4,1.84
2016-03-07,Kalutara,28.25,1.3
2016-03-14,Kalutara,28.86,0.57
2016-03-21,Kalutara,29.06,0.66
2016-03-28,Kalutara,28.91,3.17
2016-04-04,Kalutara,28.95,3.3
2016-04-11,Kalutara,29.19,2.26
2016-04-18,Kalutara,28.74,4.07
2016-04-25,Kalutara,28.99,5.17
2016-05-02,Kalutara,28.11,5.71
2016-05-09,Kalutara,26.96,52.83
2016-05-16,Kalutara,27.48,24.86
2016-05-23,Kalutara,27.27,14.46
2016-05-30,Kalutara,27.14,9.51
2016-06-06,Kalutara,27.1,11.97
2016-06-13,Kalutara,27.16,5.91
2016-06-20,Kalutara,27.04,6.83
2016-06-27,Kalutara,27.01,3.53
2016-07-04,Kalutara,27.21,4.03
2016-07-11,Kalutara,26.46,6.23
2016-07-18,Kalutara,26.51,3.33
2016-07-25,Kalutara,26.06,12.74
2016-08-01,Kalutara,27.09,2.03
2016-08-08,Kalutara,26.83,3.67
2016-08-15,Kalutara,26.67,3.2
2016-08-22,Kalutara,26.41,6.46
2016-08-29,Kalutara,25.94,8.37
2016-09-05,Kalutara,26.36,1.8
2016-09-12,Kalutara,26.31,6.13
2016-09-19,Kalutara,26.76,3.34
2016-09-26,Kalutara,26.61,4.03
2016-10-03,Kalutara,26.61,1.41
2016-10-10,Kalutara,26.9,4.23
2016-10-17,Kalutara,26.53,4.81
2016-10-24,Kalutara,26.22,6.69
2016-10-31,Kalutara,26.01,13.29
2016-11-07,Kalutara,26.45,11.41
2016-11-14,Kalutara,26.17,23.97
2016-11-21,Kalutara,26.7,7.26
2016-11-28,Kalutara,25.87,0.61
2016-12-05,Kalutara,26.72,1.51
2016-12-12,Kalutara,26.26,1.26
2016-12-19,Kalutara,26.04,1.47
2016-12-26,Kalutara,26.54,5.21
2017-01-02,Kalutara,25.61,0.21
2017-01-09,Kalutara,25.29,0.07
2017-01-16,Kalutara,26.91,3.34
2017-01-23,Kalutara,26.22,9.99
2017-01-30,Kalutara,25.41,3.23
2017-02-06,Kalutara,25.76,0.26
2017-02-13,Kalutara,26.79,3.81
2017-02-20,Kalutara,26.14,1.17
2017-02-27,Kalutara,26.51,6.17
2017-03-06,Kalutara,26.94,4.86
2017-03-13,Kalutara,26.64,4.04
2017-03-20,Kalutara,26.94,0.67
2017-03-27,Kalutara,27.24,3.27
2017-04-03,Kalutara,27.25,4.84
2017-04-10,Kalutara,27.41,8.01
2017-04-17,Kalutara,28.29,1.79
2017-04-24,Kalutara,27.81,2.86
2017-05-01,Kalutara,27.63,4.66
2017-05-08,Kalutara,27.46,4.59
2017-05-15,Kalutara,27.74,14.16
2017-05-22,Kalutara,26.93,18.96
2017-05-29,Kalutara,27.13,16.77
2017-06-05,Kalutara,27.22,5.8
2017-06-12,Kalutara,26.7,8.36
2017-06-19,Kalutara,26.55,13.67
2017-06-26,Kalutara,26.93,7.34
2017-07-03,Kalutara,27.49,9.61
2017-07-10,Kalutara,27.43,3.2
2017-07-17,Kalutara,27.2,5.91
2017-07-24,Kalutara,27.31,9.57
2017-07-31,Kalutara,26.86,12.51
2017-08-07,Kalutara,26.74,12.76
2017-08-14,Kalutara,26.71,5.99
2017-08-21,Kalutara,26.96,5.49
2017-08-28,Kalutara,26.41,10.87
2017-09-04,Kalutara,26.0,19.59
2017-09-11,Kalutara,26.51,9.7
2017-09-18,Kalutara,27.11,3.16
2017-09-25,Kalutara,26.61,8.03
2017-10-02,Kalutara,26.59,12.63
2017-10-09,Kalutara,25.96,18.27
2017-10-16,Kalutara,26.91,8.87
2017-10-23,Kalutara,26.58,3.76
2017-10-30,Kalutara,26.07,20.07
2017-11-06,Kalutara,26.08,19.54
2017-11-13,Kalutara,26.66,4.14
2017-11-20,Kalutara,25.71,8.64
2017-11-27,Kalutara,25.49,34.46
2017-12-04,Kalutara,25.77,0.77
2017-12-11,Kalutara,26.02,3.04
2017-12-18,Kalutara,26.07,3.66
2017-12-25,Kalutara,26.26,1.01
2018-01-01,Kalutara,25.71,0.24
2018-01-08,Kalutara,25.84,2.01
2018-01-15,Kalutara,26.2,0.13
2018-01-22,Kalutara,26.55,0.1
2018-01-29,Kalutara,26.88,3.03
2018-02-05,Kalutara,26.19,2.97
2018-02-12,Kalutara,26.66,0.91
2018-02-19,Kalutara,26.74,1.97
2018-02-26,Kalutara,26.76,11.71
2018-03-05,Kalutara,26.5,7.91
2018-03-12,Kalutara,27.09,5.83
2018-03-19,Kalutara,27.2,2.07
2018-03-26,Kalutara,27.33,3.39
2018-04-02,Kalutara,26.9,5.06
2018-04-09,Kalutara,27.01,14.36
2018-04-16,Kalutara,27.41,2.71
2018-04-23,Kalutara,27.27,4.8
2018-04-30,Kalutara,27.06,6.54
2018-05-07,Kalutara,26.8,17.29
2018-05-14,Kalutara,26.44,21.26
2018-05-21,Kalutara,26.39,28.39
2018-05-28,Kalutara,27.62,12.7
2018-06-04,Kalutara,27.06,12.16
2018-06-11,Kalutara,26.76,10.41
2018-06-18,Kalutara,26.72,6.1
2018-06-25,Kalutara,26.58,9.14
2018-07-02,Kalutara,26.85,5.53
2018-07-09,Kalutara,26.37,8.73
2018-07-16,Kalutara,26.8,2.9
2018-07-23,Kalutara,26.72,2.24
2018-07-30,Kalutara,26.44,5.23
2018-08-06,Kalutara,26.37,3.29
2018-08-13,Kalutara,26.21,5.43
2018-08-20,Kalutara,26.06,1.81
2018-08-27,Kalutara,26.49,2.31
2018-09-03,Kalutara,26.79,0.71
2018-09-10,Kalutara,27.24,0.54
2018-09-17,Kalutara,26.94,7.26
2018-09-24,Kalutara,26.09,10.84
2018-10-01,Kalutara,26.06,11.94
2018-10-08,Kalutara,25.71,11.5
2018-10-15,Kalutara,25.75,6.09
2018-10-22,Kalutara,25.89,15.81
2018-10-29,Kalutara,26.26,9.44
2018-11-05,Kalutara,25.81,21.2
2018-11-12,Kalutara,26.14,1.81
2018-11-19,Kalutara,25.81,10.46
2018-11-26,Kalutara,26.1,3.49
2018-12-03,Kalutara,26.26,4.16
2018-12-10,Kalutara,25.69,0.24
2018-12-17,Kalutara,25.63,3.04
2018-12-24,Kalutara,25.66,2.43
2018-12-31,Kalutara,26.41,0.19
2019-01-07,Kalutara,26.15,1.84
2019-01-14,Kalutara,26.15,2.86
2019-01-21,Kalutara,25.9,0.59
2019-01-28,Kalutara,26.91,0.54
2019-02-04,Kalutara,26.29,9.51
2019-02-11,Kalutara,26.84,2.44
2019-02-18,Kalutara,27.15,1.16
2019-02-25,Kalutara,27.25,2.11
2019-03-04,Kalutara,26.82,3.71
2019-03-11,Kalutara,27.36,1.03
2019-03-18,Kalutara,27.61,3.8
2019-03-25,Kalutara,27.64,0.4
2019-04-01,Kalutara,28.61,0.24
2019-04-08,Kalutara,28.6,3.23
2019-04-15,Kalutara,27.77,9.34
2019-04-22,Kalutara,27.73,2.91
2019-04-29,Kalutara,27.53,9.44
2019-05-06,Kalutara,28.46,1.43
2019-05-13,Kalutara,27.54,4.23
2019-05-20,Kalutara,27.26,9.3
2019-05-27,Kalutara,27.77,5.71
2019-06-03,Kalutara,27.03,19.39
2019-06-10,Kalutara,27.72,8.51
2019-06-17,Kalutara,27.84,7.5
2019-06-24,Kalutara,28.11,3.19
2019-07-01,Kalutara,28.08,1.64
2019-07-08,Kalutara,26.96,5.17
2019-07-15,Kalutara,27.03,13.33
2019-07-22,Kalutara,26.79,5.71
2019-07-29,Kalutara,27.16,3.33
2019-08-05,Kalutara,26.79,13.69
2019-08-12,Kalutara,26.64,18.57
2019-08-19,Kalutara,26.21,15.34
2019-08-26,Kalutara,26.2,11.24
2019-09-02,Kalutara,26.8,4.39
2019-09-09,Kalutara,26.36,11.24
2019-09-16,Kalutara,26.14,11.94
2019-09-23,Kalutara,25.92,19.57
2019-09-30,Kalutara,25.99,9.97
2019-10-07,Kalutara,25.96,10.91
2019-10-14,Kalutara,26.12,24.59
2019-10-21,Kalutara,25.81,15.17
2019-10-28,Kalutara,25.78,8.37
2019-11-04,Kalutara,26.31,6.61
2019-11-11,Kalutara,26.37,12.01
2019-11-18,Kalutara,26.14,7.56
2019-11-25,Kalutara,26.05,14.79
2019-12-02,Kalutara,26.24,9.11
2019-12-09,Kalutara,26.16,4.69
2019-12-16,Kalutara,26.29,5.89
2019-12-23,Kalutara,26.39,3.34
2019-12-30,Kalutara,26.76,2.03
2020-01-06,Kalutara,26.44,0.89
2020-01-13,Kalutara,26.7,1.01
2020-01-20,Kalutara,27.16,0.74
2020-01-27,Kalutara,26.31,0.27
2020-02-03,Kalutara,26.67,0.54
2020-02-10,Kalutara,27.65,3.66
2020-02-17,Kalutara,27.22,0.5
2020-02-24,Kalutara,27.91,0.46
2020-03-02,Kalutara,27.86,0.49
2020-03-09,Kalutara,28.52,0.91
2020-03-16,Kalutara,27.61,3.96
2020-03-23,Kalutara,27.98,0.91
2020-03-30,Kalutara,27.86,3.87
2020-04-06,Kalutara,27.86,3.79
2020-04-13,Kalutara,27.89,8.13
2020-04-20,Kalutara,27.71,7.54
2020-04-27,Kalutara,28.15,3.31
2020-05-04,Kalutara,27.56,8.33
2020-05-11,Kalutara,27.38,8.76
2020-05-18,Kalutara,27.76,15.0
2020-05-25,Kalutara,27.44,10.11
2020-06-01,Kalutara,27.31,11.39
2020-06-08,Kalutara,27.43,8.86
2020-06-15,Kalutara,27.81,6.19
2020-06-22,Kalutara,27.1,6.74
2020-06-29,Kalutara,27.34,6.13
2020-07-06,Kalutara,26.92,10.61
2020-07-13,Kalutara,27.24,6.61
2020-07-20,Kalutara,26.29,9.99
2020-07-27,Kalutara,26.62,9.01
2020-08-03,Kalutara,26.61,12.63
2020-08-10,Kalutara,26.81,2.37
2020-08-17,Kalutara,27.19,1.71
2020-08-24,Kalutara,27.47,2.07
2020-08-31,Kalutara,26.26,16.9
2020-09-07,Kalutara,26.4,8.51
2020-09-14,Kalutara,26.32,11.01
2020-09-21,Kalutara,26.33,10.34
2020-09-28,Kalutara,26.78,6.53
2020-10-05,Kalutara,26.81,5.04
2020-10-12,Kalutara,26.94,4.63
2020-10-19,Kalutara,26.84,3.03
2020-10-26,Kalutara,26.59,1.89
2020-11-02,Kalutara,26.66,4.97
2020-11-09,Kalutara,26.49,15.8
2020-11-16,Kalutara,26.46,13.37
2020-11-23,Kalutara,26.43,2.23
2020-11-30,Kalutara,26.39,5.97
2020-12-07,Kalutara,26.4,1.59
2020-12-14,Kalutara,25.98,3.86
2020-12-21,Kalutara,25.63,2.77
2020-12-28,Kalutara,25.8,16.29
2021-01-04,Kalutara,25.69,6.23
2021-01-11,Kalutara,25.62,18.11
2021-01-18,Kalutara,26.13,7.06
2021-01-25,Kalutara,25.8,1.63
2021-02-01,Kalutara,26.42,1.93
2021-02-08,Kalutara,26.51,0.53
2021-02-15,Kalutara,26.64,1.1
2021-02-22,Kalutara,27.17,1.34
2021-03-01,Kalutara,27.09,1.5
2021-03-08,Kalutara,26.71,11.27
2021-03-15,Kalutara,26.42,4.24
2021-03-22,Kalutara,26.73,14.71
2021-03-29,Kalutara,27.15,1.07
2021-04-05,Kalutara,27.28,1.6
2021-04-12,Kalutara,26.83,6.21
2021-04-19,Kalutara,27.07,3.63
2021-04-26,Kalutara,27.51,3.04
2021-05-03,Kalutara,26.94,13.2
2021-05-10,Kalutara,27.43,15.84
2021-05-17,Kalutara,27.53,7.56
2021-05-24,Kalutara,27.51,17.57
2021-05-31,Kalutara,26.96,11.57
2021-06-07,Kalutara,27.04,11.8
2021-06-14,Kalutara,27.54,2.14
2021-06-21,Kalutara,26.75,7.61
2021-06-28,Kalutara,26.84,10.73
2021-07-05,Kalutara,26.77,16.24
2021-07-12,Kalutara,27.21,2.54
2021-07-19,Kalutara,26.96,7.96
2021-07-26,Kalutara,27.03,5.69
2021-08-02,Kalutara,26.74,8.67
2021-08-09,Kalutara,26.6,10.94
2021-08-16,Kalutara,26.41,4.9
2021-08-23,Kalutara,26.26,10.39
2021-08-30,Kalutara,26.37,6.53
2021-09-06,Kalutara,26.89,5.01
2021-09-13,Kalutara,26.63,10.91
2021-09-20,Kalutara,26.94,11.31
2021-09-27,Kalutara,26.21,9.49
2021-10-04,Kalutara,26.76,11.41
2021-10-11,Kalutara,27.29,6.71
2021-10-18,Kalutara,26.46,5.06
2021-10-25,Kalutara,25.61,12.99
2021-11-01,Kalutara,25.64,17.97
2021-11-08,Kalutara,25.9,20.7
2021-11-15,Kalutara,26.05,14.01
2021-11-22,Kalutara,25.68,13.6
2021-11-29,Kalutara,25.51,5.57
2021-12-06,Kalutara,26.16,2.54
2021-12-13,Kalutara,26.04,7.16
2021-12-20,Kalutara,25.65,0.64
2021-12-27,Kalutara,25.82,0.86
2022-01-03,Kalutara,26.14,4.69
2022-01-10,Kalutara,26.23,1.97
2022-01-17,Kalutara,25.66,2.1
2022-01-24,Kalutara,25.89,0.79
2022-01-31,Kalutara,26.12,1.7
2022-02-07,Kalutara,26.51,5.83
2022-02-14,Kalutara,26.58,2.24
2022-02-21,Kalutara,26.5,1.81
2022-02-28,Kalutara,27.39,0.49
2022-03-07,Kalutara,26.79,4.67
2022-03-14,Kalutara,26.65,3.34
2022-03-21,Kalutara,27.14,1.66
2022-03-28,Kalutara,27.06,4.17
2022-04-04,Kalutara,25.9,13.13
2022-04-11,Kalutara,27.1,6.46
2022-04-18,Kalutara,26.89,5.49
2022-04-25,Kalutara,27.23,5.67
2022-05-02,Kalutara,27.7,6.86
2022-05-09,Kalutara,26.64,32.84
2022-05-16,Kalutara,27.32,12.89
2022-05-23,Kalutara,26.09,21.06
2022-05-30,Kalutara,26.26,18.77
2022-06-06,Kalutara,26.41,7.46
2022-06-13,Kalutara,26.14,13.19
2022-06-20,Kalutara,26.45,10.84
2022-06-27,Kalutara,27.24,10.36
2022-07-04,Kalutara,26.93,2.56
2022-07-11,Kalutara,27.04,2.47
2022-07-18,Kalutara,26.56,5.03
2022-07-25,Kalutara,26.14,7.0
2022-08-01,Kalutara,25.99,17.34
2022-08-08,Kalutara,26.66,1.69
2022-08-15,Kalutara,26.71,3.44
2022-08-22,Kalutara,26.17,15.1
2022-08-29,Kalutara,25.7,15.84
2022-09-05,Kalutara,26.32,7.19
2022-09-12,Kalutara,26.28,2.47
2022-09-19,Kalutara,26.58,4.11
2022-09-26,Kalutara,26.59,7.84
2022-10-03,Kalutara,26.24,8.67
2022-10-10,Kalutara,25.5,16.56
2022-10-17,Kalutara,25.48,19.09
2022-10-24,Kalutara,25.98,7.44
2022-10-31,Kalutara,25.51,18.33
2022-11-07,Kalutara,25.36,11.54
2022-11-14,Kalutara,25.66,4.0
2022-11-21,Kalutara,25.9,0.54
2022-11-28,Kalutara,25.75,6.94
2022-12-05,Kalutara,25.51,5.71
2022-12-12,Kalutara,25.65,2.0
2022-12-19,Kalutara,25.7,5.74
2022-12-26,Kalutara,25.59,1.76
2023-01-02,Kalutara,25.69,4.24
2023-01-09,Kalutara,25.27,0.99
2023-01-16,Kalutara,25.26,1.84
2023-01-23,Kalutara,25.19,3.29
2023-01-30,Kalutara,25.54,3.76
2023-02-06,Kalutara,25.71,1.27
2023-02-13,Kalutara,26.2,3.7
2023-02-20,Kalutara,25.75,3.6
2023-02-27,Kalutara,26.34,5.5
2023-03-06,Kalutara,26.26,2.37
2023-03-13,Kalutara,26.71,7.29
2023-03-20,Kalutara,26.66,3.84
2023-03-27,Kalutara,27.14,1.9
2023-04-03,Kalutara,26.94,4.49
2023-04-10,Kalutara,27.43,2.49
2023-04-17,Kalutara,27.93,2.47
2023-04-24,Kalutara,27.29,11.49
2023-05-01,Kalutara,26.61,15.6
2023-05-08,Kalutara,27.1,11.57
2023-05-15,Kalutara,27.76,3.4
2023-05-22,Kalutara,27.62,2.11
2023-05-29,Kalutara,27.15,7.16
2023-06-05,Kalutara,26.86,9.79
2023-06-12,Kalutara,27.51,9.13
2023-06-19,Kalutara,26.77,12.03
2023-06-26,Kalutara,26.36,19.14
2023-07-03,Kalutara,26.29,12.87
2023-07-10,Kalutara,26.84,4.44
2023-07-17,Kalutara,27.34,3.64
2023-07-24,Kalutara,26.79,5.49
2023-07-31,Kalutara,27.31,3.67
2023-08-07,Kalutara,27.09,3.83
2023-08-14,Kalutara,27.25,1.99
2023-08-21,Kalutara,27.11,2.61
2023-08-28,Kalutara,26.43,26.03
2023-09-04,Kalutara,26.18,22.0
2023-09-11,Kalutara,26.49,15.36
2023-09-18,Kalutara,26.39,11.69
2023-09-25,Kalutara,26.21,22.67
2023-10-02,Kalutara,26.27,23.46
2023-10-09,Kalutara,25.97,16.51
2023-10-16,Kalutara,25.55,25.14
2023-10-23,Kalutara,26.2,17.9
2023-10-30,Kalutara,25.95,13.77
2023-11-06,Kalutara,25.96,23.7
2023-11-13,Kalutara,26.08,19.23
2023-11-20,Kalutara,26.44,21.74
2023-11-27,Kalutara,26.06,10.09
2023-12-04,Kalutara,26.09,19.24
2023-12-11,Kalutara,26.29,12.81
2023-12-18,Kalutara,26.44,6.4
2023-12-25,Kalutara,26.52,3.7
2024-01-01,Kalutara,26.28,9.14
2024-01-08,Kalutara,26.14,4.76
2024-01-15,Kalutara,25.91,1.97
2024-01-22,Kalutara,26.86,0.66
2024-01-29,Kalutara,27.04,7.03
2024-02-05,Kalutara,26.69,0.56
2024-02-12,Kalutara,27.76,1.43
2024-02-19,Kalutara,28.22,1.3
2024-02-26,Kalutara,28.5,0.97
2024-03-04,Kalutara,27.92,0.27
2024-03-11,Kalutara,28.29,1.0
2024-03-18,Kalutara,28.59,2.37
2024-03-25,Kalutara,28.12,4.2
2024-04-01,Kalutara,28.35,4.46
2024-04-08,Kalutara,28.34,7.09
2024-04-15,Kalutara,28.04,8.57
2024-04-22,Kalutara,28.3,2.99
2024-04-29,Kalutara,28.64,4.4
2024-05-06,Kalutara,27.96,8.16
2024-05-13,Kalutara,27.49,19.09
2024-05-20,Kalutara,27.51,36.94
2024-05-27,Kalutara,27.05,33.69
2024-06-03,Kalutara,27.19,7.34
2024-06-10,Kalutara,27.59,6.67
2024-06-17,Kalutara,27.19,16.59
2024-06-24,Kalutara,27.01,8.87
2024-07-01,Kalutara,26.84,10.37
2024-07-08,Kalutara,27.21,6.97
2024-07-15,Kalutara,27.29,8.13
2024-07-22,Kalutara,27.63,7.26
2024-07-29,Kalutara,26.72,13.13
2024-08-05,Kalutara,26.94,8.43
2024-08-12,Kalutara,26.34,20.16
2024-08-19,Kalutara,26.51,11.19
2024-08-26,Kalutara,27.02,10.44
2024-09-02,Kalutara,27.01,20.23
2024-09-09,Kalutara,26.79,9.86
2024-09-16,Kalutara,27.06,5.77
2024-09-23,Kalutara,26.95,7.27
2024-09-30,Kalutara,27.34,3.24
2024-10-07,Kalutara,26.14,31.07
2024-10-14,Kalutara,26.57,9.47
2024-10-21,Kalutara,26.01,10.4
2024-10-28,Kalutara,26.19,6.5
2024-11-04,Kalutara,26.3,8.54
2024-11-11,Kalutara,26.57,10.03
2024-11-18,Kalutara,25.96,10.51
2024-11-25,Kalutara,25.76,15.27
2024-12-02,Kalutara,26.48,1.9
2024-12-09,Kalutara,26.39,4.37
2024-12-16,Kalutara,26.31,6.64
2024-12-23,Kalutara,25.76,0.76
2024-12-30,Kalutara,25.44,8.3
2025-01-06,Kalutara,26.0,5.93
2025-01-13,Kalutara,25.45,13.27
2025-01-20,Kalutara,25.44,3.96
2025-01-27,Kalutara,25.79,2.3
2025-02-03,Kalutara,25.93,0.67
2025-02-10,Kalutara,26.26,0.39
2025-02-17,Kalutara,26.31,0.94
2025-02-24,Kalutara,26.7,14.17
2025-03-03,Kalutara,26.31,4.19
2025-03-10,Kalutara,26.89,4.53
2025-03-17,Kalutara,26.78,4.86
2025-03-24,Kalutara,27.24,1.81
2025-03-31,Kalutara,26.82,9.91
2025-04-07,Kalutara,26.24,10.2
2025-04-14,Kalutara,27.39,2.41
2025-04-21,Kalutara,27.12,4.49
2025-04-28,Kalutara,27.08,9.0
2025-05-05,Kalutara,27.61,5.63
2025-05-12,Kalutara,27.4,9.6
2025-05-19,Kalutara,27.16,12.99
2025-05-26,Kalutara,27.33,10.71
2025-06-02,Kalutara,27.49,4.41
2025-06-09,Kalutara,26.3,20.96
2025-06-16,Kalutara,26.78,7.7
2025-06-23,Kalutara,26.56,9.07
2025-06-30,Kalutara,27.21,4.67
2025-07-07,Kalutara,27.25,5.39
2025-07-14,Kalutara,26.42,15.79
2025-07-21,Kalutara,26.05,8.97
2025-07-28,Kalutara,26.44,6.99
2025-08-04,Kalutara,26.46,2.97
2025-08-11,Kalutara,26.16,6.03
2025-08-18,Kalutara,26.53,2.79
2025-08-25,Kalutara,26.49,11.57
2025-09-01,Kalutara,26.81,2.97
2025-09-08,Kalutara,27.13,4.53
2025-09-15,Kalutara,26.09,13.4
2025-09-22,Kalutara,26.11,18.13
2025-09-29,Kalutara,26.94,3.11
2025-10-06,Kalutara,26.52,3.23
2025-10-13,Kalutara,26.24,17.69
2025-10-20,Kalutara,25.89,12.43
2025-10-27,Kalutara,27.24,0.69
2025-11-03,Kalutara,26.72,3.7
2025-11-10,Kalutara,26.49,6.47
2025-11-17,Kalutara,26.13,14.56
2025-11-24,Kalutara,24.75,41.57
2025-12-01,Kalutara,25.94,3.27
2025-12-08,Kalutara,26.15,9.51
2025-12-15,Kalutara,25.88,5.04
2025-12-22,Kalutara,26.2,2.84
2025-12-29,Kalutara,26.07,1.1
2026-01-05,Kalutara,26.38,2.37
2026-01-12,Kalutara,25.63,2.27
2026-01-19,Kalutara,25.39,0.14
2026-01-26,Kalutara,26.29,3.76
2026-02-02,Kalutara,26.19,4.77
2026-02-09,Kalutara,26.34,3.6
2026-02-16,Kalutara,26.19,9.41
2026-02-23,Kalutara,26.41,1.1
2026-03-02,Kalutara,26.98,0.64
2026-03-09,Kalutara,27.66,6.14
2026-03-16,Kalutara,27.78,2.84
2026-03-23,Kalutara,28.21,1.49
2026-03-30,Kalutara,27.92,6.17
2026-04-06,Kalutara,28.64,4.0
2026-04-13,Kalutara,27.6,4.49
2026-04-20,Kalutara,28.19,7.67
2026-04-27,Kalutara,28.28,4.54
2026-05-04,Kalutara,27.73,6.21
2026-05-11,Kalutara,26.99,19.01
2026-05-18,Kalutara,27.16,16.43
2026-05-25,Kalutara,27.24,15.07
2026-06-01,Kalutara,27.87,10.91
2026-06-08,Kalutara,27.51,11.07
2026-06-15,Kalutara,26.83,10.64
2026-06-22,Kalutara,26.74,16.4
2026-06-29,Kalutara,27.52,7.93
2026-07-06,Kalutara,27.84,4.77
2026-07-13,Kalutara,27.71,2.71
2026-07-20,Kalutara,27.61,3.53
2026-07-27,Kalutara,27.81,9.47
2013-12-30,Kandy,21.64,4.96
2014-01-06,Kandy,22.78,5.3
2014-01-13,Kandy,22.66,8.89
2014-01-20,Kandy,21.9,0.26
2014-01-27,Kandy,22.61,3.11
2014-02-03,Kandy,21.29,0.0
2014-02-10,Kandy,22.59,0.06
2014-02-17,Kandy,24.22,2.03
2014-02-24,Kandy,24.66,1.19
2014-03-03,Kandy,24.89,2.14
2014-03-10,Kandy,24.06,0.04
2014-03-17,Kandy,25.34,2.07
2014-03-24,Kandy,25.76,0.57
2014-03-31,Kandy,26.38,2.9
2014-04-07,Kandy,25.06,1.99
2014-04-14,Kandy,25.86,0.21
2014-04-21,Kandy,25.92,3.5
2014-04-28,Kandy,24.96,22.94
2014-05-05,Kandy,24.71,11.37
2014-05-12,Kandy,24.51,1.31
2014-05-19,Kandy,25.01,0.51
2014-05-26,Kandy,25.36,1.27
2014-06-02,Kandy,24.59,2.53
2014-06-09,Kandy,24.6,1.27
2014-06-16,Kandy,24.31,1.4
2014-06-23,Kandy,24.49,0.6
2014-06-30,Kandy,24.41,1.13
2014-07-07,Kandy,23.9,2.21
2014-07-14,Kandy,24.01,0.93
2014-07-21,Kandy,24.36,1.04
2014-07-28,Kandy,23.88,1.04
2014-08-04,Kandy,23.99,2.11
2014-08-11,Kandy,23.67,4.0
2014-08-18,Kandy,24.01,5.2
2014-08-25,Kandy,23.96,0.8
2014-09-01,Kandy,24.08,3.47
2014-09-08,Kandy,24.01,1.79
2014-09-15,Kandy,24.09,0.7
2014-09-22,Kandy,24.81,9.86
2014-09-29,Kandy,23.96,16.76
2014-10-06,Kandy,23.99,1.79
2014-10-13,Kandy,23.94,18.31
2014-10-20,Kandy,23.87,14.51
2014-10-27,Kandy,23.39,7.24
2014-11-03,Kandy,22.99,4.97
2014-11-10,Kandy,23.62,8.4
2014-11-17,Kandy,23.23,24.84
2014-11-24,Kandy,22.27,19.29
2014-12-01,Kandy,23.26,4.99
2014-12-08,Kandy,23.56,6.9
2014-12-15,Kandy,23.04,44.79
2014-12-22,Kandy,21.16,47.19
2014-12-29,Kandy,23.09,1.91
2015-01-05,Kandy,22.11,0.43
2015-01-12,Kandy,22.21,0.09
2015-01-19,Kandy,22.86,0.9
2015-01-26,Kandy,23.46,2.93
2015-02-02,Kandy,23.44,4.63
2015-02-09,Kandy,23.56,6.99
2015-02-16,Kandy,21.71,0.3
2015-02-23,Kandy,23.71,8.7
2015-03-02,Kandy,23.73,1.49
2015-03-09,Kandy,23.54,4.46
2015-03-16,Kandy,24.23,0.11
2015-03-23,Kandy,24.98,1.46
2015-03-30,Kandy,25.0,7.66
2015-04-06,Kandy,24.77,5.73
2015-04-13,Kandy,24.74,6.93
2015-04-20,Kandy,24.62,10.4
2015-04-27,Kandy,24.86,2.7
2015-05-04,Kandy,24.79,9.39
2015-05-11,Kandy,24.75,7.31
2015-05-18,Kandy,25.15,0.27
2015-05-25,Kandy,25.31,1.87
2015-06-01,Kandy,24.93,3.11
2015-06-08,Kandy,24.94,1.11
2015-06-15,Kandy,24.62,1.0
2015-06-22,Kandy,24.8,2.11
2015-06-29,Kandy,24.5,2.17
2015-07-06,Kandy,24.51,0.63
2015-07-13,Kandy,24.07,5.26
2015-07-20,Kandy,23.74,2.29
2015-07-27,Kandy,23.93,0.91
2015-08-03,Kandy,24.49,1.5
2015-08-10,Kandy,24.54,4.76
2015-08-17,Kandy,24.64,6.84
2015-08-24,Kandy,24.24,1.4
2015-08-31,Kandy,25.18,7.01
2015-09-07,Kandy,23.99,2.56
2015-09-14,Kandy,24.49,2.04
2015-09-21,Kandy,24.56,6.8
2015-09-28,Kandy,24.22,6.64
2015-10-05,Kandy,24.44,2.11
2015-10-12,Kandy,24.64,19.27
2015-10-19,Kandy,24.19,27.1
2015-10-26,Kandy,23.24,43.63
2015-11-02,Kandy,23.64,13.34
2015-11-09,Kandy,23.19,15.01
2015-11-16,Kandy,23.87,7.39
2015-11-23,Kandy,23.63,5.2
2015-11-30,Kandy,23.56,11.64
2015-12-07,Kandy,24.24,15.01
2015-12-14,Kandy,23.5,4.97
2015-12-21,Kandy,22.88,2.19
2015-12-28,Kandy,23.72,3.69
2016-01-04,Kandy,23.5,2.54
2016-01-11,Kandy,22.61,0.07
2016-01-18,Kandy,23.83,2.31
2016-01-25,Kandy,23.29,0.57
2016-02-01,Kandy,23.32,0.07
2016-02-08,Kandy,25.1,0.33
2016-02-15,Kandy,24.82,3.34
2016-02-22,Kandy,24.75,1.16
2016-02-29,Kandy,26.04,0.86
2016-03-07,Kandy,26.71,0.66
2016-03-14,Kandy,27.28,0.0
2016-03-21,Kandy,27.46,0.06
2016-03-28,Kandy,26.45,5.97
2016-04-04,Kandy,27.41,0.91
2016-04-11,Kandy,27.6,1.93
2016-04-18,Kandy,26.94,2.17
2016-04-25,Kandy,26.92,5.83
2016-05-02,Kandy,25.99,3.1
2016-05-09,Kandy,24.76,36.9
2016-05-16,Kandy,24.65,23.94
2016-05-23,Kandy,24.94,0.73
2016-05-30,Kandy,24.69,0.51
2016-06-06,Kandy,24.99,0.86
2016-06-13,Kandy,24.04,1.71
2016-06-20,Kandy,24.0,2.73
2016-06-27,Kandy,24.56,0.63
2016-07-04,Kandy,24.44,1.21
2016-07-11,Kandy,24.1,4.21
2016-07-18,Kandy,23.69,2.07
2016-07-25,Kandy,23.92,6.1
2016-08-01,Kandy,24.32,0.17
2016-08-08,Kandy,24.13,0.87
2016-08-15,Kandy,24.04,1.47
2016-08-22,Kandy,23.78,3.3
2016-08-29,Kandy,23.75,2.33
2016-09-05,Kandy,23.91,0.07
2016-09-12,Kandy,24.47,1.59
2016-09-19,Kandy,24.49,0.36
2016-09-26,Kandy,24.71,0.23
2016-10-03,Kandy,24.48,0.56
2016-10-10,Kandy,25.06,2.74
2016-10-17,Kandy,24.7,2.04
2016-10-24,Kandy,24.46,3.97
2016-10-31,Kandy,23.94,12.37
2016-11-07,Kandy,23.97,3.04
2016-11-14,Kandy,23.68,10.39
2016-11-21,Kandy,23.73,8.6
2016-11-28,Kandy,22.31,0.56
2016-12-05,Kandy,23.26,1.56
2016-12-12,Kandy,23.3,1.07
2016-12-19,Kandy,22.38,3.31
2016-12-26,Kandy,23.64,2.63
2017-01-02,Kandy,24.01,0.13
2017-01-09,Kandy,24.36,0.0
2017-01-16,Kandy,23.91,0.81
2017-01-23,Kandy,23.56,7.51
2017-01-30,Kandy,22.99,0.27
2017-02-06,Kandy,24.9,0.01
2017-02-13,Kandy,24.88,1.41
2017-02-20,Kandy,25.44,3.7
2017-02-27,Kandy,24.73,4.63
2017-03-06,Kandy,25.68,4.79
2017-03-13,Kandy,25.21,2.29
2017-03-20,Kandy,26.26,0.19
2017-03-27,Kandy,26.48,2.96
2017-04-03,Kandy,26.58,5.07
2017-04-10,Kandy,25.9,7.09
2017-04-17,Kandy,25.81,0.27
2017-04-24,Kandy,27.06,0.93
2017-05-01,Kandy,26.77,2.6
2017-05-08,Kandy,25.85,5.7
2017-05-15,Kandy,26.02,2.87
2017-05-22,Kandy,24.87,7.34
2017-05-29,Kandy,24.23,8.79
2017-06-05,Kandy,24.63,2.03
2017-06-12,Kandy,25.11,2.19
2017-06-19,Kandy,25.16,3.26
2017-06-26,Kandy,24.81,3.36
2017-07-03,Kandy,25.34,3.03
2017-07-10,Kandy,24.84,2.19
2017-07-17,Kandy,25.94,0.56
2017-07-24,Kandy,25.79,2.8
2017-07-31,Kandy,24.58,6.17
2017-08-07,Kandy,24.91,3.04
2017-08-14,Kandy,24.24,3.79
2017-08-21,Kandy,24.4,3.07
2017-08-28,Kandy,24.72,8.87
2017-09-04,Kandy,23.86,6.24
2017-09-11,Kandy,24.33,4.6
2017-09-18,Kandy,24.28,2.74
2017-09-25,Kandy,24.56,1.6
2017-10-02,Kandy,25.48,1.86
2017-10-09,Kandy,24.39,5.56
2017-10-16,Kandy,24.32,4.11
2017-10-23,Kandy,24.13,9.21
2017-10-30,Kandy,23.71,10.19
2017-11-06,Kandy,23.67,6.36
2017-11-13,Kandy,22.83,0.87
2017-11-20,Kandy,23.89,8.27
2017-11-27,Kandy,23.06,20.13
2017-12-04,Kandy,23.47,0.67
2017-12-11,Kandy,23.96,2.54
2017-12-18,Kandy,23.52,0.23
2017-12-25,Kandy,23.96,1.24
2018-01-01,Kandy,23.27,0.2
2018-01-08,Kandy,23.96,1.4
2018-01-15,Kandy,24.01,0.0
2018-01-22,Kandy,25.34,0.01
2018-01-29,Kandy,24.74,0.41
2018-02-05,Kandy,25.77,1.46
2018-02-12,Kandy,25.7,0.7
2018-02-19,Kandy,25.48,0.16
2018-02-26,Kandy,25.86,4.64
2018-03-05,Kandy,25.66,1.69
2018-03-12,Kandy,25.21,2.34
2018-03-19,Kandy,25.66,11.33
2018-03-26,Kandy,25.29,2.69
2018-04-02,Kandy,26.04,4.31
2018-04-09,Kandy,26.09,2.3
2018-04-16,Kandy,26.55,0.99
2018-04-23,Kandy,26.46,3.73
2018-04-30,Kandy,25.87,3.46
2018-05-07,Kandy,25.25,8.23
2018-05-14,Kandy,24.64,7.11
2018-05-21,Kandy,23.99,7.66
2018-05-28,Kandy,24.87,3.26
2018-06-04,Kandy,24.45,6.07
2018-06-11,Kandy,24.4,4.43
2018-06-18,Kandy,23.99,3.74
2018-06-25,Kandy,24.09,3.17
2018-07-02,Kandy,23.91,3.46
2018-07-09,Kandy,23.75,7.41
2018-07-16,Kandy,24.24,4.54
2018-07-23,Kandy,23.86,3.46
2018-07-30,Kandy,23.99,2.77
2018-08-06,Kandy,23.22,5.77
2018-08-13,Kandy,23.04,18.14
2018-08-20,Kandy,23.52,1.96
2018-08-27,Kandy,23.84,1.83
2018-09-03,Kandy,23.76,0.11
2018-09-10,Kandy,24.54,2.03
2018-09-17,Kandy,24.43,7.96
2018-09-24,Kandy,24.01,11.74
2018-10-01,Kandy,24.56,24.59
2018-10-08,Kandy,23.47,5.93
2018-10-15,Kandy,23.47,7.96
2018-10-22,Kandy,23.87,18.56
2018-10-29,Kandy,23.58,17.19
2018-11-05,Kandy,23.4,22.97
2018-11-12,Kandy,22.82,16.89
2018-11-19,Kandy,23.67,10.87
2018-11-26,Kandy,23.85,1.59
2018-12-03,Kandy,23.96,14.19
2018-12-10,Kandy,22.42,0.83
2018-12-17,Kandy,23.06,3.09
2018-12-24,Kandy,23.33,6.41
2018-12-31,Kandy,22.89,0.03
2019-01-07,Kandy,23.29,5.11
2019-01-14,Kandy,22.57,3.2
2019-01-21,Kandy,24.09,0.26
2019-01-28,Kandy,24.05,0.46
2019-02-04,Kandy,24.51,13.33
2019-02-11,Kandy,24.32,5.23
2019-02-18,Kandy,23.65,0.6
2019-02-25,Kandy,24.79,6.37
2019-03-04,Kandy,25.21,0.67
2019-03-11,Kandy,25.16,0.69
2019-03-18,Kandy,25.87,1.33
2019-03-25,Kandy,26.25,0.06
2019-04-01,Kandy,27.68,0.41
2019-04-08,Kandy,27.65,4.74
2019-04-15,Kandy,26.64,14.4
2019-04-22,Kandy,25.87,1.96
2019-04-29,Kandy,25.4,2.21
2019-05-06,Kandy,26.14,0.5
2019-05-13,Kandy,26.68,0.87
2019-05-20,Kandy,26.45,1.71
2019-05-27,Kandy,27.03,0.67
2019-06-03,Kandy,26.33,2.83
2019-06-10,Kandy,26.41,1.4
2019-06-17,Kandy,25.41,5.2
2019-06-24,Kandy,25.39,1.77
2019-07-01,Kandy,26.14,0.36
2019-07-08,Kandy,26.16,0.74
2019-07-15,Kandy,24.66,9.77
2019-07-22,Kandy,24.18,1.97
2019-07-29,Kandy,24.79,0.47
2019-08-05,Kandy,24.69,8.26
2019-08-12,Kandy,23.65,11.9
2019-08-19,Kandy,23.85,5.47
2019-08-26,Kandy,23.83,4.13
2019-09-02,Kandy,24.49,1.39
2019-09-09,Kandy,24.32,2.86
2019-09-16,Kandy,24.43,4.47
2019-09-23,Kandy,24.14,4.14
2019-09-30,Kandy,24.12,14.43
2019-10-07,Kandy,23.79,22.81
2019-10-14,Kandy,24.07,10.74
2019-10-21,Kandy,22.96,15.43
2019-10-28,Kandy,23.31,14.93
2019-11-04,Kandy,23.61,2.96
2019-11-11,Kandy,24.37,3.96
2019-11-18,Kandy,23.91,4.16
2019-11-25,Kandy,24.15,8.77
2019-12-02,Kandy,24.13,3.01
2019-12-09,Kandy,23.33,5.16
2019-12-16,Kandy,23.99,1.56
2019-12-23,Kandy,24.19,0.66
2019-12-30,Kandy,24.5,0.17
2020-01-06,Kandy,24.11,0.21
2020-01-13,Kandy,23.96,0.21
2020-01-20,Kandy,25.2,0.46
2020-01-27,Kandy,23.77,0.0
2020-02-03,Kandy,25.64,0.21
2020-02-10,Kandy,25.49,0.9
2020-02-17,Kandy,25.13,0.61
2020-02-24,Kandy,25.86,0.01
2020-03-02,Kandy,26.8,0.94
2020-03-09,Kandy,26.73,0.01
2020-03-16,Kandy,27.33,0.4
2020-03-23,Kandy,26.8,0.4
2020-03-30,Kandy,26.97,3.97
2020-04-06,Kandy,26.95,2.11
2020-04-13,Kandy,26.51,5.56
2020-04-20,Kandy,26.28,4.4
2020-04-27,Kandy,26.61,1.34
2020-05-04,Kandy,26.26,10.21
2020-05-11,Kandy,25.39,13.17
2020-05-18,Kandy,24.79,6.93
2020-05-25,Kandy,25.72,2.3
2020-06-01,Kandy,25.04,1.84
2020-06-08,Kandy,24.78,4.29
2020-06-15,Kandy,25.58,3.11
2020-06-22,Kandy,25.08,2.76
2020-06-29,Kandy,25.31,1.94
2020-07-06,Kandy,25.19,3.26
2020-07-13,Kandy,25.17,7.9
2020-07-20,Kandy,24.03,2.54
2020-07-27,Kandy,24.03,7.11
2020-08-03,Kandy,23.92,14.54
2020-08-10,Kandy,23.74,2.14
2020-08-17,Kandy,24.45,0.34
2020-08-24,Kandy,24.86,0.96
2020-08-31,Kandy,24.17,9.39
2020-09-07,Kandy,23.78,5.1
2020-09-14,Kandy,23.74,7.44
2020-09-21,Kandy,23.79,6.19
2020-09-28,Kandy,23.59,4.01
2020-10-05,Kandy,23.96,2.36
2020-10-12,Kandy,23.76,7.09
2020-10-19,Kandy,23.89,2.4
2020-10-26,Kandy,24.44,2.19
2020-11-02,Kandy,24.76,13.11
2020-11-09,Kandy,24.59,5.5
2020-11-16,Kandy,24.16,8.1
2020-11-23,Kandy,23.35,2.76
2020-11-30,Kandy,23.33,10.87
2020-12-07,Kandy,24.01,0.3
2020-12-14,Kandy,23.44,4.87
2020-12-21,Kandy,23.15,16.77
2020-12-28,Kandy,23.64,3.79
2021-01-04,Kandy,23.79,9.87
2021-01-11,Kandy,23.51,8.39
2021-01-18,Kandy,23.58,1.0
2021-01-25,Kandy,23.01,1.24
2021-02-01,Kandy,23.48,1.04
2021-02-08,Kandy,23.55,0.5
2021-02-15,Kandy,24.8,0.51
2021-02-22,Kandy,25.27,0.36
2021-03-01,Kandy,24.93,0.37
2021-03-08,Kandy,25.05,3.9
2021-03-15,Kandy,25.28,3.46
2021-03-22,Kandy,25.32,4.29
2021-03-29,Kandy,25.31,0.9
2021-04-05,Kandy,25.87,9.71
2021-04-12,Kandy,24.47,16.41
2021-04-19,Kandy,24.85,1.09
2021-04-26,Kandy,25.72,7.7
2021-05-03,Kandy,25.28,13.16
2021-05-10,Kandy,24.96,10.19
2021-05-17,Kandy,24.94,2.14
2021-05-24,Kandy,23.96,13.7
2021-05-31,Kandy,24.4,11.41
2021-06-07,Kandy,23.91,4.11
2021-06-14,Kandy,23.94,2.0
2021-06-21,Kandy,23.87,3.09
2021-06-28,Kandy,24.62,1.4
2021-07-05,Kandy,24.4,7.97
2021-07-12,Kandy,24.33,3.56
2021-07-19,Kandy,24.44,4.63
2021-07-26,Kandy,24.36,2.13
2021-08-02,Kandy,24.14,5.0
2021-08-09,Kandy,23.92,6.8
2021-08-16,Kandy,24.04,2.5
2021-08-23,Kandy,23.84,4.19
2021-08-30,Kandy,23.57,3.51
2021-09-06,Kandy,24.12,1.7
2021-09-13,Kandy,24.48,3.16
2021-09-20,Kandy,24.79,4.49
2021-09-27,Kandy,23.81,7.44
2021-10-04,Kandy,23.87,3.97
2021-10-11,Kandy,24.25,4.74
2021-10-18,Kandy,24.12,6.81
2021-10-25,Kandy,23.74,15.53
2021-11-01,Kandy,23.27,10.77
2021-11-08,Kandy,22.7,14.91
2021-11-15,Kandy,22.89,5.74
2021-11-22,Kandy,23.29,10.34
2021-11-29,Kandy,23.57,3.31
2021-12-06,Kandy,24.09,1.43
2021-12-13,Kandy,23.76,3.0
2021-12-20,Kandy,23.34,0.09
2021-12-27,Kandy,23.71,0.84
2022-01-03,Kandy,24.15,1.61
2022-01-10,Kandy,24.2,2.21
2022-01-17,Kandy,23.81,0.11
2022-01-24,Kandy,23.8,0.46
2022-01-31,Kandy,24.66,0.17
2022-02-07,Kandy,24.35,5.93
2022-02-14,Kandy,24.45,0.7
2022-02-21,Kandy,25.31,1.07
2022-02-28,Kandy,25.14,0.97
2022-03-07,Kandy,25.89,0.63
2022-03-14,Kandy,25.33,1.54
2022-03-21,Kandy,25.41,2.29
2022-03-28,Kandy,25.96,5.23
2022-04-04,Kandy,24.45,15.0
2022-04-11,Kandy,24.56,6.73
2022-04-18,Kandy,24.6,5.06
2022-04-25,Kandy,25.11,2.87
2022-05-02,Kandy,25.41,1.71
2022-05-09,Kandy,24.51,17.49
2022-05-16,Kandy,24.89,3.93
2022-05-23,Kandy,24.06,2.49
2022-05-30,Kandy,24.14,3.71
2022-06-06,Kandy,24.61,1.41
2022-06-13,Kandy,24.23,3.49
2022-06-20,Kandy,24.17,1.89
2022-06-27,Kandy,24.66,5.04
2022-07-04,Kandy,24.45,3.0
2022-07-11,Kandy,24.18,2.87
2022-07-18,Kandy,24.4,4.59
2022-07-25,Kandy,24.32,4.47
2022-08-01,Kandy,22.8,13.76
2022-08-08,Kandy,23.91,1.73
2022-08-15,Kandy,24.74,2.01
2022-08-22,Kandy,23.63,4.77
2022-08-29,Kandy,23.49,12.84
2022-09-05,Kandy,23.79,3.7
2022-09-12,Kandy,23.66,1.16
2022-09-19,Kandy,24.14,2.86
2022-09-26,Kandy,23.71,5.2
2022-10-03,Kandy,23.4,3.4
2022-10-10,Kandy,23.45,11.16
2022-10-17,Kandy,22.91,12.76
2022-10-24,Kandy,23.46,4.54
2022-10-31,Kandy,23.29,16.3
2022-11-07,Kandy,23.29,9.41
2022-11-14,Kandy,22.29,2.4
2022-11-21,Kandy,22.44,1.16
2022-11-28,Kandy,23.71,6.79
2022-12-05,Kandy,22.11,2.53
2022-12-12,Kandy,22.46,2.56
2022-12-19,Kandy,22.66,14.4
2022-12-26,Kandy,22.92,1.36
2023-01-02,Kandy,23.11,0.97
2023-01-09,Kandy,22.16,0.1
2023-01-16,Kandy,22.75,1.61
2023-01-23,Kandy,23.51,0.61
2023-01-30,Kandy,23.27,6.17
2023-02-06,Kandy,23.65,0.23
2023-02-13,Kandy,23.18,1.06
2023-02-20,Kandy,24.21,1.51
2023-02-27,Kandy,23.93,1.63
2023-03-06,Kandy,25.24,0.43
2023-03-13,Kandy,25.61,2.9
2023-03-20,Kandy,25.48,2.51
2023-03-27,Kandy,26.34,0.76
2023-04-03,Kandy,25.61,3.17
2023-04-10,Kandy,26.56,2.04
2023-04-17,Kandy,26.94,1.83
2023-04-24,Kandy,25.4,10.73
2023-05-01,Kandy,24.46,7.96
2023-05-08,Kandy,24.92,3.5
2023-05-15,Kandy,25.59,0.96
2023-05-22,Kandy,25.38,1.74
2023-05-29,Kandy,25.71,1.87
2023-06-05,Kandy,25.67,2.29
2023-06-12,Kandy,25.34,3.73
2023-06-19,Kandy,25.91,1.21
2023-06-26,Kandy,25.06,3.11
2023-07-03,Kandy,23.91,11.86
2023-07-10,Kandy,24.51,1.53
2023-07-17,Kandy,24.89,3.0
2023-07-24,Kandy,25.01,2.19
2023-07-31,Kandy,25.89,0.6
2023-08-07,Kandy,26.15,1.01
2023-08-14,Kandy,25.76,0.21
2023-08-21,Kandy,26.37,1.91
2023-08-28,Kandy,25.71,1.93
2023-09-04,Kandy,24.06,4.61
2023-09-11,Kandy,24.41,3.1
2023-09-18,Kandy,24.24,2.64
2023-09-25,Kandy,24.44,6.13
2023-10-02,Kandy,24.51,5.44
2023-10-09,Kandy,23.89,15.09
2023-10-16,Kandy,23.49,13.67
2023-10-23,Kandy,24.18,10.21
2023-10-30,Kandy,24.16,19.51
2023-11-06,Kandy,24.31,24.77
2023-11-13,Kandy,24.03,14.39
2023-11-20,Kandy,24.19,18.3
2023-11-27,Kandy,23.96,11.76
2023-12-04,Kandy,24.0,12.13
2023-12-11,Kandy,24.44,7.07
2023-12-18,Kandy,24.71,4.27
2023-12-25,Kandy,24.39,2.23
2024-01-01,Kandy,24.54,6.06
2024-01-08,Kandy,23.62,5.73
2024-01-15,Kandy,23.66,0.6
2024-01-22,Kandy,23.87,0.06
2024-01-29,Kandy,24.44,5.64
2024-02-05,Kandy,24.31,0.16
2024-02-12,Kandy,25.56,0.39
2024-02-19,Kandy,26.32,0.14
2024-02-26,Kandy,25.97,0.23
2024-03-04,Kandy,26.19,0.06
2024-03-11,Kandy,26.77,0.06
2024-03-18,Kandy,26.25,2.47
2024-03-25,Kandy,26.7,3.43
2024-04-01,Kandy,27.66,1.27
2024-04-08,Kandy,27.12,4.57
2024-04-15,Kandy,26.96,1.41
2024-04-22,Kandy,28.84,1.59
2024-04-29,Kandy,28.32,2.07
2024-05-06,Kandy,27.38,12.34
2024-05-13,Kandy,25.54,12.47
2024-05-20,Kandy,24.35,17.24
2024-05-27,Kandy,25.13,13.21
2024-06-03,Kandy,24.79,1.34
2024-06-10,Kandy,25.09,0.93
2024-06-17,Kandy,24.86,4.11
2024-06-24,Kandy,24.07,4.76
2024-07-01,Kandy,24.39,3.43
2024-07-08,Kandy,24.38,4.21
2024-07-15,Kandy,24.69,7.1
2024-07-22,Kandy,25.21,2.26
2024-07-29,Kandy,24.72,3.44
2024-08-05,Kandy,24.43,3.79
2024-08-12,Kandy,24.31,11.36
2024-08-19,Kandy,24.09,3.01
2024-08-26,Kandy,24.15,2.71
2024-09-02,Kandy,24.07,5.29
2024-09-09,Kandy,24.79,1.96
2024-09-16,Kandy,24.51,2.29
2024-09-23,Kandy,25.33,4.1
2024-09-30,Kandy,24.95,3.5
2024-10-07,Kandy,23.74,10.64
2024-10-14,Kandy,23.49,4.2
2024-10-21,Kandy,23.79,5.11
2024-10-28,Kandy,24.11,12.19
2024-11-04,Kandy,23.93,9.53
2024-11-11,Kandy,24.28,5.33
2024-11-18,Kandy,24.48,14.0
2024-11-25,Kandy,22.61,36.5
2024-12-02,Kandy,24.19,0.24
2024-12-09,Kandy,24.31,6.39
2024-12-16,Kandy,23.2,7.39
2024-12-23,Kandy,23.21,2.77
2024-12-30,Kandy,23.59,2.31
2025-01-06,Kandy,24.03,19.31
2025-01-13,Kandy,23.18,13.73
2025-01-20,Kandy,24.18,4.21
2025-01-27,Kandy,24.21,0.6
2025-02-03,Kandy,23.81,0.0
2025-02-10,Kandy,23.82,0.14
2025-02-17,Kandy,25.14,0.13
2025-02-24,Kandy,25.19,3.21
2025-03-03,Kandy,24.56,0.1
2025-03-10,Kandy,24.82,6.6
2025-03-17,Kandy,25.34,1.63
2025-03-24,Kandy,25.83,3.57
2025-03-31,Kandy,25.38,8.63
2025-04-07,Kandy,24.6,3.96
2025-04-14,Kandy,24.86,4.31
2025-04-21,Kandy,25.23,3.01
2025-04-28,Kandy,25.06,4.01
2025-05-05,Kandy,25.31,1.51
2025-05-12,Kandy,24.86,4.74
2025-05-19,Kandy,25.11,2.63
2025-05-26,Kandy,24.64,7.47
2025-06-02,Kandy,24.74,1.04
2025-06-09,Kandy,24.06,12.09
2025-06-16,Kandy,24.49,3.43
2025-06-23,Kandy,24.7,2.29
2025-06-30,Kandy,25.29,1.13
2025-07-07,Kandy,25.52,1.94
2025-07-14,Kandy,24.01,10.83
2025-07-21,Kandy,23.69,10.81
2025-07-28,Kandy,24.48,2.19
2025-08-04,Kandy,24.24,0.94
2025-08-11,Kandy,23.6,4.14
2025-08-18,Kandy,24.83,1.1
2025-08-25,Kandy,24.81,3.29
2025-09-01,Kandy,25.09,1.93
2025-09-08,Kandy,24.84,6.56
2025-09-15,Kandy,24.12,2.47
2025-09-22,Kandy,24.63,5.41
2025-09-29,Kandy,25.2,1.34
2025-10-06,Kandy,24.5,2.24
2025-10-13,Kandy,25.16,25.06
2025-10-20,Kandy,23.26,16.17
2025-10-27,Kandy,24.46,0.86
2025-11-03,Kandy,24.48,5.31
2025-11-10,Kandy,24.51,7.1
2025-11-17,Kandy,24.36,13.26
2025-11-24,Kandy,21.77,60.53
2025-12-01,Kandy,23.69,1.01
2025-12-08,Kandy,24.16,8.67
2025-12-15,Kandy,24.16,2.9
2025-12-22,Kandy,24.09,0.71
2025-12-29,Kandy,24.05,3.61
2026-01-05,Kandy,23.31,9.06
2026-01-12,Kandy,23.35,0.29
2026-01-19,Kandy,23.05,0.11
2026-01-26,Kandy,23.86,4.51
2026-02-02,Kandy,24.46,2.13
2026-02-09,Kandy,23.36,2.37
2026-02-16,Kandy,23.07,11.51
2026-02-23,Kandy,24.24,0.1
2026-03-02,Kandy,24.51,0.04
2026-03-09,Kandy,25.18,0.54
2026-03-16,Kandy,26.04,1.96
2026-03-23,Kandy,26.68,0.11
2026-03-30,Kandy,26.52,3.97
2026-04-06,Kandy,26.77,1.19
2026-04-13,Kandy,26.79,1.01
2026-04-20,Kandy,26.23,6.87
2026-04-27,Kandy,26.19,5.4
2026-05-04,Kandy,25.79,10.9
2026-05-11,Kandy,24.74,10.63
2026-05-18,Kandy,25.84,3.01
2026-05-25,Kandy,25.8,2.47
2026-06-01,Kandy,25.66,4.76
2026-06-08,Kandy,24.91,6.59
2026-06-15,Kandy,25.04,2.73
2026-06-22,Kandy,25.14,6.01
2026-06-29,Kandy,24.59,5.3
2026-07-06,Kandy,25.46,1.41
2026-07-13,Kandy,25.27,0.73
2026-07-20,Kandy,25.79,1.11
2026-07-27,Kandy,25.89,3.68
2013-12-30,Kegalle,23.69,1.1
2014-01-06,Kegalle,24.34,5.09
2014-01-13,Kegalle,24.24,3.64
2014-01-20,Kegalle,24.34,0.0
2014-01-27,Kegalle,24.88,1.47
2014-02-03,Kegalle,24.11,0.0
2014-02-10,Kegalle,25.26,0.01
2014-02-17,Kegalle,27.06,0.24
2014-02-24,Kegalle,27.66,0.3
2014-03-03,Kegalle,27.86,0.54
2014-03-10,Kegalle,27.71,0.0
2014-03-17,Kegalle,27.87,1.96
2014-03-24,Kegalle,28.38,0.03
2014-03-31,Kegalle,27.44,10.86
2014-04-07,Kegalle,25.87,2.39
2014-04-14,Kegalle,25.94,1.84
2014-04-21,Kegalle,26.15,10.43
2014-04-28,Kegalle,25.58,15.43
2014-05-05,Kegalle,25.66,9.01
2014-05-12,Kegalle,26.1,2.0
2014-05-19,Kegalle,26.06,2.33
2014-05-26,Kegalle,25.98,3.06
2014-06-02,Kegalle,25.31,6.61
2014-06-09,Kegalle,25.48,7.37
2014-06-16,Kegalle,25.27,4.26
2014-06-23,Kegalle,25.32,3.07
2014-06-30,Kegalle,25.08,5.53
2014-07-07,Kegalle,24.8,6.19
2014-07-14,Kegalle,24.96,3.21
2014-07-21,Kegalle,24.98,5.77
2014-07-28,Kegalle,24.49,8.39
2014-08-04,Kegalle,24.77,5.96
2014-08-11,Kegalle,24.37,9.26
2014-08-18,Kegalle,24.56,7.11
2014-08-25,Kegalle,24.96,1.99
2014-09-01,Kegalle,24.47,7.96
2014-09-08,Kegalle,24.62,5.69
2014-09-15,Kegalle,24.73,5.29
2014-09-22,Kegalle,25.11,6.57
2014-09-29,Kegalle,24.79,13.61
2014-10-06,Kegalle,24.89,6.81
2014-10-13,Kegalle,24.84,22.37
2014-10-20,Kegalle,24.76,21.21
2014-10-27,Kegalle,24.26,10.56
2014-11-03,Kegalle,23.99,9.26
2014-11-10,Kegalle,24.74,8.11
2014-11-17,Kegalle,24.57,13.73
2014-11-24,Kegalle,23.26,11.2
2014-12-01,Kegalle,24.47,3.63
2014-12-08,Kegalle,24.81,9.83
2014-12-15,Kegalle,24.14,24.56
2014-12-22,Kegalle,22.16,36.44
2014-12-29,Kegalle,23.99,1.66
2015-01-05,Kegalle,23.99,0.03
2015-01-12,Kegalle,24.32,0.21
2015-01-19,Kegalle,25.33,0.03
2015-01-26,Kegalle,25.83,2.21
2015-02-02,Kegalle,25.71,0.44
2015-02-09,Kegalle,25.91,1.89
2015-02-16,Kegalle,24.71,0.01
2015-02-23,Kegalle,25.52,7.46
2015-03-02,Kegalle,25.9,1.5
2015-03-09,Kegalle,25.87,10.04
2015-03-16,Kegalle,26.46,0.0
2015-03-23,Kegalle,27.26,4.4
2015-03-30,Kegalle,26.28,12.01
2015-04-06,Kegalle,25.96,4.47
2015-04-13,Kegalle,25.79,4.29
2015-04-20,Kegalle,25.49,12.13
2015-04-27,Kegalle,25.96,6.14
2015-05-04,Kegalle,25.75,7.89
2015-05-11,Kegalle,25.68,6.66
2015-05-18,Kegalle,25.88,3.34
2015-05-25,Kegalle,26.22,3.91
2015-06-01,Kegalle,25.56,5.59
2015-06-08,Kegalle,25.75,2.21
2015-06-15,Kegalle,25.14,7.61
2015-06-22,Kegalle,25.46,7.53
2015-06-29,Kegalle,25.2,5.71
2015-07-06,Kegalle,25.02,6.43
2015-07-13,Kegalle,25.03,8.37
2015-07-20,Kegalle,24.72,6.3
2015-07-27,Kegalle,25.15,1.17
2015-08-03,Kegalle,25.02,4.26
2015-08-10,Kegalle,25.3,6.2
2015-08-17,Kegalle,25.6,5.99
2015-08-24,Kegalle,24.89,3.89
2015-08-31,Kegalle,25.61,3.77
2015-09-07,Kegalle,24.89,5.94
2015-09-14,Kegalle,25.05,8.26
2015-09-21,Kegalle,25.21,6.87
2015-09-28,Kegalle,24.71,6.27
2015-10-05,Kegalle,25.06,5.03
2015-10-12,Kegalle,25.33,42.09
2015-10-19,Kegalle,25.09,38.13
2015-10-26,Kegalle,24.06,32.47
2015-11-02,Kegalle,24.67,14.61
2015-11-09,Kegalle,23.94,20.11
2015-11-16,Kegalle,24.87,9.39
2015-11-23,Kegalle,24.82,4.16
2015-11-30,Kegalle,24.34,11.7
2015-12-07,Kegalle,25.33,14.7
2015-12-14,Kegalle,24.82,7.5
2015-12-21,Kegalle,24.8,0.17
2015-12-28,Kegalle,25.54,0.91
2016-01-04,Kegalle,25.67,0.17
2016-01-11,Kegalle,25.14,0.0
2016-01-18,Kegalle,26.41,0.96
2016-01-25,Kegalle,25.99,0.1
2016-02-01,Kegalle,26.2,0.04
2016-02-08,Kegalle,27.81,0.11
2016-02-15,Kegalle,27.14,1.59
2016-02-22,Kegalle,27.57,0.43
2016-02-29,Kegalle,28.87,0.4
2016-03-07,Kegalle,28.65,0.93
2016-03-14,Kegalle,28.94,0.43
2016-03-21,Kegalle,29.3,0.03
2016-03-28,Kegalle,28.16,2.19
2016-04-04,Kegalle,28.41,2.76
2016-04-11,Kegalle,28.47,1.31
2016-04-18,Kegalle,27.88,4.0
2016-04-25,Kegalle,27.79,7.63
2016-05-02,Kegalle,26.71,4.69
2016-05-09,Kegalle,25.41,57.79
2016-05-16,Kegalle,25.27,41.21
2016-05-23,Kegalle,25.62,7.36
2016-05-30,Kegalle,25.43,7.41
2016-06-06,Kegalle,25.54,6.87
2016-06-13,Kegalle,24.93,7.97
2016-06-20,Kegalle,25.22,6.23
2016-06-27,Kegalle,25.42,3.4
2016-07-04,Kegalle,25.3,4.41
2016-07-11,Kegalle,24.87,3.3
2016-07-18,Kegalle,24.7,4.47
2016-07-25,Kegalle,24.61,6.41
2016-08-01,Kegalle,25.29,1.23
2016-08-08,Kegalle,25.09,2.41
2016-08-15,Kegalle,24.76,3.53
2016-08-22,Kegalle,24.61,8.01
2016-08-29,Kegalle,24.44,6.21
2016-09-05,Kegalle,24.79,1.27
2016-09-12,Kegalle,24.89,4.57
2016-09-19,Kegalle,24.86,3.2
2016-09-26,Kegalle,24.87,2.47
2016-10-03,Kegalle,25.18,1.41
2016-10-10,Kegalle,25.5,3.24
2016-10-17,Kegalle,25.2,3.51
2016-10-24,Kegalle,24.79,4.9
2016-10-31,Kegalle,24.63,12.04
2016-11-07,Kegalle,25.1,2.79
2016-11-14,Kegalle,24.91,15.27
2016-11-21,Kegalle,25.14,7.8
2016-11-28,Kegalle,23.34,0.34
2016-12-05,Kegalle,24.53,2.07
2016-12-12,Kegalle,24.77,0.37
2016-12-19,Kegalle,23.88,1.39
2016-12-26,Kegalle,25.56,1.04
2017-01-02,Kegalle,26.04,0.03
2017-01-09,Kegalle,26.97,0.01
2017-01-16,Kegalle,26.86,0.56
2017-01-23,Kegalle,26.06,12.61
2017-01-30,Kegalle,25.81,0.86
2017-02-06,Kegalle,27.1,0.01
2017-02-13,Kegalle,28.32,1.3
2017-02-20,Kegalle,27.03,2.34
2017-02-27,Kegalle,27.43,2.19
2017-03-06,Kegalle,27.66,3.63
2017-03-13,Kegalle,27.09,5.24
2017-03-20,Kegalle,28.1,0.39
2017-03-27,Kegalle,27.92,5.19
2017-04-03,Kegalle,28.17,2.46
2017-04-10,Kegalle,28.0,8.69
2017-04-17,Kegalle,28.45,1.99
2017-04-24,Kegalle,28.76,1.84
2017-05-01,Kegalle,28.36,3.99
2017-05-08,Kegalle,28.46,3.89
2017-05-15,Kegalle,27.59,5.01
2017-05-22,Kegalle,26.29,8.1
2017-05-29,Kegalle,25.64,17.43
2017-06-05,Kegalle,26.41,5.04
2017-06-12,Kegalle,26.77,2.71
2017-06-19,Kegalle,25.83,11.03
2017-06-26,Kegalle,26.31,6.41
2017-07-03,Kegalle,26.4,6.36
2017-07-10,Kegalle,26.57,4.77
2017-07-17,Kegalle,26.75,2.73
2017-07-24,Kegalle,26.85,4.59
2017-07-31,Kegalle,25.71,10.59
2017-08-07,Kegalle,26.32,5.96
2017-08-14,Kegalle,25.86,7.21
2017-08-21,Kegalle,26.01,7.7
2017-08-28,Kegalle,26.23,13.0
2017-09-04,Kegalle,25.16,12.56
2017-09-11,Kegalle,26.19,3.13
2017-09-18,Kegalle,26.31,3.56
2017-09-25,Kegalle,25.73,4.99
2017-10-02,Kegalle,26.22,5.57
2017-10-09,Kegalle,25.19,15.43
2017-10-16,Kegalle,26.0,6.1
2017-10-23,Kegalle,26.35,8.63
2017-10-30,Kegalle,25.56,19.57
2017-11-06,Kegalle,25.6,10.64
2017-11-13,Kegalle,26.19,2.19
2017-11-20,Kegalle,25.43,10.29
2017-11-27,Kegalle,24.91,26.44
2017-12-04,Kegalle,25.54,0.46
2017-12-11,Kegalle,26.22,4.77
2017-12-18,Kegalle,25.92,0.54
2017-12-25,Kegalle,26.09,0.5
2018-01-01,Kegalle,25.66,0.13
2018-01-08,Kegalle,26.09,4.36
2018-01-15,Kegalle,25.93,0.0
2018-01-22,Kegalle,26.59,0.0
2018-01-29,Kegalle,27.38,1.64
2018-02-05,Kegalle,27.61,1.16
2018-02-12,Kegalle,27.98,0.46
2018-02-19,Kegalle,28.1,0.19
2018-02-26,Kegalle,28.11,5.77
2018-03-05,Kegalle,28.12,1.03
2018-03-12,Kegalle,28.29,6.13
2018-03-19,Kegalle,29.31,2.14
2018-03-26,Kegalle,28.41,4.06
2018-04-02,Kegalle,28.11,8.26
2018-04-09,Kegalle,27.12,12.64
2018-04-16,Kegalle,27.86,4.57
2018-04-23,Kegalle,27.95,3.94
2018-04-30,Kegalle,27.56,4.3
2018-05-07,Kegalle,26.96,11.2
2018-05-14,Kegalle,26.2,9.87
2018-05-21,Kegalle,25.58,12.41
2018-05-28,Kegalle,26.28,8.3
2018-06-04,Kegalle,25.89,13.23
2018-06-11,Kegalle,25.96,9.57
2018-06-18,Kegalle,25.83,9.7
2018-06-25,Kegalle,25.95,9.11
2018-07-02,Kegalle,26.18,5.89
2018-07-09,Kegalle,25.26,14.76
2018-07-16,Kegalle,26.54,4.51
2018-07-23,Kegalle,25.9,4.93
2018-07-30,Kegalle,26.04,6.69
2018-08-06,Kegalle,25.2,10.5
2018-08-13,Kegalle,25.21,17.29
2018-08-20,Kegalle,26.34,1.5
2018-08-27,Kegalle,26.46,3.46
2018-09-03,Kegalle,26.69,0.19
2018-09-10,Kegalle,27.46,0.74
2018-09-17,Kegalle,26.27,10.94
2018-09-24,Kegalle,26.15,19.44
2018-10-01,Kegalle,25.96,21.67
2018-10-08,Kegalle,25.71,11.64
2018-10-15,Kegalle,25.67,10.4
2018-10-22,Kegalle,25.84,19.0
2018-10-29,Kegalle,25.81,18.94
2018-11-05,Kegalle,25.36,22.07
2018-11-12,Kegalle,25.83,6.66
2018-11-19,Kegalle,25.64,11.66
2018-11-26,Kegalle,26.09,7.13
2018-12-03,Kegalle,26.19,7.31
2018-12-10,Kegalle,25.08,0.64
2018-12-17,Kegalle,25.72,4.77
2018-12-24,Kegalle,25.69,5.23
2018-12-31,Kegalle,25.8,0.03
2019-01-07,Kegalle,27.31,2.59
2019-01-14,Kegalle,26.04,0.67
2019-01-21,Kegalle,27.76,0.59
2019-01-28,Kegalle,28.05,0.3
2019-02-04,Kegalle,27.32,36.64
2019-02-11,Kegalle,26.81,7.0
2019-02-18,Kegalle,26.89,0.54
2019-02-25,Kegalle,27.46,5.54
2019-03-04,Kegalle,28.05,1.1
2019-03-11,Kegalle,28.7,1.21
2019-03-18,Kegalle,28.54,2.19
2019-03-25,Kegalle,29.69,0.09
2019-04-01,Kegalle,30.59,0.21
2019-04-08,Kegalle,29.67,4.09
2019-04-15,Kegalle,28.12,22.8
2019-04-22,Kegalle,27.74,3.73
2019-04-29,Kegalle,27.16,4.71
2019-05-06,Kegalle,28.03,0.97
2019-05-13,Kegalle,27.74,2.27
2019-05-20,Kegalle,27.62,2.84
2019-05-27,Kegalle,27.93,2.37
2019-06-03,Kegalle,26.96,7.47
2019-06-10,Kegalle,27.3,6.49
2019-06-17,Kegalle,26.84,10.67
2019-06-24,Kegalle,27.3,4.77
2019-07-01,Kegalle,27.5,2.41
2019-07-08,Kegalle,27.26,3.49
2019-07-15,Kegalle,26.23,15.34
2019-07-22,Kegalle,26.57,4.51
2019-07-29,Kegalle,27.1,1.96
2019-08-05,Kegalle,25.86,14.76
2019-08-12,Kegalle,25.72,23.34
2019-08-19,Kegalle,25.65,12.64
2019-08-26,Kegalle,25.49,10.39
2019-09-02,Kegalle,26.41,4.03
2019-09-09,Kegalle,26.01,7.64
2019-09-16,Kegalle,25.96,6.54
2019-09-23,Kegalle,25.48,10.99
2019-09-30,Kegalle,26.13,22.36
2019-10-07,Kegalle,25.91,21.66
2019-10-14,Kegalle,26.16,22.54
2019-10-21,Kegalle,24.99,13.53
2019-10-28,Kegalle,25.21,16.69
2019-11-04,Kegalle,26.32,5.89
2019-11-11,Kegalle,26.23,13.71
2019-11-18,Kegalle,26.26,7.96
2019-11-25,Kegalle,26.33,10.73
2019-12-02,Kegalle,26.28,2.37
2019-12-09,Kegalle,25.63,5.76
2019-12-16,Kegalle,26.39,5.46
2019-12-23,Kegalle,26.21,1.34
2019-12-30,Kegalle,26.96,0.74
2020-01-06,Kegalle,26.84,0.1
2020-01-13,Kegalle,27.01,0.49
2020-01-20,Kegalle,28.28,0.59
2020-01-27,Kegalle,27.75,0.04
2020-02-03,Kegalle,28.71,0.16
2020-02-10,Kegalle,29.1,0.54
2020-02-17,Kegalle,29.11,0.29
2020-02-24,Kegalle,30.01,0.41
2020-03-02,Kegalle,29.47,1.23
2020-03-09,Kegalle,30.68,0.86
2020-03-16,Kegalle,29.44,3.81
2020-03-23,Kegalle,29.82,0.86
2020-03-30,Kegalle,29.79,12.06
2020-04-06,Kegalle,28.23,5.03
2020-04-13,Kegalle,28.04,12.19
2020-04-20,Kegalle,27.99,5.94
2020-04-27,Kegalle,28.61,2.99
2020-05-04,Kegalle,28.07,6.21
2020-05-11,Kegalle,27.73,14.1
2020-05-18,Kegalle,26.57,13.44
2020-05-25,Kegalle,27.29,4.84
2020-06-01,Kegalle,27.19,4.8
2020-06-08,Kegalle,26.59,9.2
2020-06-15,Kegalle,27.17,8.27
2020-06-22,Kegalle,26.93,7.54
2020-06-29,Kegalle,26.61,5.99
2020-07-06,Kegalle,26.51,7.46
2020-07-13,Kegalle,27.04,5.34
2020-07-20,Kegalle,26.01,4.77
2020-07-27,Kegalle,25.91,17.71
2020-08-03,Kegalle,25.69,23.01
2020-08-10,Kegalle,26.74,4.1
2020-08-17,Kegalle,27.19,1.37
2020-08-24,Kegalle,27.51,1.51
2020-08-31,Kegalle,25.93,14.9
2020-09-07,Kegalle,25.43,12.54
2020-09-14,Kegalle,25.56,18.4
2020-09-21,Kegalle,25.91,12.46
2020-09-28,Kegalle,26.03,6.56
2020-10-05,Kegalle,26.26,5.84
2020-10-12,Kegalle,26.12,9.0
2020-10-19,Kegalle,26.29,5.0
2020-10-26,Kegalle,26.32,4.8
2020-11-02,Kegalle,26.79,12.47
2020-11-09,Kegalle,26.07,13.23
2020-11-16,Kegalle,25.96,7.8
2020-11-23,Kegalle,25.79,4.1
2020-11-30,Kegalle,25.54,9.26
2020-12-07,Kegalle,26.11,0.41
2020-12-14,Kegalle,25.31,5.54
2020-12-21,Kegalle,24.95,11.0
2020-12-28,Kegalle,25.92,4.63
2021-01-04,Kegalle,25.44,17.53
2021-01-11,Kegalle,25.37,20.74
2021-01-18,Kegalle,25.67,0.6
2021-01-25,Kegalle,25.56,1.77
2021-02-01,Kegalle,26.24,0.59
2021-02-08,Kegalle,26.66,0.11
2021-02-15,Kegalle,28.35,1.57
2021-02-22,Kegalle,28.38,0.29
2021-03-01,Kegalle,29.0,0.8
2021-03-08,Kegalle,27.92,7.5
2021-03-15,Kegalle,28.37,7.61
2021-03-22,Kegalle,27.27,8.77
2021-03-29,Kegalle,27.76,0.7
2021-04-05,Kegalle,28.14,3.54
2021-04-12,Kegalle,26.86,18.67
2021-04-19,Kegalle,27.42,1.96
2021-04-26,Kegalle,27.78,4.46
2021-05-03,Kegalle,26.95,21.39
2021-05-10,Kegalle,27.05,11.73
2021-05-17,Kegalle,27.17,4.26
2021-05-24,Kegalle,25.85,25.09
2021-05-31,Kegalle,26.24,13.46
2021-06-07,Kegalle,26.19,9.37
2021-06-14,Kegalle,26.56,4.06
2021-06-21,Kegalle,26.18,5.83
2021-06-28,Kegalle,26.35,6.2
2021-07-05,Kegalle,26.15,13.77
2021-07-12,Kegalle,26.96,3.67
2021-07-19,Kegalle,26.32,10.34
2021-07-26,Kegalle,26.49,6.0
2021-08-02,Kegalle,25.87,10.93
2021-08-09,Kegalle,25.93,13.07
2021-08-16,Kegalle,26.06,5.66
2021-08-23,Kegalle,25.83,10.09
2021-08-30,Kegalle,25.51,8.03
2021-09-06,Kegalle,26.3,6.0
2021-09-13,Kegalle,26.39,6.69
2021-09-20,Kegalle,26.43,11.06
2021-09-27,Kegalle,25.84,14.83
2021-10-04,Kegalle,25.86,12.13
2021-10-11,Kegalle,26.38,8.54
2021-10-18,Kegalle,26.21,10.99
2021-10-25,Kegalle,25.69,23.17
2021-11-01,Kegalle,25.12,19.5
2021-11-08,Kegalle,24.81,27.04
2021-11-15,Kegalle,25.44,14.61
2021-11-22,Kegalle,25.24,15.01
2021-11-29,Kegalle,25.59,5.49
2021-12-06,Kegalle,26.66,0.89
2021-12-13,Kegalle,26.07,5.97
2021-12-20,Kegalle,26.01,0.07
2021-12-27,Kegalle,26.62,4.11
2022-01-03,Kegalle,26.61,2.44
2022-01-10,Kegalle,26.68,1.01
2022-01-17,Kegalle,26.89,0.34
2022-01-24,Kegalle,27.16,0.56
2022-01-31,Kegalle,27.52,0.66
2022-02-07,Kegalle,26.74,9.74
2022-02-14,Kegalle,26.46,0.77
2022-02-21,Kegalle,27.68,1.34
2022-02-28,Kegalle,27.45,0.47
2022-03-07,Kegalle,28.42,2.44
2022-03-14,Kegalle,27.65,2.66
2022-03-21,Kegalle,27.89,1.77
2022-03-28,Kegalle,28.06,4.69
2022-04-04,Kegalle,26.48,13.36
2022-04-11,Kegalle,27.11,6.24
2022-04-18,Kegalle,27.2,4.24
2022-04-25,Kegalle,27.71,6.14
2022-05-02,Kegalle,28.31,1.6
2022-05-09,Kegalle,25.89,25.64
2022-05-16,Kegalle,26.27,9.2
2022-05-23,Kegalle,25.76,7.29
2022-05-30,Kegalle,25.49,10.47
2022-06-06,Kegalle,26.13,3.41
2022-06-13,Kegalle,26.14,5.13
2022-06-20,Kegalle,26.1,5.73
2022-06-27,Kegalle,26.79,7.77
2022-07-04,Kegalle,26.56,2.29
2022-07-11,Kegalle,26.37,4.03
2022-07-18,Kegalle,26.33,6.8
2022-07-25,Kegalle,26.58,7.41
2022-08-01,Kegalle,24.75,20.26
2022-08-08,Kegalle,26.85,1.34
2022-08-15,Kegalle,26.82,1.84
2022-08-22,Kegalle,25.37,11.31
2022-08-29,Kegalle,25.22,18.74
2022-09-05,Kegalle,25.95,5.74
2022-09-12,Kegalle,26.35,1.63
2022-09-19,Kegalle,26.71,1.26
2022-09-26,Kegalle,25.88,10.8
2022-10-03,Kegalle,25.56,10.06
2022-10-10,Kegalle,25.49,16.77
2022-10-17,Kegalle,24.68,22.83
2022-10-24,Kegalle,26.01,7.37
2022-10-31,Kegalle,25.31,22.07
2022-11-07,Kegalle,25.09,15.91
2022-11-14,Kegalle,24.91,4.79
2022-11-21,Kegalle,25.63,2.29
2022-11-28,Kegalle,26.16,8.5
2022-12-05,Kegalle,24.71,3.17
2022-12-12,Kegalle,25.19,4.43
2022-12-19,Kegalle,24.81,11.8
2022-12-26,Kegalle,25.41,4.99
2023-01-02,Kegalle,25.71,2.24
2023-01-09,Kegalle,24.76,0.0
2023-01-16,Kegalle,24.96,3.61
2023-01-23,Kegalle,25.45,3.53
2023-01-30,Kegalle,25.47,7.44
2023-02-06,Kegalle,25.82,1.4
2023-02-13,Kegalle,26.22,2.47
2023-02-20,Kegalle,26.24,1.17
2023-02-27,Kegalle,26.81,2.49
2023-03-06,Kegalle,27.78,2.27
2023-03-13,Kegalle,27.6,6.71
2023-03-20,Kegalle,27.35,5.6
2023-03-27,Kegalle,28.64,0.84
2023-04-03,Kegalle,27.82,1.67
2023-04-10,Kegalle,28.83,1.06
2023-04-17,Kegalle,29.19,2.37
2023-04-24,Kegalle,27.46,11.3
2023-05-01,Kegalle,26.4,12.43
2023-05-08,Kegalle,27.21,8.3
2023-05-15,Kegalle,28.07,1.74
2023-05-22,Kegalle,28.0,2.77
2023-05-29,Kegalle,27.92,2.19
2023-06-05,Kegalle,27.31,3.84
2023-06-12,Kegalle,27.06,5.74
2023-06-19,Kegalle,27.02,4.93
2023-06-26,Kegalle,26.29,10.8
2023-07-03,Kegalle,25.66,19.0
2023-07-10,Kegalle,27.03,3.71
2023-07-17,Kegalle,26.95,3.6
2023-07-24,Kegalle,26.8,4.53
2023-07-31,Kegalle,27.74,1.37
2023-08-07,Kegalle,27.94,1.26
2023-08-14,Kegalle,27.73,1.27
2023-08-21,Kegalle,28.63,0.84
2023-08-28,Kegalle,26.86,5.16
2023-09-04,Kegalle,25.13,14.9
2023-09-11,Kegalle,26.31,9.11
2023-09-18,Kegalle,26.52,5.66
2023-09-25,Kegalle,25.93,15.11
2023-10-02,Kegalle,26.12,11.53
2023-10-09,Kegalle,25.88,13.51
2023-10-16,Kegalle,25.52,17.87
2023-10-23,Kegalle,26.36,9.61
2023-10-30,Kegalle,26.04,18.54
2023-11-06,Kegalle,26.11,30.14
2023-11-13,Kegalle,25.81,14.83
2023-11-20,Kegalle,26.24,18.81
2023-11-27,Kegalle,25.76,17.21
2023-12-04,Kegalle,25.94,15.6
2023-12-11,Kegalle,25.93,15.3
2023-12-18,Kegalle,26.96,6.94
2023-12-25,Kegalle,26.94,3.39
2024-01-01,Kegalle,26.51,10.2
2024-01-08,Kegalle,26.13,5.21
2024-01-15,Kegalle,25.62,2.54
2024-01-22,Kegalle,26.37,0.13
2024-01-29,Kegalle,26.7,9.69
2024-02-05,Kegalle,26.88,0.34
2024-02-12,Kegalle,28.44,1.31
2024-02-19,Kegalle,29.26,0.13
2024-02-26,Kegalle,29.14,0.21
2024-03-04,Kegalle,29.78,0.14
2024-03-11,Kegalle,30.41,0.1
2024-03-18,Kegalle,29.75,7.1
2024-03-25,Kegalle,29.25,3.86
2024-04-01,Kegalle,29.86,3.01
2024-04-08,Kegalle,29.96,9.79
2024-04-15,Kegalle,28.83,2.63
2024-04-22,Kegalle,30.12,3.43
2024-04-29,Kegalle,29.68,6.07
2024-05-06,Kegalle,29.46,9.57
2024-05-13,Kegalle,27.39,20.06
2024-05-20,Kegalle,25.94,31.91
2024-05-27,Kegalle,26.61,22.26
2024-06-03,Kegalle,26.94,4.91
2024-06-10,Kegalle,27.09,4.16
2024-06-17,Kegalle,26.54,11.67
2024-06-24,Kegalle,26.39,12.27
2024-07-01,Kegalle,26.66,4.74
2024-07-08,Kegalle,26.84,8.76
2024-07-15,Kegalle,26.71,8.11
2024-07-22,Kegalle,27.64,4.31
2024-07-29,Kegalle,26.61,10.61
2024-08-05,Kegalle,27.01,5.33
2024-08-12,Kegalle,26.29,14.79
2024-08-19,Kegalle,26.39,6.1
2024-08-26,Kegalle,26.57,6.81
2024-09-02,Kegalle,26.29,10.31
2024-09-09,Kegalle,26.52,4.56
2024-09-16,Kegalle,26.65,4.84
2024-09-23,Kegalle,27.07,3.77
2024-09-30,Kegalle,27.3,4.43
2024-10-07,Kegalle,25.46,20.51
2024-10-14,Kegalle,26.16,6.46
2024-10-21,Kegalle,25.84,12.09
2024-10-28,Kegalle,26.44,11.14
2024-11-04,Kegalle,26.11,16.69
2024-11-11,Kegalle,26.34,8.1
2024-11-18,Kegalle,25.91,18.34
2024-11-25,Kegalle,24.39,30.26
2024-12-02,Kegalle,26.39,0.36
2024-12-09,Kegalle,26.08,5.51
2024-12-16,Kegalle,25.84,8.21
2024-12-23,Kegalle,25.35,3.31
2024-12-30,Kegalle,25.74,4.21
2025-01-06,Kegalle,25.51,12.41
2025-01-13,Kegalle,25.34,15.07
2025-01-20,Kegalle,26.15,8.61
2025-01-27,Kegalle,26.31,3.74
2025-02-03,Kegalle,25.96,0.04
2025-02-10,Kegalle,26.64,0.09
2025-02-17,Kegalle,27.66,0.03
2025-02-24,Kegalle,27.92,9.34
2025-03-03,Kegalle,27.14,0.2
2025-03-10,Kegalle,26.91,6.44
2025-03-17,Kegalle,27.54,3.61
2025-03-24,Kegalle,28.14,2.3
2025-03-31,Kegalle,27.76,12.2
2025-04-07,Kegalle,26.94,7.81
2025-04-14,Kegalle,28.09,3.24
2025-04-21,Kegalle,28.31,4.4
2025-04-28,Kegalle,28.07,4.54
2025-05-05,Kegalle,28.41,3.87
2025-05-12,Kegalle,27.72,6.94
2025-05-19,Kegalle,26.8,6.51
2025-05-26,Kegalle,26.27,12.94
2025-06-02,Kegalle,27.56,1.77
2025-06-09,Kegalle,25.04,28.43
2025-06-16,Kegalle,26.29,7.57
2025-06-23,Kegalle,26.32,5.63
2025-06-30,Kegalle,27.11,2.76
2025-07-07,Kegalle,27.01,2.99
2025-07-14,Kegalle,25.74,13.61
2025-07-21,Kegalle,25.12,17.41
2025-07-28,Kegalle,26.58,3.47
2025-08-04,Kegalle,26.44,2.8
2025-08-11,Kegalle,25.6,6.81
2025-08-18,Kegalle,27.09,0.99
2025-08-25,Kegalle,26.26,10.64
2025-09-01,Kegalle,26.53,3.04
2025-09-08,Kegalle,27.14,3.83
2025-09-15,Kegalle,25.96,7.19
2025-09-22,Kegalle,25.71,12.17
2025-09-29,Kegalle,26.98,4.74
2025-10-06,Kegalle,27.06,2.16
2025-10-13,Kegalle,26.8,22.91
2025-10-20,Kegalle,25.04,13.91
2025-10-27,Kegalle,27.21,1.54
2025-11-03,Kegalle,26.32,5.97
2025-11-10,Kegalle,26.29,10.46
2025-11-17,Kegalle,25.97,18.71
2025-11-24,Kegalle,23.45,67.54
2025-12-01,Kegalle,26.04,3.79
2025-12-08,Kegalle,25.71,8.33
2025-12-15,Kegalle,25.91,4.03
2025-12-22,Kegalle,25.89,0.3
2025-12-29,Kegalle,26.38,3.91
2026-01-05,Kegalle,25.46,5.33
2026-01-12,Kegalle,25.29,0.57
2026-01-19,Kegalle,25.29,0.06
2026-01-26,Kegalle,26.49,2.17
2026-02-02,Kegalle,27.14,4.6
2026-02-09,Kegalle,26.34,0.69
2026-02-16,Kegalle,25.94,11.66
2026-02-23,Kegalle,26.96,0.13
2026-03-02,Kegalle,27.93,0.23
2026-03-09,Kegalle,28.26,2.14
2026-03-16,Kegalle,28.76,4.5
2026-03-23,Kegalle,30.01,0.2
2026-03-30,Kegalle,29.38,3.23
2026-04-06,Kegalle,29.42,3.19
2026-04-13,Kegalle,29.34,4.86
2026-04-20,Kegalle,28.61,9.01
2026-04-27,Kegalle,28.56,2.6
2026-05-04,Kegalle,28.14,9.7
2026-05-11,Kegalle,26.37,14.66
2026-05-18,Kegalle,26.94,8.27
2026-05-25,Kegalle,27.02,6.04
2026-06-01,Kegalle,27.23,8.64
2026-06-08,Kegalle,26.16,13.39
2026-06-15,Kegalle,26.71,6.11
2026-06-22,Kegalle,26.44,11.57
2026-06-29,Kegalle,26.36,7.34
2026-07-06,Kegalle,27.64,2.01
2026-07-13,Kegalle,27.38,1.96
2026-07-20,Kegalle,27.8,1.77
2026-07-27,Kegalle,27.43,4.83
2013-12-30,Kilinochchi,24.62,15.92
2014-01-06,Kilinochchi,24.67,11.61
2014-01-13,Kilinochchi,24.74,8.6
2014-01-20,Kilinochchi,25.06,0.53
2014-01-27,Kilinochchi,25.22,1.64
2014-02-03,Kilinochchi,24.84,0.0
2014-02-10,Kilinochchi,25.55,0.09
2014-02-17,Kilinochchi,26.56,0.61
2014-02-24,Kilinochchi,27.06,0.66
2014-03-03,Kilinochchi,27.48,0.49
2014-03-10,Kilinochchi,27.45,0.0
2014-03-17,Kilinochchi,28.71,0.3
2014-03-24,Kilinochchi,28.62,0.03
2014-03-31,Kilinochchi,29.64,0.97
2014-04-07,Kilinochchi,29.8,0.27
2014-04-14,Kilinochchi,30.04,0.0
2014-04-21,Kilinochchi,29.92,0.56
2014-04-28,Kilinochchi,28.69,4.93
2014-05-05,Kilinochchi,28.09,10.96
2014-05-12,Kilinochchi,29.72,0.04
2014-05-19,Kilinochchi,30.24,0.0
2014-05-26,Kilinochchi,30.69,0.03
2014-06-02,Kilinochchi,30.84,0.47
2014-06-09,Kilinochchi,31.23,0.09
2014-06-16,Kilinochchi,31.02,0.0
2014-06-23,Kilinochchi,30.91,0.0
2014-06-30,Kilinochchi,30.96,0.43
2014-07-07,Kilinochchi,30.04,0.16
2014-07-14,Kilinochchi,30.3,0.07
2014-07-21,Kilinochchi,30.61,0.19
2014-07-28,Kilinochchi,30.29,0.17
2014-08-04,Kilinochchi,29.54,1.77
2014-08-11,Kilinochchi,29.2,1.14
2014-08-18,Kilinochchi,28.69,2.69
2014-08-25,Kilinochchi,29.28,0.0
2014-09-01,Kilinochchi,29.35,0.01
2014-09-08,Kilinochchi,30.43,0.11
2014-09-15,Kilinochchi,30.25,0.21
2014-09-22,Kilinochchi,29.2,7.26
2014-09-29,Kilinochchi,27.74,2.87
2014-10-06,Kilinochchi,28.14,3.51
2014-10-13,Kilinochchi,27.46,10.83
2014-10-20,Kilinochchi,26.66,8.29
2014-10-27,Kilinochchi,26.49,7.13
2014-11-03,Kilinochchi,25.91,6.97
2014-11-10,Kilinochchi,26.56,6.46
2014-11-17,Kilinochchi,25.78,10.46
2014-11-24,Kilinochchi,25.14,21.04
2014-12-01,Kilinochchi,25.57,5.34
2014-12-08,Kilinochchi,25.69,7.09
2014-12-15,Kilinochchi,25.32,16.1
2014-12-22,Kilinochchi,24.39,22.64
2014-12-29,Kilinochchi,25.58,14.5
2015-01-05,Kilinochchi,25.43,0.1
2015-01-12,Kilinochchi,25.22,0.8
2015-01-19,Kilinochchi,25.33,0.69
2015-01-26,Kilinochchi,25.64,0.51
2015-02-02,Kilinochchi,25.49,2.94
2015-02-09,Kilinochchi,25.75,1.6
2015-02-16,Kilinochchi,25.23,0.0
2015-02-23,Kilinochchi,26.58,2.0
2015-03-02,Kilinochchi,27.44,0.13
2015-03-09,Kilinochchi,27.27,1.01
2015-03-16,Kilinochchi,27.22,0.19
2015-03-23,Kilinochchi,28.46,0.29
2015-03-30,Kilinochchi,29.31,0.7
2015-04-06,Kilinochchi,29.1,0.43
2015-04-13,Kilinochchi,27.66,3.33
2015-04-20,Kilinochchi,28.76,1.94
2015-04-27,Kilinochchi,29.37,0.83
2015-05-04,Kilinochchi,29.19,1.97
2015-05-11,Kilinochchi,27.61,10.71
2015-05-18,Kilinochchi,29.16,0.26
2015-05-25,Kilinochchi,29.79,0.09
2015-06-01,Kilinochchi,29.16,0.91
2015-06-08,Kilinochchi,29.81,0.09
2015-06-15,Kilinochchi,29.98,0.64
2015-06-22,Kilinochchi,30.15,0.24
2015-06-29,Kilinochchi,30.12,0.1
2015-07-06,Kilinochchi,30.24,0.33
2015-07-13,Kilinochchi,30.25,0.74
2015-07-20,Kilinochchi,29.15,0.73
2015-07-27,Kilinochchi,29.7,0.59
2015-08-03,Kilinochchi,29.94,0.07
2015-08-10,Kilinochchi,30.31,1.37
2015-08-17,Kilinochchi,28.71,2.7
2015-08-24,Kilinochchi,29.79,0.0
2015-08-31,Kilinochchi,29.42,3.04
2015-09-07,Kilinochchi,28.46,0.36
2015-09-14,Kilinochchi,29.81,0.06
2015-09-21,Kilinochchi,29.93,0.8
2015-09-28,Kilinochchi,27.85,4.14
2015-10-05,Kilinochchi,28.13,4.2
2015-10-12,Kilinochchi,27.81,3.4
2015-10-19,Kilinochchi,27.67,3.31
2015-10-26,Kilinochchi,26.01,22.79
2015-11-02,Kilinochchi,26.34,16.6
2015-11-09,Kilinochchi,26.26,23.69
2015-11-16,Kilinochchi,26.52,13.37
2015-11-23,Kilinochchi,26.19,5.2
2015-11-30,Kilinochchi,26.0,14.91
2015-12-07,Kilinochchi,26.5,7.36
2015-12-14,Kilinochchi,26.21,3.07
2015-12-21,Kilinochchi,26.36,2.87
2015-12-28,Kilinochchi,25.97,6.63
2016-01-04,Kilinochchi,25.89,1.3
2016-01-11,Kilinochchi,25.67,0.01
2016-01-18,Kilinochchi,26.34,0.91
2016-01-25,Kilinochchi,26.27,0.06
2016-02-01,Kilinochchi,26.41,0.0
2016-02-08,Kilinochchi,26.84,0.03
2016-02-15,Kilinochchi,27.46,1.16
2016-02-22,Kilinochchi,27.61,1.03
2016-02-29,Kilinochchi,27.63,1.03
2016-03-07,Kilinochchi,28.71,0.07
2016-03-14,Kilinochchi,28.87,0.0
2016-03-21,Kilinochchi,29.61,0.0
2016-03-28,Kilinochchi,29.4,1.37
2016-04-04,Kilinochchi,30.31,0.4
2016-04-11,Kilinochchi,31.24,0.2
2016-04-18,Kilinochchi,31.42,0.13
2016-04-25,Kilinochchi,31.41,0.2
2016-05-02,Kilinochchi,31.0,0.54
2016-05-09,Kilinochchi,29.31,5.81
2016-05-16,Kilinochchi,28.54,21.0
2016-05-23,Kilinochchi,29.86,0.03
2016-05-30,Kilinochchi,29.91,0.09
2016-06-06,Kilinochchi,29.37,0.07
2016-06-13,Kilinochchi,29.94,0.3
2016-06-20,Kilinochchi,29.34,1.73
2016-06-27,Kilinochchi,30.15,0.57
2016-07-04,Kilinochchi,30.52,0.03
2016-07-11,Kilinochchi,30.09,0.94
2016-07-18,Kilinochchi,29.14,0.4
2016-07-25,Kilinochchi,28.66,2.81
2016-08-01,Kilinochchi,29.84,0.06
2016-08-08,Kilinochchi,30.19,0.03
2016-08-15,Kilinochchi,30.04,0.04
2016-08-22,Kilinochchi,29.37,0.9
2016-08-29,Kilinochchi,29.01,0.96
2016-09-05,Kilinochchi,29.43,0.0
2016-09-12,Kilinochchi,29.91,0.06
2016-09-19,Kilinochchi,30.34,0.0
2016-09-26,Kilinochchi,29.71,0.23
2016-10-03,Kilinochchi,29.86,0.0
2016-10-10,Kilinochchi,29.73,0.07
2016-10-17,Kilinochchi,28.7,3.3
2016-10-24,Kilinochchi,28.43,1.1
2016-10-31,Kilinochchi,27.07,8.2
2016-11-07,Kilinochchi,27.04,1.96
2016-11-14,Kilinochchi,26.39,8.87
2016-11-21,Kilinochchi,26.26,4.17
2016-11-28,Kilinochchi,24.67,10.09
2016-12-05,Kilinochchi,25.84,0.96
2016-12-12,Kilinochchi,26.44,0.6
2016-12-19,Kilinochchi,25.29,1.71
2016-12-26,Kilinochchi,25.78,4.57
2017-01-02,Kilinochchi,25.45,0.43
2017-01-09,Kilinochchi,25.21,0.14
2017-01-16,Kilinochchi,25.44,8.94
2017-01-23,Kilinochchi,25.24,12.94
2017-01-30,Kilinochchi,24.55,0.4
2017-02-06,Kilinochchi,23.8,0.09
2017-02-13,Kilinochchi,25.76,1.66
2017-02-20,Kilinochchi,26.36,0.01
2017-02-27,Kilinochchi,26.74,5.79
2017-03-06,Kilinochchi,27.81,6.7
2017-03-13,Kilinochchi,27.42,2.69
2017-03-20,Kilinochchi,27.12,0.53
2017-03-27,Kilinochchi,28.8,0.71
2017-04-03,Kilinochchi,30.55,0.33
2017-04-10,Kilinochchi,30.64,0.19
2017-04-17,Kilinochchi,31.4,0.11
2017-04-24,Kilinochchi,31.61,0.2
2017-05-01,Kilinochchi,30.09,4.44
2017-05-08,Kilinochchi,30.05,2.19
2017-05-15,Kilinochchi,31.9,0.17
2017-05-22,Kilinochchi,31.25,0.13
2017-05-29,Kilinochchi,30.97,0.21
2017-06-05,Kilinochchi,30.81,0.41
2017-06-12,Kilinochchi,30.93,0.71
2017-06-19,Kilinochchi,30.22,0.83
2017-06-26,Kilinochchi,30.86,0.46
2017-07-03,Kilinochchi,31.14,0.87
2017-07-10,Kilinochchi,30.66,0.11
2017-07-17,Kilinochchi,30.64,0.19
2017-07-24,Kilinochchi,31.46,1.33
2017-07-31,Kilinochchi,30.51,0.93
2017-08-07,Kilinochchi,29.76,3.8
2017-08-14,Kilinochchi,29.04,2.04
2017-08-21,Kilinochchi,30.0,0.61
2017-08-28,Kilinochchi,29.76,4.13
2017-09-04,Kilinochchi,28.65,2.21
2017-09-11,Kilinochchi,28.69,3.54
2017-09-18,Kilinochchi,29.48,0.31
2017-09-25,Kilinochchi,29.59,0.7
2017-10-02,Kilinochchi,30.09,3.29
2017-10-09,Kilinochchi,28.43,5.14
2017-10-16,Kilinochchi,28.57,0.6
2017-10-23,Kilinochchi,27.66,10.03
2017-10-30,Kilinochchi,26.01,29.1
2017-11-06,Kilinochchi,26.08,16.93
2017-11-13,Kilinochchi,27.13,1.99
2017-11-20,Kilinochchi,26.53,7.17
2017-11-27,Kilinochchi,25.93,15.99
2017-12-04,Kilinochchi,25.99,0.99
2017-12-11,Kilinochchi,26.13,2.41
2017-12-18,Kilinochchi,25.69,2.9
2017-12-25,Kilinochchi,25.1,4.17
2018-01-01,Kilinochchi,24.82,0.04
2018-01-08,Kilinochchi,25.12,7.54
2018-01-15,Kilinochchi,25.0,0.04
2018-01-22,Kilinochchi,24.87,0.19
2018-01-29,Kilinochchi,25.15,0.76
2018-02-05,Kilinochchi,26.36,0.36
2018-02-12,Kilinochchi,26.08,0.83
2018-02-19,Kilinochchi,25.93,0.27
2018-02-26,Kilinochchi,26.79,1.57
2018-03-05,Kilinochchi,27.08,0.04
2018-03-12,Kilinochchi,27.7,2.71
2018-03-19,Kilinochchi,28.39,0.13
2018-03-26,Kilinochchi,29.61,0.99
2018-04-02,Kilinochchi,29.21,1.79
2018-04-09,Kilinochchi,28.54,4.56
2018-04-16,Kilinochchi,29.94,0.56
2018-04-23,Kilinochchi,31.03,0.71
2018-04-30,Kilinochchi,31.48,2.24
2018-05-07,Kilinochchi,29.72,2.69
2018-05-14,Kilinochchi,28.77,2.7
2018-05-21,Kilinochchi,28.07,5.5
2018-05-28,Kilinochchi,30.17,0.3
2018-06-04,Kilinochchi,29.95,0.54
2018-06-11,Kilinochchi,30.17,0.34
2018-06-18,Kilinochchi,30.05,0.03
2018-06-25,Kilinochchi,30.35,0.43
2018-07-02,Kilinochchi,30.36,0.36
2018-07-09,Kilinochchi,29.72,0.4
2018-07-16,Kilinochchi,30.27,0.14
2018-07-23,Kilinochchi,30.79,0.17
2018-07-30,Kilinochchi,30.14,0.16
2018-08-06,Kilinochchi,29.56,0.17
2018-08-13,Kilinochchi,28.93,1.13
2018-08-20,Kilinochchi,30.24,1.23
2018-08-27,Kilinochchi,30.36,0.09
2018-09-03,Kilinochchi,29.84,0.09
2018-09-10,Kilinochchi,29.86,0.89
2018-09-17,Kilinochchi,29.95,0.23
2018-09-24,Kilinochchi,27.76,8.5
2018-10-01,Kilinochchi,27.16,9.94
2018-10-08,Kilinochchi,27.51,5.16
2018-10-15,Kilinochchi,26.71,8.59
2018-10-22,Kilinochchi,26.08,15.26
2018-10-29,Kilinochchi,26.34,13.5
2018-11-05,Kilinochchi,26.09,14.66
2018-11-12,Kilinochchi,26.07,5.91
2018-11-19,Kilinochchi,26.04,29.17
2018-11-26,Kilinochchi,26.06,5.96
2018-12-03,Kilinochchi,26.41,7.24
2018-12-10,Kilinochchi,25.62,0.61
2018-12-17,Kilinochchi,25.45,13.5
2018-12-24,Kilinochchi,25.6,4.06
2018-12-31,Kilinochchi,25.03,0.71
2019-01-07,Kilinochchi,25.19,0.43
2019-01-14,Kilinochchi,25.04,0.16
2019-01-21,Kilinochchi,25.61,0.34
2019-01-28,Kilinochchi,26.09,0.19
2019-02-04,Kilinochchi,26.44,3.17
2019-02-11,Kilinochchi,26.87,0.93
2019-02-18,Kilinochchi,27.03,0.39
2019-02-25,Kilinochchi,27.84,0.31
2019-03-04,Kilinochchi,28.94,0.34
2019-03-11,Kilinochchi,27.79,0.07
2019-03-18,Kilinochchi,28.93,0.13
2019-03-25,Kilinochchi,28.91,0.07
2019-04-01,Kilinochchi,29.55,0.14
2019-04-08,Kilinochchi,30.51,0.21
2019-04-15,Kilinochchi,29.71,2.59
2019-04-22,Kilinochchi,30.59,0.36
2019-04-29,Kilinochchi,31.59,0.17
2019-05-06,Kilinochchi,31.84,0.0
2019-05-13,Kilinochchi,31.53,0.06
2019-05-20,Kilinochchi,30.86,1.53
2019-05-27,Kilinochchi,31.92,0.04
2019-06-03,Kilinochchi,31.27,0.29
2019-06-10,Kilinochchi,31.21,0.17
2019-06-17,Kilinochchi,31.69,0.03
2019-06-24,Kilinochchi,31.0,0.16
2019-07-01,Kilinochchi,30.76,0.01
2019-07-08,Kilinochchi,30.93,0.63
2019-07-15,Kilinochchi,30.44,0.51
2019-07-22,Kilinochchi,30.16,0.79
2019-07-29,Kilinochchi,30.77,0.01
2019-08-05,Kilinochchi,29.29,2.01
2019-08-12,Kilinochchi,29.96,1.13
2019-08-19,Kilinochchi,29.12,0.37
2019-08-26,Kilinochchi,29.86,0.21
2019-09-02,Kilinochchi,30.24,0.24
2019-09-09,Kilinochchi,30.29,3.23
2019-09-16,Kilinochchi,28.94,1.89
2019-09-23,Kilinochchi,28.11,2.24
2019-09-30,Kilinochchi,27.88,4.67
2019-10-07,Kilinochchi,27.73,5.13
2019-10-14,Kilinochchi,27.09,10.46
2019-10-21,Kilinochchi,26.63,12.46
2019-10-28,Kilinochchi,26.31,10.59
2019-11-04,Kilinochchi,27.29,1.87
2019-11-11,Kilinochchi,27.1,2.01
2019-11-18,Kilinochchi,27.43,2.79
2019-11-25,Kilinochchi,26.7,11.66
2019-12-02,Kilinochchi,26.03,14.43
2019-12-09,Kilinochchi,26.19,3.73
2019-12-16,Kilinochchi,26.36,3.7
2019-12-23,Kilinochchi,25.74,7.97
2019-12-30,Kilinochchi,26.34,1.01
2020-01-06,Kilinochchi,26.13,0.5
2020-01-13,Kilinochchi,25.36,1.01
2020-01-20,Kilinochchi,26.6,1.03
2020-01-27,Kilinochchi,25.86,0.0
2020-02-03,Kilinochchi,26.15,0.26
2020-02-10,Kilinochchi,26.74,0.5
2020-02-17,Kilinochchi,26.41,1.64
2020-02-24,Kilinochchi,27.17,0.01
2020-03-02,Kilinochchi,27.1,0.47
2020-03-09,Kilinochchi,27.44,0.0
2020-03-16,Kilinochchi,28.54,0.31
2020-03-23,Kilinochchi,27.77,0.0
2020-03-30,Kilinochchi,28.41,1.31
2020-04-06,Kilinochchi,29.6,0.31
2020-04-13,Kilinochchi,29.42,1.14
2020-04-20,Kilinochchi,30.45,1.5
2020-04-27,Kilinochchi,30.62,1.4
2020-05-04,Kilinochchi,30.47,3.59
2020-05-11,Kilinochchi,29.29,4.76
2020-05-18,Kilinochchi,31.11,0.09
2020-05-25,Kilinochchi,30.96,0.34
2020-06-01,Kilinochchi,30.04,0.86
2020-06-08,Kilinochchi,30.58,0.21
2020-06-15,Kilinochchi,31.64,0.04
2020-06-22,Kilinochchi,29.77,2.81
2020-06-29,Kilinochchi,30.48,0.54
2020-07-06,Kilinochchi,29.76,4.67
2020-07-13,Kilinochchi,30.11,0.37
2020-07-20,Kilinochchi,29.0,2.99
2020-07-27,Kilinochchi,29.14,1.24
2020-08-03,Kilinochchi,29.31,0.64
2020-08-10,Kilinochchi,29.92,0.09
2020-08-17,Kilinochchi,30.62,0.26
2020-08-24,Kilinochchi,30.71,0.5
2020-08-31,Kilinochchi,29.08,3.97
2020-09-07,Kilinochchi,29.09,1.64
2020-09-14,Kilinochchi,29.99,0.56
2020-09-21,Kilinochchi,29.66,1.61
2020-09-28,Kilinochchi,29.61,1.06
2020-10-05,Kilinochchi,30.17,1.13
2020-10-12,Kilinochchi,29.81,0.21
2020-10-19,Kilinochchi,29.81,0.53
2020-10-26,Kilinochchi,28.76,1.23
2020-11-02,Kilinochchi,27.9,5.7
2020-11-09,Kilinochchi,26.84,11.29
2020-11-16,Kilinochchi,27.01,5.37
2020-11-23,Kilinochchi,26.32,13.64
2020-11-30,Kilinochchi,25.88,35.44
2020-12-07,Kilinochchi,25.91,3.11
2020-12-14,Kilinochchi,25.32,15.29
2020-12-21,Kilinochchi,25.31,9.07
2020-12-28,Kilinochchi,25.7,6.71
2021-01-04,Kilinochchi,25.79,9.51
2021-01-11,Kilinochchi,25.53,54.4
2021-01-18,Kilinochchi,25.7,8.46
2021-01-25,Kilinochchi,25.5,1.56
2021-02-01,Kilinochchi,25.53,2.5
2021-02-08,Kilinochchi,25.17,0.2
2021-02-15,Kilinochchi,25.46,1.4
2021-02-22,Kilinochchi,25.9,0.29
2021-03-01,Kilinochchi,26.46,0.14
2021-03-08,Kilinochchi,27.12,1.04
2021-03-15,Kilinochchi,27.2,0.49
2021-03-22,Kilinochchi,28.3,0.64
2021-03-29,Kilinochchi,29.96,0.1
2021-04-05,Kilinochchi,28.93,1.0
2021-04-12,Kilinochchi,28.02,7.06
2021-04-19,Kilinochchi,29.56,0.31
2021-04-26,Kilinochchi,29.36,1.91
2021-05-03,Kilinochchi,28.61,4.83
2021-05-10,Kilinochchi,29.09,3.17
2021-05-17,Kilinochchi,29.49,0.76
2021-05-24,Kilinochchi,30.02,0.27
2021-05-31,Kilinochchi,29.74,3.06
2021-06-07,Kilinochchi,29.88,0.23
2021-06-14,Kilinochchi,30.12,0.0
2021-06-21,Kilinochchi,30.17,1.0
2021-06-28,Kilinochchi,29.96,1.2
2021-07-05,Kilinochchi,29.9,0.71
2021-07-12,Kilinochchi,29.76,0.47
2021-07-19,Kilinochchi,30.16,0.04
2021-07-26,Kilinochchi,30.49,0.0
2021-08-02,Kilinochchi,30.71,1.14
2021-08-09,Kilinochchi,29.81,1.49
2021-08-16,Kilinochchi,29.46,1.87
2021-08-23,Kilinochchi,28.82,0.21
2021-08-30,Kilinochchi,29.06,1.57
2021-09-06,Kilinochchi,30.01,0.1
2021-09-13,Kilinochchi,30.35,4.13
2021-09-20,Kilinochchi,29.91,1.34
2021-09-27,Kilinochchi,28.57,8.09
2021-10-04,Kilinochchi,27.52,4.63
2021-10-11,Kilinochchi,28.29,2.06
2021-10-18,Kilinochchi,27.73,9.06
2021-10-25,Kilinochchi,26.52,16.4
2021-11-01,Kilinochchi,25.9,26.14
2021-11-08,Kilinochchi,25.8,21.11
2021-11-15,Kilinochchi,26.98,8.79
2021-11-22,Kilinochchi,25.76,18.34
2021-11-29,Kilinochchi,26.05,2.26
2021-12-06,Kilinochchi,26.55,1.87
2021-12-13,Kilinochchi,26.14,5.66
2021-12-20,Kilinochchi,25.15,0.03
2021-12-27,Kilinochchi,25.13,7.57
2022-01-03,Kilinochchi,25.91,0.84
2022-01-10,Kilinochchi,25.87,1.07
2022-01-17,Kilinochchi,25.24,0.29
2022-01-24,Kilinochchi,25.63,1.7
2022-01-31,Kilinochchi,25.29,0.01
2022-02-07,Kilinochchi,25.29,8.24
2022-02-14,Kilinochchi,25.61,0.9
2022-02-21,Kilinochchi,26.41,0.73
2022-02-28,Kilinochchi,26.67,1.44
2022-03-07,Kilinochchi,26.73,0.04
2022-03-14,Kilinochchi,27.71,0.03
2022-03-21,Kilinochchi,28.91,1.41
2022-03-28,Kilinochchi,28.93,1.5
2022-04-04,Kilinochchi,27.37,8.07
2022-04-11,Kilinochchi,27.76,6.21
2022-04-18,Kilinochchi,28.16,2.41
2022-04-25,Kilinochchi,29.34,0.96
2022-05-02,Kilinochchi,30.36,0.14
2022-05-09,Kilinochchi,29.92,0.71
2022-05-16,Kilinochchi,29.39,0.41
2022-05-23,Kilinochchi,29.61,0.24
2022-05-30,Kilinochchi,30.01,0.01
2022-06-06,Kilinochchi,29.75,0.34
2022-06-13,Kilinochchi,29.51,2.14
2022-06-20,Kilinochchi,29.97,1.19
2022-06-27,Kilinochchi,30.93,0.29
2022-07-04,Kilinochchi,30.59,0.17
2022-07-11,Kilinochchi,29.77,0.21
2022-07-18,Kilinochchi,29.68,1.54
2022-07-25,Kilinochchi,28.44,2.36
2022-08-01,Kilinochchi,28.35,2.8
2022-08-08,Kilinochchi,29.95,0.0
2022-08-15,Kilinochchi,29.94,1.77
2022-08-22,Kilinochchi,28.73,1.56
2022-08-29,Kilinochchi,27.64,7.29
2022-09-05,Kilinochchi,28.27,0.97
2022-09-12,Kilinochchi,29.21,0.1
2022-09-19,Kilinochchi,29.67,0.04
2022-09-26,Kilinochchi,29.78,1.56
2022-10-03,Kilinochchi,28.99,1.74
2022-10-10,Kilinochchi,27.19,8.23
2022-10-17,Kilinochchi,26.42,8.09
2022-10-24,Kilinochchi,26.69,4.79
2022-10-31,Kilinochchi,26.0,20.17
2022-11-07,Kilinochchi,26.08,10.66
2022-11-14,Kilinochchi,26.17,1.64
2022-11-21,Kilinochchi,26.03,0.67
2022-11-28,Kilinochchi,26.18,3.96
2022-12-05,Kilinochchi,25.16,16.81
2022-12-12,Kilinochchi,26.0,9.66
2022-12-19,Kilinochchi,25.53,8.39
2022-12-26,Kilinochchi,25.81,0.86
2023-01-02,Kilinochchi,25.29,8.19
2023-01-09,Kilinochchi,24.39,0.0
2023-01-16,Kilinochchi,25.09,0.86
2023-01-23,Kilinochchi,25.16,1.0
2023-01-30,Kilinochchi,25.32,25.43
2023-02-06,Kilinochchi,25.35,0.5
2023-02-13,Kilinochchi,25.07,0.19
2023-02-20,Kilinochchi,25.67,0.0
2023-02-27,Kilinochchi,26.64,1.41
2023-03-06,Kilinochchi,27.21,0.66
2023-03-13,Kilinochchi,27.66,2.51
2023-03-20,Kilinochchi,28.31,2.27
2023-03-27,Kilinochchi,28.9,0.3
2023-04-03,Kilinochchi,28.9,0.76
2023-04-10,Kilinochchi,29.79,0.19
2023-04-17,Kilinochchi,30.56,1.09
2023-04-24,Kilinochchi,28.84,9.09
2023-05-01,Kilinochchi,27.41,9.37
2023-05-08,Kilinochchi,29.14,0.61
2023-05-15,Kilinochchi,30.19,0.16
2023-05-22,Kilinochchi,30.49,0.3
2023-05-29,Kilinochchi,31.07,0.16
2023-06-05,Kilinochchi,31.33,0.03
2023-06-12,Kilinochchi,30.81,3.24
2023-06-19,Kilinochchi,29.56,2.03
2023-06-26,Kilinochchi,30.15,1.3
2023-07-03,Kilinochchi,29.94,0.4
2023-07-10,Kilinochchi,30.67,0.7
2023-07-17,Kilinochchi,31.33,0.01
2023-07-24,Kilinochchi,31.13,0.13
2023-07-31,Kilinochchi,31.61,0.0
2023-08-07,Kilinochchi,31.16,1.44
2023-08-14,Kilinochchi,30.33,0.17
2023-08-21,Kilinochchi,31.09,0.37
2023-08-28,Kilinochchi,30.21,3.1
2023-09-04,Kilinochchi,29.7,1.24
2023-09-11,Kilinochchi,30.5,0.59
2023-09-18,Kilinochchi,30.01,0.99
2023-09-25,Kilinochchi,30.3,1.79
2023-10-02,Kilinochchi,30.08,4.51
2023-10-09,Kilinochchi,28.28,7.89
2023-10-16,Kilinochchi,27.33,4.93
2023-10-23,Kilinochchi,27.61,4.64
2023-10-30,Kilinochchi,27.02,19.69
2023-11-06,Kilinochchi,26.49,16.84
2023-11-13,Kilinochchi,26.18,20.87
2023-11-20,Kilinochchi,26.64,14.0
2023-11-27,Kilinochchi,26.11,14.43
2023-12-04,Kilinochchi,27.16,6.81
2023-12-11,Kilinochchi,25.99,15.54
2023-12-18,Kilinochchi,25.88,9.41
2023-12-25,Kilinochchi,26.37,3.24
2024-01-01,Kilinochchi,26.18,3.27
2024-01-08,Kilinochchi,26.43,3.79
2024-01-15,Kilinochchi,25.79,1.4
2024-01-22,Kilinochchi,25.84,0.13
2024-01-29,Kilinochchi,26.86,2.2
2024-02-05,Kilinochchi,26.96,0.07
2024-02-12,Kilinochchi,27.73,0.56
2024-02-19,Kilinochchi,28.25,0.11
2024-02-26,Kilinochchi,28.33,0.01
2024-03-04,Kilinochchi,28.26,0.0
2024-03-11,Kilinochchi,29.19,0.0
2024-03-18,Kilinochchi,28.87,0.8
2024-03-25,Kilinochchi,29.49,0.6
2024-04-01,Kilinochchi,31.31,0.43
2024-04-08,Kilinochchi,30.05,2.07
2024-04-15,Kilinochchi,31.71,0.73
2024-04-22,Kilinochchi,32.12,0.11
2024-04-29,Kilinochchi,32.84,1.73
2024-05-06,Kilinochchi,31.16,3.21
2024-05-13,Kilinochchi,28.46,15.41
2024-05-20,Kilinochchi,28.52,5.39
2024-05-27,Kilinochchi,30.07,4.2
2024-06-03,Kilinochchi,28.93,0.69
2024-06-10,Kilinochchi,29.81,0.01
2024-06-17,Kilinochchi,29.96,0.81
2024-06-24,Kilinochchi,30.16,0.7
2024-07-01,Kilinochchi,30.41,0.39
2024-07-08,Kilinochchi,30.59,1.13
2024-07-15,Kilinochchi,30.31,0.37
2024-07-22,Kilinochchi,30.95,0.04
2024-07-29,Kilinochchi,30.78,0.53
2024-08-05,Kilinochchi,29.89,5.54
2024-08-12,Kilinochchi,29.19,3.93
2024-08-19,Kilinochchi,29.47,1.09
2024-08-26,Kilinochchi,29.99,0.54
2024-09-02,Kilinochchi,30.9,0.73
2024-09-09,Kilinochchi,30.94,0.14
2024-09-16,Kilinochchi,31.29,0.26
2024-09-23,Kilinochchi,30.84,0.41
2024-09-30,Kilinochchi,29.91,1.26
2024-10-07,Kilinochchi,27.45,16.54
2024-10-14,Kilinochchi,27.46,4.13
2024-10-21,Kilinochchi,27.24,4.8
2024-10-28,Kilinochchi,27.27,6.59
2024-11-04,Kilinochchi,26.5,8.66
2024-11-11,Kilinochchi,26.98,8.63
2024-11-18,Kilinochchi,25.96,14.3
2024-11-25,Kilinochchi,25.56,52.16
2024-12-02,Kilinochchi,27.26,0.69
2024-12-09,Kilinochchi,26.23,17.0
2024-12-16,Kilinochchi,26.57,4.31
2024-12-23,Kilinochchi,26.21,2.89
2024-12-30,Kilinochchi,25.79,4.77
2025-01-06,Kilinochchi,25.61,3.53
2025-01-13,Kilinochchi,25.51,6.86
2025-01-20,Kilinochchi,25.79,2.47
2025-01-27,Kilinochchi,26.06,1.41
2025-02-03,Kilinochchi,25.99,0.04
2025-02-10,Kilinochchi,25.61,0.23
2025-02-17,Kilinochchi,26.36,0.0
2025-02-24,Kilinochchi,26.52,9.14
2025-03-03,Kilinochchi,27.17,0.03
2025-03-10,Kilinochchi,27.21,7.34
2025-03-17,Kilinochchi,28.3,2.09
2025-03-24,Kilinochchi,28.69,0.03
2025-03-31,Kilinochchi,28.33,6.73
2025-04-07,Kilinochchi,28.84,1.04
2025-04-14,Kilinochchi,29.99,0.39
2025-04-21,Kilinochchi,29.74,3.59
2025-04-28,Kilinochchi,29.12,5.19
2025-05-05,Kilinochchi,30.04,1.21
2025-05-12,Kilinochchi,30.17,2.46
2025-05-19,Kilinochchi,29.76,0.76
2025-05-26,Kilinochchi,30.0,0.57
2025-06-02,Kilinochchi,30.29,0.1
2025-06-09,Kilinochchi,29.71,0.44
2025-06-16,Kilinochchi,30.18,0.49
2025-06-23,Kilinochchi,30.27,0.16
2025-06-30,Kilinochchi,30.32,0.01
2025-07-07,Kilinochchi,30.69,0.4
2025-07-14,Kilinochchi,29.99,1.27
2025-07-21,Kilinochchi,29.34,0.36
2025-07-28,Kilinochchi,29.89,1.01
2025-08-04,Kilinochchi,29.26,1.57
2025-08-11,Kilinochchi,28.88,0.53
2025-08-18,Kilinochchi,29.71,0.77
2025-08-25,Kilinochchi,30.0,0.07
2025-09-01,Kilinochchi,30.18,1.53
2025-09-08,Kilinochchi,29.26,2.93
2025-09-15,Kilinochchi,28.94,3.51
2025-09-22,Kilinochchi,29.22,1.07
2025-09-29,Kilinochchi,29.19,2.63
2025-10-06,Kilinochchi,29.06,3.11
2025-10-13,Kilinochchi,27.86,14.04
2025-10-20,Kilinochchi,26.96,11.49
2025-10-27,Kilinochchi,28.44,1.01
2025-11-03,Kilinochchi,27.94,4.77
2025-11-10,Kilinochchi,26.5,15.5
2025-11-17,Kilinochchi,26.09,22.26
2025-11-24,Kilinochchi,25.19,69.97
2025-12-01,Kilinochchi,26.69,4.64
2025-12-08,Kilinochchi,25.31,16.33
2025-12-15,Kilinochchi,25.64,4.5
2025-12-22,Kilinochchi,25.69,1.03
2025-12-29,Kilinochchi,25.86,5.49
2026-01-05,Kilinochchi,25.4,7.56
2026-01-12,Kilinochchi,25.21,1.81
2026-01-19,Kilinochchi,24.7,2.33
2026-01-26,Kilinochchi,25.44,3.06
2026-02-02,Kilinochchi,26.04,1.51
2026-02-09,Kilinochchi,25.71,0.57
2026-02-16,Kilinochchi,26.02,3.53
2026-02-23,Kilinochchi,26.91,0.34
2026-03-02,Kilinochchi,26.93,0.17
2026-03-09,Kilinochchi,27.88,0.66
2026-03-16,Kilinochchi,28.31,2.74
2026-03-23,Kilinochchi,28.75,0.0
2026-03-30,Kilinochchi,29.42,0.71
2026-04-06,Kilinochchi,30.36,0.69
2026-04-13,Kilinochchi,30.91,0.67
2026-04-20,Kilinochchi,30.8,1.76
2026-04-27,Kilinochchi,30.99,0.97
2026-05-04,Kilinochchi,29.71,9.67
2026-05-11,Kilinochchi,27.81,12.16
2026-05-18,Kilinochchi,30.38,0.11
2026-05-25,Kilinochchi,30.36,0.07
2026-06-01,Kilinochchi,30.63,0.33
2026-06-08,Kilinochchi,30.16,0.99
2026-06-15,Kilinochchi,30.29,1.34
2026-06-22,Kilinochchi,31.26,0.59
2026-06-29,Kilinochchi,31.47,0.8
2026-07-06,Kilinochchi,31.64,0.57
2026-07-13,Kilinochchi,30.82,0.03
2026-07-20,Kilinochchi,31.23,0.13
2026-07-27,Kilinochchi,31.48,0.27
2013-12-30,Kurunegala,24.16,1.82
2014-01-06,Kurunegala,25.21,5.03
2014-01-13,Kurunegala,24.98,3.89
2014-01-20,Kurunegala,25.04,0.0
2014-01-27,Kurunegala,25.44,0.67
2014-02-03,Kurunegala,24.75,0.0
2014-02-10,Kurunegala,25.74,0.0
2014-02-17,Kurunegala,27.69,0.5
2014-02-24,Kurunegala,28.16,0.29
2014-03-03,Kurunegala,28.69,0.46
2014-03-10,Kurunegala,28.02,0.06
2014-03-17,Kurunegala,28.96,1.13
2014-03-24,Kurunegala,29.25,0.11
2014-03-31,Kurunegala,28.79,10.43
2014-04-07,Kurunegala,27.04,2.07
2014-04-14,Kurunegala,27.15,2.06
2014-04-21,Kurunegala,27.44,9.9
2014-04-28,Kurunegala,26.82,14.39
2014-05-05,Kurunegala,26.7,9.9
2014-05-12,Kurunegala,27.11,2.73
2014-05-19,Kurunegala,27.15,1.79
2014-05-26,Kurunegala,27.16,3.91
2014-06-02,Kurunegala,26.54,4.24
2014-06-09,Kurunegala,26.75,4.87
2014-06-16,Kurunegala,26.51,2.61
2014-06-23,Kurunegala,26.63,1.84
2014-06-30,Kurunegala,26.42,2.91
2014-07-07,Kurunegala,25.96,3.77
2014-07-14,Kurunegala,26.2,3.2
2014-07-21,Kurunegala,26.31,3.61
2014-07-28,Kurunegala,25.74,5.2
2014-08-04,Kurunegala,26.13,4.01
2014-08-11,Kurunegala,25.65,5.74
2014-08-18,Kurunegala,25.82,7.19
2014-08-25,Kurunegala,26.19,2.36
2014-09-01,Kurunegala,25.68,7.76
2014-09-08,Kurunegala,25.93,3.83
2014-09-15,Kurunegala,25.97,4.31
2014-09-22,Kurunegala,26.48,6.31
2014-09-29,Kurunegala,25.94,12.23
2014-10-06,Kurunegala,26.1,5.1
2014-10-13,Kurunegala,26.01,25.73
2014-10-20,Kurunegala,25.8,25.26
2014-10-27,Kurunegala,25.31,9.57
2014-11-03,Kurunegala,24.86,10.14
2014-11-10,Kurunegala,25.82,6.77
2014-11-17,Kurunegala,25.48,11.91
2014-11-24,Kurunegala,24.16,11.66
2014-12-01,Kurunegala,25.44,3.47
2014-12-08,Kurunegala,26.01,6.59
2014-12-15,Kurunegala,25.17,21.26
2014-12-22,Kurunegala,23.15,37.9
2014-12-29,Kurunegala,25.0,1.23
2015-01-05,Kurunegala,25.06,0.01
2015-01-12,Kurunegala,25.29,0.03
2015-01-19,Kurunegala,26.19,0.06
2015-01-26,Kurunegala,26.52,1.6
2015-02-02,Kurunegala,26.24,0.73
2015-02-09,Kurunegala,26.82,1.1
2015-02-16,Kurunegala,25.69,0.1
2015-02-23,Kurunegala,26.39,5.4
2015-03-02,Kurunegala,26.98,1.04
2015-03-09,Kurunegala,27.01,4.6
2015-03-16,Kurunegala,27.68,0.07
2015-03-23,Kurunegala,28.6,3.84
2015-03-30,Kurunegala,27.76,10.57
2015-04-06,Kurunegala,27.41,3.14
2015-04-13,Kurunegala,27.14,5.96
2015-04-20,Kurunegala,26.58,11.39
2015-04-27,Kurunegala,27.01,7.17
2015-05-04,Kurunegala,26.8,8.66
2015-05-11,Kurunegala,26.66,8.61
2015-05-18,Kurunegala,27.11,2.61
2015-05-25,Kurunegala,27.45,3.79
2015-06-01,Kurunegala,26.76,5.6
2015-06-08,Kurunegala,27.06,1.57
2015-06-15,Kurunegala,26.29,6.83
2015-06-22,Kurunegala,26.72,5.77
2015-06-29,Kurunegala,26.38,5.17
2015-07-06,Kurunegala,26.36,4.3
2015-07-13,Kurunegala,26.26,4.93
2015-07-20,Kurunegala,25.9,3.96
2015-07-27,Kurunegala,26.51,0.49
2015-08-03,Kurunegala,26.34,3.63
2015-08-10,Kurunegala,26.71,4.97
2015-08-17,Kurunegala,26.83,6.33
2015-08-24,Kurunegala,26.06,2.96
2015-08-31,Kurunegala,26.83,3.44
2015-09-07,Kurunegala,26.02,5.97
2015-09-14,Kurunegala,26.21,7.59
2015-09-21,Kurunegala,26.47,5.69
2015-09-28,Kurunegala,26.03,5.3
2015-10-05,Kurunegala,26.25,3.64
2015-10-12,Kurunegala,26.62,43.23
2015-10-19,Kurunegala,26.42,32.36
2015-10-26,Kurunegala,25.01,36.43
2015-11-02,Kurunegala,25.81,13.14
2015-11-09,Kurunegala,24.89,23.94
2015-11-16,Kurunegala,25.94,5.79
2015-11-23,Kurunegala,25.97,3.01
2015-11-30,Kurunegala,25.42,10.01
2015-12-07,Kurunegala,26.48,10.49
2015-12-14,Kurunegala,26.14,3.77
2015-12-21,Kurunegala,25.86,0.33
2015-12-28,Kurunegala,26.2,0.96
2016-01-04,Kurunegala,26.36,0.23
2016-01-11,Kurunegala,25.94,0.0
2016-01-18,Kurunegala,27.2,0.61
2016-01-25,Kurunegala,26.71,0.2
2016-02-01,Kurunegala,27.02,0.0
2016-02-08,Kurunegala,28.41,0.07
2016-02-15,Kurunegala,28.11,0.9
2016-02-22,Kurunegala,28.45,0.39
2016-02-29,Kurunegala,29.5,0.16
2016-03-07,Kurunegala,30.14,0.57
2016-03-14,Kurunegala,30.34,0.34
2016-03-21,Kurunegala,30.63,0.17
2016-03-28,Kurunegala,29.61,2.19
2016-04-04,Kurunegala,29.94,2.64
2016-04-11,Kurunegala,29.77,1.17
2016-04-18,Kurunegala,29.13,3.76
2016-04-25,Kurunegala,29.22,4.44
2016-05-02,Kurunegala,27.89,4.37
2016-05-09,Kurunegala,26.69,53.07
2016-05-16,Kurunegala,26.31,46.6
2016-05-23,Kurunegala,26.73,4.2
2016-05-30,Kurunegala,26.51,5.36
2016-06-06,Kurunegala,26.56,7.01
2016-06-13,Kurunegala,26.01,5.41
2016-06-20,Kurunegala,26.29,4.31
2016-06-27,Kurunegala,26.47,2.63
2016-07-04,Kurunegala,26.59,2.56
2016-07-11,Kurunegala,26.15,2.7
2016-07-18,Kurunegala,25.96,3.36
2016-07-25,Kurunegala,25.82,5.49
2016-08-01,Kurunegala,26.62,0.76
2016-08-08,Kurunegala,26.54,2.13
2016-08-15,Kurunegala,26.17,1.83
2016-08-22,Kurunegala,25.92,4.59
2016-08-29,Kurunegala,25.82,3.4
2016-09-05,Kurunegala,26.27,0.8
2016-09-12,Kurunegala,26.41,3.89
2016-09-19,Kurunegala,26.4,1.73
2016-09-26,Kurunegala,26.45,1.54
2016-10-03,Kurunegala,26.97,0.39
2016-10-10,Kurunegala,27.39,3.17
2016-10-17,Kurunegala,26.76,2.21
2016-10-24,Kurunegala,26.3,3.96
2016-10-31,Kurunegala,25.78,11.67
2016-11-07,Kurunegala,26.3,2.7
2016-11-14,Kurunegala,26.14,9.49
2016-11-21,Kurunegala,26.24,7.49
2016-11-28,Kurunegala,24.25,0.8
2016-12-05,Kurunegala,25.69,2.5
2016-12-12,Kurunegala,26.04,0.33
2016-12-19,Kurunegala,25.09,1.67
2016-12-26,Kurunegala,26.54,0.79
2017-01-02,Kurunegala,25.81,0.14
2017-01-09,Kurunegala,26.26,0.0
2017-01-16,Kurunegala,26.4,0.54
2017-01-23,Kurunegala,25.67,11.31
2017-01-30,Kurunegala,25.05,0.14
2017-02-06,Kurunegala,26.88,0.0
2017-02-13,Kurunegala,27.14,1.17
2017-02-20,Kurunegala,28.31,1.11
2017-02-27,Kurunegala,27.37,6.96
2017-03-06,Kurunegala,27.94,8.19
2017-03-13,Kurunegala,27.57,2.96
2017-03-20,Kurunegala,28.4,0.33
2017-03-27,Kurunegala,28.7,3.03
2017-04-03,Kurunegala,28.79,3.83
2017-04-10,Kurunegala,28.3,6.84
2017-04-17,Kurunegala,28.74,1.54
2017-04-24,Kurunegala,29.31,1.23
2017-05-01,Kurunegala,28.63,6.86
2017-05-08,Kurunegala,28.45,6.39
2017-05-15,Kurunegala,27.81,2.94
2017-05-22,Kurunegala,26.51,5.1
2017-05-29,Kurunegala,25.54,11.14
2017-06-05,Kurunegala,26.44,3.44
2017-06-12,Kurunegala,26.94,1.6
2017-06-19,Kurunegala,25.89,8.83
2017-06-26,Kurunegala,26.29,5.26
2017-07-03,Kurunegala,26.69,3.3
2017-07-10,Kurunegala,26.69,3.94
2017-07-17,Kurunegala,26.84,1.97
2017-07-24,Kurunegala,27.29,4.27
2017-07-31,Kurunegala,25.86,6.24
2017-08-07,Kurunegala,26.55,6.06
2017-08-14,Kurunegala,26.05,4.67
2017-08-21,Kurunegala,26.32,5.26
2017-08-28,Kurunegala,26.37,10.34
2017-09-04,Kurunegala,25.19,8.26
2017-09-11,Kurunegala,26.19,2.7
2017-09-18,Kurunegala,26.36,2.13
2017-09-25,Kurunegala,25.83,3.84
2017-10-02,Kurunegala,26.24,4.17
2017-10-09,Kurunegala,25.21,11.09
2017-10-16,Kurunegala,25.91,7.9
2017-10-23,Kurunegala,26.3,11.74
2017-10-30,Kurunegala,25.5,19.14
2017-11-06,Kurunegala,25.56,8.0
2017-11-13,Kurunegala,25.94,1.87
2017-11-20,Kurunegala,25.46,9.5
2017-11-27,Kurunegala,24.69,23.14
2017-12-04,Kurunegala,25.34,0.59
2017-12-11,Kurunegala,26.09,3.59
2017-12-18,Kurunegala,25.35,0.19
2017-12-25,Kurunegala,25.6,0.76
2018-01-01,Kurunegala,25.05,0.0
2018-01-08,Kurunegala,25.57,3.66
2018-01-15,Kurunegala,24.53,0.0
2018-01-22,Kurunegala,26.02,0.0
2018-01-29,Kurunegala,26.26,0.91
2018-02-05,Kurunegala,27.38,1.19
2018-02-12,Kurunegala,26.97,0.57
2018-02-19,Kurunegala,27.05,0.37
2018-02-26,Kurunegala,27.91,3.33
2018-03-05,Kurunegala,27.47,1.57
2018-03-12,Kurunegala,28.3,5.29
2018-03-19,Kurunegala,29.23,1.06
2018-03-26,Kurunegala,28.31,6.1
2018-04-02,Kurunegala,28.47,4.29
2018-04-09,Kurunegala,27.93,10.29
2018-04-16,Kurunegala,28.19,3.97
2018-04-23,Kurunegala,28.24,7.19
2018-04-30,Kurunegala,27.77,6.49
2018-05-07,Kurunegala,27.34,7.79
2018-05-14,Kurunegala,26.17,9.81
2018-05-21,Kurunegala,25.69,11.97
2018-05-28,Kurunegala,26.46,6.03
2018-06-04,Kurunegala,25.93,8.47
2018-06-11,Kurunegala,25.9,7.8
2018-06-18,Kurunegala,25.63,5.86
2018-06-25,Kurunegala,25.93,6.63
2018-07-02,Kurunegala,26.34,3.86
2018-07-09,Kurunegala,25.22,8.64
2018-07-16,Kurunegala,26.41,2.24
2018-07-23,Kurunegala,26.19,3.24
2018-07-30,Kurunegala,25.87,6.66
2018-08-06,Kurunegala,25.38,6.64
2018-08-13,Kurunegala,25.28,11.17
2018-08-20,Kurunegala,26.36,1.1
2018-08-27,Kurunegala,26.57,1.66
2018-09-03,Kurunegala,26.71,0.14
2018-09-10,Kurunegala,27.47,0.2
2018-09-17,Kurunegala,26.13,8.27
2018-09-24,Kurunegala,26.31,16.86
2018-10-01,Kurunegala,26.21,45.66
2018-10-08,Kurunegala,25.76,10.2
2018-10-15,Kurunegala,25.57,13.79
2018-10-22,Kurunegala,25.56,12.4
2018-10-29,Kurunegala,25.59,23.86
2018-11-05,Kurunegala,25.21,23.07
2018-11-12,Kurunegala,25.48,9.99
2018-11-19,Kurunegala,25.77,9.37
2018-11-26,Kurunegala,25.99,1.69
2018-12-03,Kurunegala,25.88,2.2
2018-12-10,Kurunegala,24.98,0.81
2018-12-17,Kurunegala,25.27,5.09
2018-12-24,Kurunegala,25.03,1.44
2018-12-31,Kurunegala,24.93,0.0
2019-01-07,Kurunegala,26.04,1.79
2019-01-14,Kurunegala,25.56,0.63
2019-01-21,Kurunegala,27.01,0.2
2019-01-28,Kurunegala,27.09,0.4
2019-02-04,Kurunegala,26.94,18.1
2019-02-11,Kurunegala,26.42,1.59
2019-02-18,Kurunegala,26.31,0.11
2019-02-25,Kurunegala,27.31,1.51
2019-03-04,Kurunegala,28.35,0.64
2019-03-11,Kurunegala,28.64,0.89
2019-03-18,Kurunegala,28.95,1.24
2019-03-25,Kurunegala,29.56,0.07
2019-04-01,Kurunegala,30.63,0.13
2019-04-08,Kurunegala,29.92,1.16
2019-04-15,Kurunegala,28.2,24.04
2019-04-22,Kurunegala,27.79,3.43
2019-04-29,Kurunegala,27.14,2.53
2019-05-06,Kurunegala,28.25,0.5
2019-05-13,Kurunegala,27.99,1.39
2019-05-20,Kurunegala,27.96,2.0
2019-05-27,Kurunegala,28.29,1.6
2019-06-03,Kurunegala,27.29,6.39
2019-06-10,Kurunegala,27.46,3.17
2019-06-17,Kurunegala,27.01,5.57
2019-06-24,Kurunegala,27.48,2.37
2019-07-01,Kurunegala,27.75,1.67
2019-07-08,Kurunegala,27.48,2.06
2019-07-15,Kurunegala,26.46,8.34
2019-07-22,Kurunegala,26.71,3.76
2019-07-29,Kurunegala,27.31,1.5
2019-08-05,Kurunegala,25.9,12.94
2019-08-12,Kurunegala,25.84,15.5
2019-08-19,Kurunegala,25.51,8.86
2019-08-26,Kurunegala,25.49,7.24
2019-09-02,Kurunegala,26.38,3.26
2019-09-09,Kurunegala,26.11,7.89
2019-09-16,Kurunegala,25.94,6.64
2019-09-23,Kurunegala,25.51,10.84
2019-09-30,Kurunegala,26.16,21.73
2019-10-07,Kurunegala,26.01,25.93
2019-10-14,Kurunegala,26.29,22.67
2019-10-21,Kurunegala,24.91,8.64
2019-10-28,Kurunegala,25.21,10.21
2019-11-04,Kurunegala,26.25,4.94
2019-11-11,Kurunegala,26.12,10.71
2019-11-18,Kurunegala,26.2,5.36
2019-11-25,Kurunegala,25.94,7.03
2019-12-02,Kurunegala,25.97,2.66
2019-12-09,Kurunegala,25.32,5.21
2019-12-16,Kurunegala,26.11,2.31
2019-12-23,Kurunegala,25.8,0.99
2019-12-30,Kurunegala,26.33,0.86
2020-01-06,Kurunegala,25.76,0.11
2020-01-13,Kurunegala,25.66,0.5
2020-01-20,Kurunegala,27.25,0.49
2020-01-27,Kurunegala,26.24,0.0
2020-02-03,Kurunegala,27.09,0.04
2020-02-10,Kurunegala,27.7,0.71
2020-02-17,Kurunegala,27.56,0.46
2020-02-24,Kurunegala,28.07,0.03
2020-03-02,Kurunegala,29.02,1.41
2020-03-09,Kurunegala,29.46,0.57
2020-03-16,Kurunegala,29.69,1.73
2020-03-23,Kurunegala,29.5,0.49
2020-03-30,Kurunegala,29.45,5.11
2020-04-06,Kurunegala,28.89,3.03
2020-04-13,Kurunegala,28.86,13.64
2020-04-20,Kurunegala,28.3,9.46
2020-04-27,Kurunegala,28.49,2.87
2020-05-04,Kurunegala,28.12,5.66
2020-05-11,Kurunegala,27.5,10.79
2020-05-18,Kurunegala,26.55,8.9
2020-05-25,Kurunegala,27.36,3.01
2020-06-01,Kurunegala,27.29,4.49
2020-06-08,Kurunegala,26.78,6.74
2020-06-15,Kurunegala,27.14,5.41
2020-06-22,Kurunegala,26.89,5.83
2020-06-29,Kurunegala,26.7,4.47
2020-07-06,Kurunegala,26.67,6.06
2020-07-13,Kurunegala,27.14,4.29
2020-07-20,Kurunegala,25.93,4.96
2020-07-27,Kurunegala,25.74,10.69
2020-08-03,Kurunegala,25.59,14.47
2020-08-10,Kurunegala,26.7,2.87
2020-08-17,Kurunegala,27.15,0.64
2020-08-24,Kurunegala,27.45,0.87
2020-08-31,Kurunegala,25.69,13.1
2020-09-07,Kurunegala,25.47,9.5
2020-09-14,Kurunegala,25.67,11.71
2020-09-21,Kurunegala,25.87,9.36
2020-09-28,Kurunegala,25.81,5.7
2020-10-05,Kurunegala,26.11,3.09
2020-10-12,Kurunegala,26.01,6.11
2020-10-19,Kurunegala,26.19,3.34
2020-10-26,Kurunegala,26.23,3.91
2020-11-02,Kurunegala,26.76,7.11
2020-11-09,Kurunegala,26.26,10.61
2020-11-16,Kurunegala,26.04,8.84
2020-11-23,Kurunegala,25.51,2.29
2020-11-30,Kurunegala,25.25,12.87
2020-12-07,Kurunegala,25.91,1.0
2020-12-14,Kurunegala,24.99,7.67
2020-12-21,Kurunegala,24.79,24.21
2020-12-28,Kurunegala,25.61,3.34
2021-01-04,Kurunegala,25.45,9.63
2021-01-11,Kurunegala,25.41,11.54
2021-01-18,Kurunegala,25.35,0.74
2021-01-25,Kurunegala,24.74,1.7
2021-02-01,Kurunegala,25.51,0.93
2021-02-08,Kurunegala,25.71,0.13
2021-02-15,Kurunegala,26.74,0.6
2021-02-22,Kurunegala,27.15,0.16
2021-03-01,Kurunegala,27.51,0.53
2021-03-08,Kurunegala,27.4,2.2
2021-03-15,Kurunegala,27.71,3.5
2021-03-22,Kurunegala,27.74,5.23
2021-03-29,Kurunegala,28.34,1.2
2021-04-05,Kurunegala,28.42,19.13
2021-04-12,Kurunegala,26.59,17.61
2021-04-19,Kurunegala,27.26,1.77
2021-04-26,Kurunegala,27.68,7.3
2021-05-03,Kurunegala,26.94,29.54
2021-05-10,Kurunegala,26.82,13.44
2021-05-17,Kurunegala,26.85,3.89
2021-05-24,Kurunegala,25.83,16.06
2021-05-31,Kurunegala,26.31,10.21
2021-06-07,Kurunegala,26.16,6.71
2021-06-14,Kurunegala,26.31,3.31
2021-06-21,Kurunegala,26.22,3.83
2021-06-28,Kurunegala,26.27,4.17
2021-07-05,Kurunegala,26.05,9.3
2021-07-12,Kurunegala,26.91,4.21
2021-07-19,Kurunegala,26.24,8.31
2021-07-26,Kurunegala,26.5,3.94
2021-08-02,Kurunegala,25.84,8.6
2021-08-09,Kurunegala,25.99,8.36
2021-08-16,Kurunegala,26.03,4.31
2021-08-23,Kurunegala,25.82,5.93
2021-08-30,Kurunegala,25.4,6.23
2021-09-06,Kurunegala,26.19,4.21
2021-09-13,Kurunegala,26.54,6.67
2021-09-20,Kurunegala,26.42,7.8
2021-09-27,Kurunegala,25.74,12.34
2021-10-04,Kurunegala,25.83,10.63
2021-10-11,Kurunegala,26.22,6.69
2021-10-18,Kurunegala,26.29,9.39
2021-10-25,Kurunegala,25.64,22.49
2021-11-01,Kurunegala,25.04,14.31
2021-11-08,Kurunegala,24.62,20.31
2021-11-15,Kurunegala,25.23,9.2
2021-11-22,Kurunegala,25.39,11.36
2021-11-29,Kurunegala,25.73,4.89
2021-12-06,Kurunegala,26.16,1.01
2021-12-13,Kurunegala,25.78,4.19
2021-12-20,Kurunegala,25.24,0.04
2021-12-27,Kurunegala,25.61,1.51
2022-01-03,Kurunegala,26.22,0.66
2022-01-10,Kurunegala,26.18,1.04
2022-01-17,Kurunegala,26.15,0.24
2022-01-24,Kurunegala,26.45,0.6
2022-01-31,Kurunegala,26.7,0.21
2022-02-07,Kurunegala,26.15,6.41
2022-02-14,Kurunegala,25.9,0.87
2022-02-21,Kurunegala,27.09,1.46
2022-02-28,Kurunegala,26.94,0.5
2022-03-07,Kurunegala,27.64,1.5
2022-03-14,Kurunegala,27.39,2.17
2022-03-21,Kurunegala,28.04,2.3
2022-03-28,Kurunegala,28.2,3.27
2022-04-04,Kurunegala,26.44,13.13
2022-04-11,Kurunegala,27.08,6.89
2022-04-18,Kurunegala,27.12,6.39
2022-04-25,Kurunegala,27.86,4.33
2022-05-02,Kurunegala,28.31,0.83
2022-05-09,Kurunegala,25.99,16.36
2022-05-16,Kurunegala,26.22,6.26
2022-05-23,Kurunegala,25.94,5.41
2022-05-30,Kurunegala,25.49,5.89
2022-06-06,Kurunegala,26.31,1.73
2022-06-13,Kurunegala,26.36,5.46
2022-06-20,Kurunegala,26.17,3.59
2022-06-27,Kurunegala,26.91,4.04
2022-07-04,Kurunegala,26.84,1.5
2022-07-11,Kurunegala,26.49,2.33
2022-07-18,Kurunegala,26.54,6.34
2022-07-25,Kurunegala,26.67,8.97
2022-08-01,Kurunegala,24.76,14.61
2022-08-08,Kurunegala,26.81,1.09
2022-08-15,Kurunegala,27.09,2.26
2022-08-22,Kurunegala,25.51,6.8
2022-08-29,Kurunegala,25.32,11.67
2022-09-05,Kurunegala,25.94,3.9
2022-09-12,Kurunegala,26.33,1.27
2022-09-19,Kurunegala,26.81,1.46
2022-09-26,Kurunegala,26.0,7.93
2022-10-03,Kurunegala,25.91,4.87
2022-10-10,Kurunegala,25.61,15.34
2022-10-17,Kurunegala,24.66,17.1
2022-10-24,Kurunegala,25.91,5.37
2022-10-31,Kurunegala,25.18,19.63
2022-11-07,Kurunegala,25.07,20.04
2022-11-14,Kurunegala,24.89,3.47
2022-11-21,Kurunegala,25.59,0.56
2022-11-28,Kurunegala,26.22,6.87
2022-12-05,Kurunegala,24.42,3.36
2022-12-12,Kurunegala,24.89,3.77
2022-12-19,Kurunegala,24.51,16.07
2022-12-26,Kurunegala,24.86,2.07
2023-01-02,Kurunegala,24.88,0.76
2023-01-09,Kurunegala,24.26,0.06
2023-01-16,Kurunegala,24.59,3.96
2023-01-23,Kurunegala,25.23,1.51
2023-01-30,Kurunegala,25.21,10.26
2023-02-06,Kurunegala,25.41,0.41
2023-02-13,Kurunegala,25.09,3.19
2023-02-20,Kurunegala,26.21,1.04
2023-02-27,Kurunegala,26.55,1.97
2023-03-06,Kurunegala,27.53,1.3
2023-03-13,Kurunegala,27.81,8.44
2023-03-20,Kurunegala,27.39,5.17
2023-03-27,Kurunegala,28.67,1.06
2023-04-03,Kurunegala,28.02,3.09
2023-04-10,Kurunegala,29.01,1.1
2023-04-17,Kurunegala,29.15,2.63
2023-04-24,Kurunegala,27.62,15.83
2023-05-01,Kurunegala,26.34,14.39
2023-05-08,Kurunegala,27.18,5.84
2023-05-15,Kurunegala,28.14,1.74
2023-05-22,Kurunegala,27.96,1.66
2023-05-29,Kurunegala,28.07,2.43
2023-06-05,Kurunegala,27.3,3.5
2023-06-12,Kurunegala,27.18,3.99
2023-06-19,Kurunegala,27.26,2.21
2023-06-26,Kurunegala,26.32,6.84
2023-07-03,Kurunegala,25.59,11.44
2023-07-10,Kurunegala,27.03,1.94
2023-07-17,Kurunegala,27.03,2.6
2023-07-24,Kurunegala,26.96,3.33
2023-07-31,Kurunegala,28.14,0.51
2023-08-07,Kurunegala,28.24,1.11
2023-08-14,Kurunegala,28.16,0.23
2023-08-21,Kurunegala,28.94,0.86
2023-08-28,Kurunegala,27.15,4.6
2023-09-04,Kurunegala,25.04,11.47
2023-09-11,Kurunegala,26.4,4.04
2023-09-18,Kurunegala,26.44,3.37
2023-09-25,Kurunegala,25.86,7.64
2023-10-02,Kurunegala,26.24,10.17
2023-10-09,Kurunegala,26.06,12.81
2023-10-16,Kurunegala,25.56,17.49
2023-10-23,Kurunegala,26.31,5.23
2023-10-30,Kurunegala,26.22,20.44
2023-11-06,Kurunegala,26.2,21.34
2023-11-13,Kurunegala,25.98,15.66
2023-11-20,Kurunegala,26.13,24.07
2023-11-27,Kurunegala,25.66,12.7
2023-12-04,Kurunegala,25.75,10.57
2023-12-11,Kurunegala,26.04,16.3
2023-12-18,Kurunegala,26.64,2.7
2023-12-25,Kurunegala,26.38,3.59
2024-01-01,Kurunegala,26.3,5.86
2024-01-08,Kurunegala,25.62,9.69
2024-01-15,Kurunegala,25.35,1.36
2024-01-22,Kurunegala,25.41,0.1
2024-01-29,Kurunegala,26.69,3.74
2024-02-05,Kurunegala,26.66,0.13
2024-02-12,Kurunegala,28.04,0.96
2024-02-19,Kurunegala,29.01,0.37
2024-02-26,Kurunegala,28.14,0.16
2024-03-04,Kurunegala,29.41,0.03
2024-03-11,Kurunegala,30.13,0.03
2024-03-18,Kurunegala,29.53,4.64
2024-03-25,Kurunegala,29.24,3.34
2024-04-01,Kurunegala,29.8,3.07
2024-04-08,Kurunegala,29.49,7.03
2024-04-15,Kurunegala,28.79,2.54
2024-04-22,Kurunegala,30.54,0.81
2024-04-29,Kurunegala,29.76,5.27
2024-05-06,Kurunegala,29.32,14.91
2024-05-13,Kurunegala,27.38,21.73
2024-05-20,Kurunegala,25.8,21.41
2024-05-27,Kurunegala,26.54,5.76
2024-06-03,Kurunegala,26.95,2.21
2024-06-10,Kurunegala,27.13,3.41
2024-06-17,Kurunegala,26.54,5.77
2024-06-24,Kurunegala,26.31,5.57
2024-07-01,Kurunegala,26.66,2.76
2024-07-08,Kurunegala,26.79,4.11
2024-07-15,Kurunegala,26.39,5.91
2024-07-22,Kurunegala,27.69,1.77
2024-07-29,Kurunegala,26.76,5.06
2024-08-05,Kurunegala,27.09,3.76
2024-08-12,Kurunegala,26.41,11.56
2024-08-19,Kurunegala,26.33,6.14
2024-08-26,Kurunegala,26.54,4.07
2024-09-02,Kurunegala,26.26,5.73
2024-09-09,Kurunegala,26.68,2.8
2024-09-16,Kurunegala,26.84,2.39
2024-09-23,Kurunegala,27.42,3.8
2024-09-30,Kurunegala,27.59,4.41
2024-10-07,Kurunegala,25.27,19.8
2024-10-14,Kurunegala,25.99,4.3
2024-10-21,Kurunegala,25.72,10.09
2024-10-28,Kurunegala,26.22,12.61
2024-11-04,Kurunegala,25.87,7.59
2024-11-11,Kurunegala,26.17,7.41
2024-11-18,Kurunegala,25.99,11.63
2024-11-25,Kurunegala,24.19,32.23
2024-12-02,Kurunegala,25.97,0.21
2024-12-09,Kurunegala,25.69,6.53
2024-12-16,Kurunegala,25.36,7.16
2024-12-23,Kurunegala,24.85,1.51
2024-12-30,Kurunegala,25.33,1.39
2025-01-06,Kurunegala,25.23,12.11
2025-01-13,Kurunegala,24.67,12.96
2025-01-20,Kurunegala,25.49,5.37
2025-01-27,Kurunegala,25.73,2.16
2025-02-03,Kurunegala,24.89,0.0
2025-02-10,Kurunegala,25.81,0.19
2025-02-17,Kurunegala,27.11,0.01
2025-02-24,Kurunegala,27.62,4.74
2025-03-03,Kurunegala,27.04,0.07
2025-03-10,Kurunegala,26.66,7.21
2025-03-17,Kurunegala,27.49,3.43
2025-03-24,Kurunegala,28.61,1.39
2025-03-31,Kurunegala,27.59,12.57
2025-04-07,Kurunegala,27.07,3.43
2025-04-14,Kurunegala,28.75,3.39
2025-04-21,Kurunegala,28.42,5.67
2025-04-28,Kurunegala,27.81,6.93
2025-05-05,Kurunegala,28.61,2.34
2025-05-12,Kurunegala,28.05,3.23
2025-05-19,Kurunegala,26.83,5.23
2025-05-26,Kurunegala,26.31,9.09
2025-06-02,Kurunegala,27.64,0.74
2025-06-09,Kurunegala,25.36,17.07
2025-06-16,Kurunegala,26.14,4.1
2025-06-23,Kurunegala,26.46,3.27
2025-06-30,Kurunegala,27.11,1.87
2025-07-07,Kurunegala,27.51,1.47
2025-07-14,Kurunegala,26.47,10.44
2025-07-21,Kurunegala,25.04,10.14
2025-07-28,Kurunegala,26.61,3.24
2025-08-04,Kurunegala,26.65,1.4
2025-08-11,Kurunegala,26.02,4.21
2025-08-18,Kurunegala,27.67,1.26
2025-08-25,Kurunegala,27.09,4.56
2025-09-01,Kurunegala,27.96,1.86
2025-09-08,Kurunegala,27.93,5.49
2025-09-15,Kurunegala,26.79,4.44
2025-09-22,Kurunegala,26.56,6.19
2025-09-29,Kurunegala,27.78,2.91
2025-10-06,Kurunegala,28.37,2.26
2025-10-13,Kurunegala,27.42,28.44
2025-10-20,Kurunegala,24.97,15.26
2025-10-27,Kurunegala,26.87,2.23
2025-11-03,Kurunegala,26.28,3.67
2025-11-10,Kurunegala,26.05,9.73
2025-11-17,Kurunegala,25.76,17.64
2025-11-24,Kurunegala,23.3,59.74
2025-12-01,Kurunegala,25.73,1.23
2025-12-08,Kurunegala,25.31,3.93
2025-12-15,Kurunegala,25.45,2.53
2025-12-22,Kurunegala,25.26,0.29
2025-12-29,Kurunegala,25.73,4.39
2026-01-05,Kurunegala,24.76,4.09
2026-01-12,Kurunegala,24.69,2.06
2026-01-19,Kurunegala,24.59,0.29
2026-01-26,Kurunegala,25.81,2.7
2026-02-02,Kurunegala,26.66,3.87
2026-02-09,Kurunegala,26.35,0.96
2026-02-16,Kurunegala,25.64,10.99
2026-02-23,Kurunegala,26.61,0.07
2026-03-02,Kurunegala,27.87,0.36
2026-03-09,Kurunegala,28.71,2.74
2026-03-16,Kurunegala,29.11,3.24
2026-03-23,Kurunegala,29.89,0.19
2026-03-30,Kurunegala,29.09,4.93
2026-04-06,Kurunegala,29.62,3.86
2026-04-13,Kurunegala,29.44,2.26
2026-04-20,Kurunegala,28.64,5.97
2026-04-27,Kurunegala,28.58,3.31
2026-05-04,Kurunegala,28.16,12.7
2026-05-11,Kurunegala,26.51,13.53
2026-05-18,Kurunegala,27.16,4.04
2026-05-25,Kurunegala,27.35,3.64
2026-06-01,Kurunegala,27.16,5.43
2026-06-08,Kurunegala,26.01,13.69
2026-06-15,Kurunegala,26.76,3.44
2026-06-22,Kurunegala,26.41,6.14
2026-06-29,Kurunegala,26.34,4.73
2026-07-06,Kurunegala,27.51,1.87
2026-07-13,Kurunegala,27.37,1.46
2026-07-20,Kurunegala,28.04,1.06
2026-07-27,Kurunegala,28.06,3.68
2013-12-30,Mannar,25.12,10.68
2014-01-06,Mannar,25.09,10.04
2014-01-13,Mannar,25.18,7.93
2014-01-20,Mannar,25.4,0.43
2014-01-27,Mannar,25.79,0.46
2014-02-03,Mannar,25.59,0.0
2014-02-10,Mannar,26.06,0.04
2014-02-17,Mannar,27.54,0.29
2014-02-24,Mannar,27.92,0.14
2014-03-03,Mannar,28.41,0.43
2014-03-10,Mannar,28.61,0.0
2014-03-17,Mannar,29.05,1.53
2014-03-24,Mannar,29.13,0.0
2014-03-31,Mannar,29.55,3.44
2014-04-07,Mannar,29.21,0.64
2014-04-14,Mannar,29.3,0.66
2014-04-21,Mannar,29.53,2.39
2014-04-28,Mannar,28.41,6.86
2014-05-05,Mannar,28.04,11.46
2014-05-12,Mannar,29.36,0.01
2014-05-19,Mannar,29.56,0.19
2014-05-26,Mannar,29.41,0.39
2014-06-02,Mannar,29.57,0.87
2014-06-09,Mannar,29.91,0.39
2014-06-16,Mannar,29.55,0.03
2014-06-23,Mannar,29.14,0.0
2014-06-30,Mannar,29.36,0.37
2014-07-07,Mannar,28.89,0.4
2014-07-14,Mannar,28.84,0.03
2014-07-21,Mannar,29.04,0.0
2014-07-28,Mannar,28.84,0.09
2014-08-04,Mannar,28.88,0.83
2014-08-11,Mannar,28.44,1.5
2014-08-18,Mannar,27.9,4.34
2014-08-25,Mannar,28.26,0.0
2014-09-01,Mannar,28.07,0.93
2014-09-08,Mannar,28.74,0.09
2014-09-15,Mannar,28.74,0.59
2014-09-22,Mannar,28.11,9.09
2014-09-29,Mannar,27.16,8.19
2014-10-06,Mannar,27.83,8.31
2014-10-13,Mannar,26.99,12.44
2014-10-20,Mannar,26.59,7.7
2014-10-27,Mannar,26.47,5.36
2014-11-03,Mannar,26.35,10.66
2014-11-10,Mannar,26.86,5.94
2014-11-17,Mannar,26.06,13.74
2014-11-24,Mannar,25.08,24.47
2014-12-01,Mannar,25.94,2.57
2014-12-08,Mannar,26.08,6.46
2014-12-15,Mannar,25.53,11.77
2014-12-22,Mannar,24.51,15.33
2014-12-29,Mannar,25.69,4.39
2015-01-05,Mannar,25.71,0.14
2015-01-12,Mannar,25.5,0.17
2015-01-19,Mannar,25.81,0.23
2015-01-26,Mannar,25.96,0.24
2015-02-02,Mannar,25.83,2.41
2015-02-09,Mannar,26.15,1.21
2015-02-16,Mannar,26.0,0.0
2015-02-23,Mannar,26.81,2.0
2015-03-02,Mannar,27.56,0.43
2015-03-09,Mannar,27.62,3.41
2015-03-16,Mannar,27.41,0.31
2015-03-23,Mannar,28.24,0.94
2015-03-30,Mannar,29.04,1.3
2015-04-06,Mannar,28.84,1.67
2015-04-13,Mannar,27.69,8.66
2015-04-20,Mannar,28.28,4.19
2015-04-27,Mannar,28.69,1.13
2015-05-04,Mannar,28.56,5.33
2015-05-11,Mannar,27.34,16.57
2015-05-18,Mannar,28.76,2.11
2015-05-25,Mannar,29.03,0.43
2015-06-01,Mannar,28.45,1.87
2015-06-08,Mannar,28.96,0.96
2015-06-15,Mannar,29.29,1.06
2015-06-22,Mannar,29.03,0.34
2015-06-29,Mannar,28.99,0.6
2015-07-06,Mannar,28.99,0.7
2015-07-13,Mannar,29.14,0.79
2015-07-20,Mannar,28.39,1.31
2015-07-27,Mannar,28.56,0.04
2015-08-03,Mannar,28.59,0.51
2015-08-10,Mannar,29.12,1.04
2015-08-17,Mannar,28.1,4.79
2015-08-24,Mannar,28.84,0.11
2015-08-31,Mannar,28.41,3.37
2015-09-07,Mannar,27.73,1.29
2015-09-14,Mannar,28.91,0.2
2015-09-21,Mannar,28.76,2.1
2015-09-28,Mannar,27.49,8.83
2015-10-05,Mannar,27.85,8.14
2015-10-12,Mannar,27.34,7.46
2015-10-19,Mannar,27.46,4.81
2015-10-26,Mannar,26.2,15.8
2015-11-02,Mannar,26.29,11.79
2015-11-09,Mannar,26.13,22.9
2015-11-16,Mannar,26.52,7.6
2015-11-23,Mannar,26.59,4.3
2015-11-30,Mannar,26.06,11.2
2015-12-07,Mannar,26.6,9.04
2015-12-14,Mannar,26.63,3.37
2015-12-21,Mannar,26.57,1.09
2015-12-28,Mannar,26.22,3.04
2016-01-04,Mannar,26.27,0.46
2016-01-11,Mannar,25.99,0.0
2016-01-18,Mannar,26.83,0.7
2016-01-25,Mannar,26.75,0.0
2016-02-01,Mannar,26.85,0.0
2016-02-08,Mannar,27.24,0.0
2016-02-15,Mannar,27.8,1.16
2016-02-22,Mannar,28.19,0.37
2016-02-29,Mannar,28.37,0.09
2016-03-07,Mannar,28.95,0.01
2016-03-14,Mannar,28.92,0.03
2016-03-21,Mannar,29.57,0.0
2016-03-28,Mannar,29.49,1.31
2016-04-04,Mannar,29.75,1.24
2016-04-11,Mannar,30.26,0.79
2016-04-18,Mannar,30.26,1.61
2016-04-25,Mannar,30.3,1.43
2016-05-02,Mannar,29.8,2.46
2016-05-09,Mannar,28.79,7.63
2016-05-16,Mannar,28.29,27.69
2016-05-23,Mannar,29.13,0.56
2016-05-30,Mannar,29.09,1.64
2016-06-06,Mannar,28.31,2.66
2016-06-13,Mannar,28.85,0.69
2016-06-20,Mannar,28.81,1.24
2016-06-27,Mannar,28.95,0.13
2016-07-04,Mannar,29.04,0.0
2016-07-11,Mannar,28.79,0.39
2016-07-18,Mannar,28.36,1.73
2016-07-25,Mannar,27.97,2.26
2016-08-01,Mannar,28.76,0.03
2016-08-08,Mannar,29.16,0.09
2016-08-15,Mannar,28.79,0.04
2016-08-22,Mannar,28.49,0.7
2016-08-29,Mannar,27.98,2.3
2016-09-05,Mannar,28.11,0.01
2016-09-12,Mannar,28.6,0.13
2016-09-19,Mannar,28.74,0.0
2016-09-26,Mannar,28.27,0.11
2016-10-03,Mannar,28.39,0.0
2016-10-10,Mannar,28.44,0.77
2016-10-17,Mannar,28.11,3.24
2016-10-24,Mannar,28.28,1.71
2016-10-31,Mannar,26.97,8.84
2016-11-07,Mannar,27.27,2.21
2016-11-14,Mannar,26.85,9.23
2016-11-21,Mannar,26.6,3.46
2016-11-28,Mannar,25.24,6.41
2016-12-05,Mannar,26.19,0.54
2016-12-12,Mannar,26.82,0.11
2016-12-19,Mannar,26.01,0.44
2016-12-26,Mannar,26.31,3.06
2017-01-02,Mannar,26.4,0.11
2017-01-09,Mannar,25.95,0.33
2017-01-16,Mannar,26.09,2.09
2017-01-23,Mannar,25.67,6.96
2017-01-30,Mannar,25.88,0.29
2017-02-06,Mannar,25.59,0.0
2017-02-13,Mannar,26.97,0.63
2017-02-20,Mannar,26.84,0.0
2017-02-27,Mannar,27.15,2.86
2017-03-06,Mannar,28.19,1.14
2017-03-13,Mannar,28.37,0.84
2017-03-20,Mannar,28.36,0.23
2017-03-27,Mannar,29.19,0.4
2017-04-03,Mannar,29.72,1.14
2017-04-10,Mannar,30.22,0.61
2017-04-17,Mannar,30.42,0.0
2017-04-24,Mannar,30.15,0.0
2017-05-01,Mannar,29.41,1.19
2017-05-08,Mannar,29.84,0.77
2017-05-15,Mannar,30.59,0.13
2017-05-22,Mannar,30.07,0.27
2017-05-29,Mannar,29.71,0.26
2017-06-05,Mannar,29.39,0.29
2017-06-12,Mannar,29.26,0.34
2017-06-19,Mannar,28.94,0.99
2017-06-26,Mannar,29.22,0.79
2017-07-03,Mannar,29.66,0.3
2017-07-10,Mannar,29.36,0.23
2017-07-17,Mannar,29.1,0.17
2017-07-24,Mannar,29.44,0.26
2017-07-31,Mannar,29.31,1.44
2017-08-07,Mannar,28.91,0.99
2017-08-14,Mannar,28.29,1.31
2017-08-21,Mannar,28.74,0.24
2017-08-28,Mannar,28.3,2.37
2017-09-04,Mannar,27.74,3.1
2017-09-11,Mannar,27.78,2.74
2017-09-18,Mannar,28.66,0.06
2017-09-25,Mannar,28.24,1.69
2017-10-02,Mannar,28.39,2.43
2017-10-09,Mannar,27.89,5.94
2017-10-16,Mannar,27.82,2.13
2017-10-23,Mannar,27.64,2.96
2017-10-30,Mannar,26.09,15.03
2017-11-06,Mannar,26.36,9.76
2017-11-13,Mannar,27.07,0.79
2017-11-20,Mannar,27.11,7.9
2017-11-27,Mannar,26.35,13.7
2017-12-04,Mannar,26.16,0.6
2017-12-11,Mannar,27.09,1.06
2017-12-18,Mannar,26.58,2.33
2017-12-25,Mannar,26.49,0.49
2018-01-01,Mannar,26.1,0.17
2018-01-08,Mannar,26.0,3.24
2018-01-15,Mannar,26.17,0.21
2018-01-22,Mannar,25.89,0.19
2018-01-29,Mannar,26.24,0.63
2018-02-05,Mannar,26.84,0.56
2018-02-12,Mannar,26.99,0.76
2018-02-19,Mannar,26.8,0.44
2018-02-26,Mannar,27.59,0.71
2018-03-05,Mannar,28.07,0.43
2018-03-12,Mannar,27.77,3.53
2018-03-19,Mannar,28.71,0.01
2018-03-26,Mannar,29.1,1.61
2018-04-02,Mannar,29.07,0.76
2018-04-09,Mannar,28.89,1.87
2018-04-16,Mannar,29.83,0.59
2018-04-23,Mannar,29.75,0.6
2018-04-30,Mannar,29.99,1.63
2018-05-07,Mannar,28.62,5.89
2018-05-14,Mannar,28.28,5.73
2018-05-21,Mannar,27.9,6.6
2018-05-28,Mannar,29.11,0.91
2018-06-04,Mannar,29.21,0.27
2018-06-11,Mannar,28.66,0.13
2018-06-18,Mannar,28.47,0.13
2018-06-25,Mannar,28.34,0.14
2018-07-02,Mannar,28.76,0.36
2018-07-09,Mannar,28.16,0.31
2018-07-16,Mannar,28.57,0.07
2018-07-23,Mannar,28.45,0.1
2018-07-30,Mannar,27.69,0.11
2018-08-06,Mannar,27.87,0.2
2018-08-13,Mannar,27.56,1.37
2018-08-20,Mannar,28.0,0.33
2018-08-27,Mannar,28.02,0.0
2018-09-03,Mannar,27.81,0.0
2018-09-10,Mannar,28.06,0.0
2018-09-17,Mannar,28.39,0.14
2018-09-24,Mannar,27.47,5.01
2018-10-01,Mannar,26.91,9.67
2018-10-08,Mannar,27.48,3.63
2018-10-15,Mannar,26.54,5.46
2018-10-22,Mannar,26.32,9.26
2018-10-29,Mannar,26.8,9.11
2018-11-05,Mannar,26.45,15.51
2018-11-12,Mannar,26.34,5.06
2018-11-19,Mannar,26.32,12.97
2018-11-26,Mannar,26.6,1.79
2018-12-03,Mannar,27.09,2.53
2018-12-10,Mannar,26.84,0.86
2018-12-17,Mannar,26.14,10.76
2018-12-24,Mannar,26.11,1.91
2018-12-31,Mannar,25.97,0.31
2019-01-07,Mannar,26.42,0.4
2019-01-14,Mannar,26.28,0.14
2019-01-21,Mannar,26.46,0.83
2019-01-28,Mannar,26.84,0.99
2019-02-04,Mannar,26.86,20.7
2019-02-11,Mannar,27.24,0.6
2019-02-18,Mannar,28.16,0.23
2019-02-25,Mannar,28.21,0.41
2019-03-04,Mannar,28.71,0.3
2019-03-11,Mannar,28.64,0.27
2019-03-18,Mannar,28.84,0.47
2019-03-25,Mannar,28.99,0.01
2019-04-01,Mannar,29.14,0.07
2019-04-08,Mannar,29.96,0.31
2019-04-15,Mannar,28.94,3.19
2019-04-22,Mannar,29.55,0.3
2019-04-29,Mannar,30.54,0.53
2019-05-06,Mannar,30.37,0.01
2019-05-13,Mannar,30.19,0.09
2019-05-20,Mannar,29.54,0.97
2019-05-27,Mannar,30.3,0.07
2019-06-03,Mannar,29.84,0.93
2019-06-10,Mannar,29.73,0.19
2019-06-17,Mannar,29.94,0.06
2019-06-24,Mannar,29.61,0.1
2019-07-01,Mannar,29.27,0.27
2019-07-08,Mannar,29.17,0.33
2019-07-15,Mannar,29.2,0.39
2019-07-22,Mannar,28.94,0.56
2019-07-29,Mannar,28.99,0.2
2019-08-05,Mannar,28.32,2.8
2019-08-12,Mannar,28.78,1.13
2019-08-19,Mannar,28.34,1.1
2019-08-26,Mannar,28.5,0.27
2019-09-02,Mannar,28.71,0.29
2019-09-09,Mannar,28.74,1.27
2019-09-16,Mannar,28.24,1.06
2019-09-23,Mannar,26.99,3.6
2019-09-30,Mannar,27.06,2.24
2019-10-07,Mannar,27.14,3.99
2019-10-14,Mannar,26.91,8.99
2019-10-21,Mannar,27.15,6.04
2019-10-28,Mannar,26.54,4.97
2019-11-04,Mannar,27.24,2.07
2019-11-11,Mannar,27.13,2.27
2019-11-18,Mannar,27.61,2.61
2019-11-25,Mannar,27.28,7.7
2019-12-02,Mannar,26.5,5.03
2019-12-09,Mannar,26.73,1.89
2019-12-16,Mannar,26.94,2.41
2019-12-23,Mannar,26.36,2.53
2019-12-30,Mannar,27.05,1.59
2020-01-06,Mannar,27.48,0.23
2020-01-13,Mannar,26.61,0.73
2020-01-20,Mannar,27.62,1.06
2020-01-27,Mannar,27.14,0.03
2020-02-03,Mannar,27.43,0.03
2020-02-10,Mannar,27.87,0.2
2020-02-17,Mannar,27.75,1.09
2020-02-24,Mannar,28.24,0.01
2020-03-02,Mannar,27.26,0.87
2020-03-09,Mannar,28.21,0.0
2020-03-16,Mannar,29.15,0.46
2020-03-23,Mannar,28.81,0.04
2020-03-30,Mannar,28.88,0.47
2020-04-06,Mannar,29.41,0.67
2020-04-13,Mannar,29.48,0.87
2020-04-20,Mannar,29.89,1.14
2020-04-27,Mannar,29.97,1.14
2020-05-04,Mannar,29.66,2.74
2020-05-11,Mannar,29.55,1.87
2020-05-18,Mannar,30.5,0.41
2020-05-25,Mannar,30.08,0.29
2020-06-01,Mannar,29.15,1.79
2020-06-08,Mannar,29.64,0.26
2020-06-15,Mannar,29.99,0.06
2020-06-22,Mannar,29.27,1.66
2020-06-29,Mannar,29.14,1.01
2020-07-06,Mannar,28.79,1.39
2020-07-13,Mannar,29.21,0.21
2020-07-20,Mannar,28.3,1.2
2020-07-27,Mannar,28.39,1.37
2020-08-03,Mannar,28.24,1.26
2020-08-10,Mannar,28.1,0.07
2020-08-17,Mannar,28.55,0.01
2020-08-24,Mannar,28.9,0.06
2020-08-31,Mannar,27.82,4.39
2020-09-07,Mannar,28.16,0.84
2020-09-14,Mannar,28.51,0.4
2020-09-21,Mannar,28.25,0.44
2020-09-28,Mannar,28.24,0.67
2020-10-05,Mannar,28.56,0.76
2020-10-12,Mannar,28.64,0.19
2020-10-19,Mannar,28.66,0.64
2020-10-26,Mannar,27.73,1.93
2020-11-02,Mannar,27.56,3.09
2020-11-09,Mannar,27.12,6.91
2020-11-16,Mannar,26.96,3.31
2020-11-23,Mannar,26.81,3.89
2020-11-30,Mannar,26.1,68.93
2020-12-07,Mannar,26.49,1.36
2020-12-14,Mannar,25.73,9.44
2020-12-21,Mannar,25.72,8.06
2020-12-28,Mannar,26.08,2.76
2021-01-04,Mannar,26.15,3.94
2021-01-11,Mannar,25.97,17.54
2021-01-18,Mannar,26.16,2.16
2021-01-25,Mannar,26.36,1.19
2021-02-01,Mannar,26.48,1.67
2021-02-08,Mannar,26.61,0.0
2021-02-15,Mannar,26.58,0.73
2021-02-22,Mannar,26.76,0.29
2021-03-01,Mannar,27.71,0.16
2021-03-08,Mannar,28.39,1.23
2021-03-15,Mannar,28.16,0.17
2021-03-22,Mannar,28.67,0.51
2021-03-29,Mannar,29.71,0.06
2021-04-05,Mannar,28.88,0.34
2021-04-12,Mannar,28.21,2.64
2021-04-19,Mannar,29.42,1.26
2021-04-26,Mannar,28.89,1.56
2021-05-03,Mannar,28.73,2.56
2021-05-10,Mannar,28.96,3.67
2021-05-17,Mannar,29.24,1.81
2021-05-24,Mannar,29.68,0.31
2021-05-31,Mannar,28.93,4.46
2021-06-07,Mannar,28.98,0.84
2021-06-14,Mannar,29.21,0.09
2021-06-21,Mannar,29.2,0.17
2021-06-28,Mannar,28.64,1.44
2021-07-05,Mannar,29.02,0.73
2021-07-12,Mannar,29.06,0.56
2021-07-19,Mannar,28.97,0.31
2021-07-26,Mannar,28.7,0.11
2021-08-02,Mannar,28.81,1.0
2021-08-09,Mannar,28.63,0.83
2021-08-16,Mannar,28.02,0.64
2021-08-23,Mannar,28.16,0.49
2021-08-30,Mannar,27.9,0.86
2021-09-06,Mannar,28.2,0.06
2021-09-13,Mannar,28.69,0.74
2021-09-20,Mannar,28.93,0.94
2021-09-27,Mannar,28.01,4.84
2021-10-04,Mannar,27.33,5.56
2021-10-11,Mannar,27.91,3.77
2021-10-18,Mannar,27.04,7.26
2021-10-25,Mannar,26.4,15.47
2021-11-01,Mannar,26.26,18.77
2021-11-08,Mannar,26.26,28.2
2021-11-15,Mannar,27.22,6.94
2021-11-22,Mannar,26.21,10.73
2021-11-29,Mannar,26.24,2.27
2021-12-06,Mannar,27.44,2.54
2021-12-13,Mannar,26.79,2.09
2021-12-20,Mannar,26.89,0.04
2021-12-27,Mannar,26.47,1.57
2022-01-03,Mannar,27.09,0.63
2022-01-10,Mannar,27.08,1.31
2022-01-17,Mannar,26.69,0.13
2022-01-24,Mannar,27.09,0.83
2022-01-31,Mannar,26.82,0.06
2022-02-07,Mannar,26.4,5.06
2022-02-14,Mannar,26.38,0.84
2022-02-21,Mannar,27.67,0.79
2022-02-28,Mannar,27.98,0.9
2022-03-07,Mannar,28.06,0.39
2022-03-14,Mannar,28.55,0.23
2022-03-21,Mannar,28.86,0.9
2022-03-28,Mannar,28.79,0.8
2022-04-04,Mannar,27.57,6.14
2022-04-11,Mannar,27.83,8.37
2022-04-18,Mannar,27.96,3.24
2022-04-25,Mannar,29.22,0.9
2022-05-02,Mannar,30.56,0.43
2022-05-09,Mannar,30.04,0.37
2022-05-16,Mannar,28.94,1.21
2022-05-23,Mannar,28.82,0.51
2022-05-30,Mannar,28.84,0.26
2022-06-06,Mannar,28.51,0.84
2022-06-13,Mannar,28.59,1.03
2022-06-20,Mannar,28.91,0.47
2022-06-27,Mannar,29.41,0.11
2022-07-04,Mannar,29.36,0.09
2022-07-11,Mannar,28.17,0.1
2022-07-18,Mannar,28.41,1.5
2022-07-25,Mannar,27.72,1.76
2022-08-01,Mannar,27.58,2.23
2022-08-08,Mannar,28.36,0.01
2022-08-15,Mannar,28.49,0.24
2022-08-22,Mannar,27.51,3.29
2022-08-29,Mannar,27.02,5.06
2022-09-05,Mannar,27.36,0.39
2022-09-12,Mannar,27.78,0.09
2022-09-19,Mannar,28.19,0.09
2022-09-26,Mannar,28.65,0.34
2022-10-03,Mannar,28.06,1.29
2022-10-10,Mannar,26.74,5.67
2022-10-17,Mannar,26.41,10.6
2022-10-24,Mannar,26.65,2.31
2022-10-31,Mannar,26.01,13.49
2022-11-07,Mannar,26.39,7.31
2022-11-14,Mannar,26.39,1.0
2022-11-21,Mannar,26.59,0.4
2022-11-28,Mannar,27.21,1.33
2022-12-05,Mannar,26.23,13.61
2022-12-12,Mannar,26.34,1.33
2022-12-19,Mannar,26.19,6.57
2022-12-26,Mannar,26.54,1.56
2023-01-02,Mannar,26.39,3.23
2023-01-09,Mannar,25.95,0.0
2023-01-16,Mannar,26.71,0.33
2023-01-23,Mannar,26.45,1.43
2023-01-30,Mannar,26.01,15.17
2023-02-06,Mannar,26.04,0.57
2023-02-13,Mannar,26.52,0.44
2023-02-20,Mannar,27.18,0.01
2023-02-27,Mannar,28.27,0.63
2023-03-06,Mannar,28.44,0.8
2023-03-13,Mannar,28.09,2.56
2023-03-20,Mannar,28.15,0.71
2023-03-27,Mannar,28.98,0.39
2023-04-03,Mannar,28.91,1.01
2023-04-10,Mannar,29.68,0.21
2023-04-17,Mannar,29.88,0.79
2023-04-24,Mannar,28.34,3.89
2023-05-01,Mannar,27.72,15.76
2023-05-08,Mannar,29.43,0.71
2023-05-15,Mannar,30.16,0.13
2023-05-22,Mannar,30.22,0.24
2023-05-29,Mannar,30.32,0.14
2023-06-05,Mannar,30.05,0.1
2023-06-12,Mannar,29.88,1.67
2023-06-19,Mannar,28.81,3.4
2023-06-26,Mannar,28.94,0.73
2023-07-03,Mannar,28.77,0.33
2023-07-10,Mannar,28.74,0.1
2023-07-17,Mannar,29.35,0.03
2023-07-24,Mannar,28.71,0.07
2023-07-31,Mannar,28.86,0.03
2023-08-07,Mannar,28.92,0.06
2023-08-14,Mannar,28.56,0.04
2023-08-21,Mannar,28.99,0.01
2023-08-28,Mannar,28.79,0.84
2023-09-04,Mannar,28.53,1.66
2023-09-11,Mannar,28.77,0.54
2023-09-18,Mannar,28.47,0.7
2023-09-25,Mannar,28.68,1.46
2023-10-02,Mannar,28.51,1.27
2023-10-09,Mannar,27.56,7.61
2023-10-16,Mannar,26.99,2.94
2023-10-23,Mannar,27.61,2.53
2023-10-30,Mannar,26.87,10.03
2023-11-06,Mannar,26.59,9.17
2023-11-13,Mannar,26.56,11.87
2023-11-20,Mannar,26.74,15.89
2023-11-27,Mannar,26.82,13.17
2023-12-04,Mannar,27.14,6.09
2023-12-11,Mannar,26.81,7.27
2023-12-18,Mannar,26.39,4.57
2023-12-25,Mannar,27.28,1.5
2024-01-01,Mannar,27.24,1.46
2024-01-08,Mannar,27.15,3.23
2024-01-15,Mannar,26.97,1.39
2024-01-22,Mannar,28.01,0.03
2024-01-29,Mannar,27.99,0.76
2024-02-05,Mannar,28.91,0.51
2024-02-12,Mannar,29.28,0.53
2024-02-19,Mannar,28.81,0.16
2024-02-26,Mannar,29.76,0.3
2024-03-04,Mannar,28.08,0.0
2024-03-11,Mannar,28.91,0.1
2024-03-18,Mannar,29.22,0.37
2024-03-25,Mannar,29.49,0.46
2024-04-01,Mannar,29.86,0.54
2024-04-08,Mannar,30.24,2.13
2024-04-15,Mannar,30.27,0.91
2024-04-22,Mannar,30.64,0.17
2024-04-29,Mannar,31.31,0.6
2024-05-06,Mannar,29.93,5.44
2024-05-13,Mannar,28.39,10.63
2024-05-20,Mannar,29.01,8.53
2024-05-27,Mannar,29.5,0.66
2024-06-03,Mannar,28.52,3.16
2024-06-10,Mannar,29.37,0.26
2024-06-17,Mannar,29.15,0.57
2024-06-24,Mannar,28.93,0.21
2024-07-01,Mannar,28.89,0.54
2024-07-08,Mannar,29.17,0.46
2024-07-15,Mannar,29.03,0.2
2024-07-22,Mannar,29.21,0.06
2024-07-29,Mannar,28.73,0.07
2024-08-05,Mannar,28.84,1.01
2024-08-12,Mannar,27.94,7.29
2024-08-19,Mannar,28.22,2.31
2024-08-26,Mannar,28.74,0.33
2024-09-02,Mannar,29.05,0.34
2024-09-09,Mannar,29.09,0.13
2024-09-16,Mannar,29.34,0.04
2024-09-23,Mannar,29.32,0.39
2024-09-30,Mannar,28.7,3.4
2024-10-07,Mannar,26.97,13.86
2024-10-14,Mannar,27.46,6.21
2024-10-21,Mannar,26.91,11.13
2024-10-28,Mannar,27.14,3.27
2024-11-04,Mannar,27.11,7.59
2024-11-11,Mannar,27.2,5.33
2024-11-18,Mannar,26.36,12.66
2024-11-25,Mannar,26.1,33.13
2024-12-02,Mannar,27.66,1.47
2024-12-09,Mannar,26.56,13.46
2024-12-16,Mannar,26.49,2.1
2024-12-23,Mannar,26.89,1.46
2024-12-30,Mannar,26.96,1.7
2025-01-06,Mannar,26.37,2.96
2025-01-13,Mannar,26.08,8.7
2025-01-20,Mannar,26.52,1.6
2025-01-27,Mannar,26.59,2.16
2025-02-03,Mannar,27.1,0.43
2025-02-10,Mannar,26.54,0.29
2025-02-17,Mannar,26.97,0.0
2025-02-24,Mannar,27.1,5.06
2025-03-03,Mannar,27.24,0.07
2025-03-10,Mannar,27.56,5.21
2025-03-17,Mannar,28.38,1.1
2025-03-24,Mannar,28.57,0.19
2025-03-31,Mannar,28.03,3.39
2025-04-07,Mannar,28.94,1.19
2025-04-14,Mannar,29.48,0.79
2025-04-21,Mannar,29.27,0.64
2025-04-28,Mannar,29.17,1.47
2025-05-05,Mannar,29.99,0.21
2025-05-12,Mannar,29.74,6.26
2025-05-19,Mannar,29.36,3.91
2025-05-26,Mannar,29.32,0.9
2025-06-02,Mannar,29.46,0.03
2025-06-09,Mannar,28.79,1.06
2025-06-16,Mannar,28.87,0.69
2025-06-23,Mannar,28.99,0.24
2025-06-30,Mannar,29.39,0.13
2025-07-07,Mannar,29.65,0.14
2025-07-14,Mannar,29.29,0.6
2025-07-21,Mannar,28.15,0.23
2025-07-28,Mannar,28.93,0.23
2025-08-04,Mannar,28.31,0.99
2025-08-11,Mannar,28.01,0.49
2025-08-18,Mannar,28.53,0.17
2025-08-25,Mannar,28.6,0.36
2025-09-01,Mannar,28.71,0.39
2025-09-08,Mannar,28.68,1.26
2025-09-15,Mannar,28.51,1.73
2025-09-22,Mannar,28.49,0.34
2025-09-29,Mannar,28.51,1.4
2025-10-06,Mannar,28.99,2.37
2025-10-13,Mannar,27.62,12.27
2025-10-20,Mannar,27.26,11.37
2025-10-27,Mannar,28.59,0.06
2025-11-03,Mannar,27.95,1.54
2025-11-10,Mannar,27.01,7.9
2025-11-17,Mannar,26.35,16.03
2025-11-24,Mannar,25.21,56.4
2025-12-01,Mannar,27.16,1.49
2025-12-08,Mannar,25.86,6.91
2025-12-15,Mannar,26.34,3.37
2025-12-22,Mannar,26.52,0.81
2025-12-29,Mannar,26.38,1.93
2026-01-05,Mannar,25.62,2.93
2026-01-12,Mannar,25.79,2.01
2026-01-19,Mannar,25.54,2.93
2026-01-26,Mannar,26.13,2.19
2026-02-02,Mannar,26.91,1.14
2026-02-09,Mannar,26.76,0.64
2026-02-16,Mannar,26.66,2.39
2026-02-23,Mannar,27.16,0.27
2026-03-02,Mannar,26.93,0.39
2026-03-09,Mannar,28.29,1.2
2026-03-16,Mannar,28.47,1.73
2026-03-23,Mannar,28.76,0.06
2026-03-30,Mannar,28.96,0.39
2026-04-06,Mannar,29.88,0.54
2026-04-13,Mannar,29.7,0.43
2026-04-20,Mannar,29.56,1.24
2026-04-27,Mannar,30.32,0.51
2026-05-04,Mannar,29.15,5.01
2026-05-11,Mannar,28.37,6.6
2026-05-18,Mannar,29.89,0.04
2026-05-25,Mannar,29.68,0.06
2026-06-01,Mannar,29.64,0.07
2026-06-08,Mannar,29.16,0.66
2026-06-15,Mannar,29.36,0.61
2026-06-22,Mannar,29.71,0.11
2026-06-29,Mannar,29.59,0.91
2026-07-06,Mannar,29.44,0.0
2026-07-13,Mannar,28.79,0.0
2026-07-20,Mannar,28.94,0.0
2026-07-27,Mannar,29.42,0.0
2013-12-30,Matale,23.13,4.12
2014-01-06,Matale,24.26,3.74
2014-01-13,Matale,24.04,6.94
2014-01-20,Matale,23.41,0.03
2014-01-27,Matale,24.1,0.73
2014-02-03,Matale,22.86,0.0
2014-02-10,Matale,24.15,0.1
2014-02-17,Matale,25.71,1.01
2014-02-24,Matale,26.01,0.3
2014-03-03,Matale,26.41,0.34
2014-03-10,Matale,25.68,0.0
2014-03-17,Matale,27.04,1.1
2014-03-24,Matale,27.19,0.39
2014-03-31,Matale,27.75,8.21
2014-04-07,Matale,26.9,3.11
2014-04-14,Matale,27.35,2.89
2014-04-21,Matale,27.64,14.14
2014-04-28,Matale,26.67,17.73
2014-05-05,Matale,26.32,7.81
2014-05-12,Matale,26.56,2.3
2014-05-19,Matale,26.96,0.53
2014-05-26,Matale,27.31,2.11
2014-06-02,Matale,26.67,3.19
2014-06-09,Matale,26.78,3.44
2014-06-16,Matale,26.55,2.6
2014-06-23,Matale,26.84,1.4
2014-06-30,Matale,26.6,2.36
2014-07-07,Matale,25.96,4.34
2014-07-14,Matale,26.26,2.46
2014-07-21,Matale,26.59,2.57
2014-07-28,Matale,26.04,4.46
2014-08-04,Matale,26.28,2.56
2014-08-11,Matale,25.88,4.04
2014-08-18,Matale,26.02,4.56
2014-08-25,Matale,26.43,1.39
2014-09-01,Matale,26.21,5.44
2014-09-08,Matale,26.36,3.63
2014-09-15,Matale,26.46,2.34
2014-09-22,Matale,26.89,8.16
2014-09-29,Matale,25.67,16.84
2014-10-06,Matale,25.94,2.76
2014-10-13,Matale,25.71,24.57
2014-10-20,Matale,25.58,27.66
2014-10-27,Matale,24.96,8.81
2014-11-03,Matale,24.48,8.64
2014-11-10,Matale,25.19,8.46
2014-11-17,Matale,24.61,18.31
2014-11-24,Matale,23.74,14.23
2014-12-01,Matale,24.73,5.61
2014-12-08,Matale,25.17,7.96
2014-12-15,Matale,24.44,31.84
2014-12-22,Matale,22.59,45.53
2014-12-29,Matale,24.68,2.23
2015-01-05,Matale,23.57,0.2
2015-01-12,Matale,23.9,0.01
2015-01-19,Matale,24.41,0.13
2015-01-26,Matale,24.94,1.57
2015-02-02,Matale,24.7,2.23
2015-02-09,Matale,25.07,1.87
2015-02-16,Matale,23.35,0.13
2015-02-23,Matale,25.23,8.96
2015-03-02,Matale,25.49,1.16
2015-03-09,Matale,25.17,4.87
2015-03-16,Matale,25.9,0.11
2015-03-23,Matale,26.79,1.83
2015-03-30,Matale,26.9,12.57
2015-04-06,Matale,26.56,4.97
2015-04-13,Matale,26.43,6.56
2015-04-20,Matale,26.26,15.09
2015-04-27,Matale,26.48,8.94
2015-05-04,Matale,26.37,6.51
2015-05-11,Matale,26.32,8.26
2015-05-18,Matale,27.06,0.36
2015-05-25,Matale,27.39,1.83
2015-06-01,Matale,26.74,3.97
2015-06-08,Matale,27.04,0.84
2015-06-15,Matale,26.54,2.26
2015-06-22,Matale,26.95,3.5
2015-06-29,Matale,26.55,3.06
2015-07-06,Matale,26.66,2.39
2015-07-13,Matale,26.26,5.77
2015-07-20,Matale,25.9,2.31
2015-07-27,Matale,26.59,0.36
2015-08-03,Matale,26.72,2.06
2015-08-10,Matale,26.96,6.24
2015-08-17,Matale,26.57,7.43
2015-08-24,Matale,26.29,1.77
2015-08-31,Matale,27.22,4.06
2015-09-07,Matale,26.04,3.0
2015-09-14,Matale,26.53,3.29
2015-09-21,Matale,26.58,5.0
2015-09-28,Matale,26.14,3.69
2015-10-05,Matale,26.51,3.19
2015-10-12,Matale,26.5,35.29
2015-10-19,Matale,25.86,32.2
2015-10-26,Matale,24.7,56.11
2015-11-02,Matale,25.21,17.7
2015-11-09,Matale,24.72,25.97
2015-11-16,Matale,25.42,7.36
2015-11-23,Matale,25.16,3.76
2015-11-30,Matale,25.0,11.16
2015-12-07,Matale,25.76,12.63
2015-12-14,Matale,25.1,5.7
2015-12-21,Matale,24.56,1.16
2015-12-28,Matale,25.08,1.83
2016-01-04,Matale,25.08,0.47
2016-01-11,Matale,24.24,0.0
2016-01-18,Matale,25.28,1.16
2016-01-25,Matale,24.91,0.16
2016-02-01,Matale,25.01,0.0
2016-02-08,Matale,26.3,0.17
2016-02-15,Matale,26.38,1.29
2016-02-22,Matale,26.33,0.36
2016-02-29,Matale,27.22,0.34
2016-03-07,Matale,28.22,0.47
2016-03-14,Matale,28.71,0.61
2016-03-21,Matale,28.69,0.11
2016-03-28,Matale,28.1,2.04
2016-04-04,Matale,28.89,2.26
2016-04-11,Matale,29.03,0.79
2016-04-18,Matale,28.67,4.73
2016-04-25,Matale,28.9,5.37
2016-05-02,Matale,27.67,7.11
2016-05-09,Matale,26.29,50.97
2016-05-16,Matale,26.3,41.09
2016-05-23,Matale,26.78,1.94
2016-05-30,Matale,26.51,2.2
2016-06-06,Matale,26.71,2.27
2016-06-13,Matale,25.96,3.67
2016-06-20,Matale,26.05,3.11
2016-06-27,Matale,26.59,2.26
2016-07-04,Matale,26.65,2.17
2016-07-11,Matale,26.29,1.79
2016-07-18,Matale,26.06,2.13
2016-07-25,Matale,26.06,3.1
2016-08-01,Matale,26.82,1.2
2016-08-08,Matale,26.77,1.73
2016-08-15,Matale,26.43,2.29
2016-08-22,Matale,26.04,3.5
2016-08-29,Matale,26.01,1.7
2016-09-05,Matale,26.59,0.51
2016-09-12,Matale,26.85,2.21
2016-09-19,Matale,26.93,1.96
2016-09-26,Matale,26.99,0.63
2016-10-03,Matale,27.19,0.41
2016-10-10,Matale,27.54,2.06
2016-10-17,Matale,26.56,1.2
2016-10-24,Matale,26.28,1.47
2016-10-31,Matale,25.54,10.54
2016-11-07,Matale,25.58,4.2
2016-11-14,Matale,25.26,9.7
2016-11-21,Matale,25.29,6.77
2016-11-28,Matale,23.74,1.13
2016-12-05,Matale,24.78,1.66
2016-12-12,Matale,25.05,0.54
2016-12-19,Matale,23.91,3.16
2016-12-26,Matale,25.01,1.29
2017-01-02,Matale,23.66,0.1
2017-01-09,Matale,24.25,0.0
2017-01-16,Matale,24.04,1.53
2017-01-23,Matale,24.55,13.16
2017-01-30,Matale,23.23,0.21
2017-02-06,Matale,24.33,0.0
2017-02-13,Matale,24.97,0.66
2017-02-20,Matale,26.55,1.29
2017-02-27,Matale,25.89,4.74
2017-03-06,Matale,26.35,6.6
2017-03-13,Matale,25.81,6.01
2017-03-20,Matale,26.21,0.33
2017-03-27,Matale,27.07,2.21
2017-04-03,Matale,27.57,2.73
2017-04-10,Matale,26.95,9.31
2017-04-17,Matale,27.08,0.73
2017-04-24,Matale,27.76,2.76
2017-05-01,Matale,27.08,12.26
2017-05-08,Matale,26.63,6.9
2017-05-15,Matale,26.26,6.11
2017-05-22,Matale,25.45,7.49
2017-05-29,Matale,24.72,11.61
2017-06-05,Matale,25.21,5.86
2017-06-12,Matale,25.66,3.56
2017-06-19,Matale,24.83,6.31
2017-06-26,Matale,24.91,6.04
2017-07-03,Matale,25.12,4.33
2017-07-10,Matale,24.99,5.39
2017-07-17,Matale,25.31,3.23
2017-07-24,Matale,25.51,3.63
2017-07-31,Matale,24.52,9.59
2017-08-07,Matale,25.24,5.4
2017-08-14,Matale,24.54,6.67
2017-08-21,Matale,24.74,5.57
2017-08-28,Matale,25.35,13.23
2017-09-04,Matale,24.45,7.53
2017-09-11,Matale,24.9,6.59
2017-09-18,Matale,24.95,3.04
2017-09-25,Matale,24.58,3.64
2017-10-02,Matale,25.19,3.46
2017-10-09,Matale,24.24,11.0
2017-10-16,Matale,24.94,10.86
2017-10-23,Matale,25.01,13.39
2017-10-30,Matale,24.56,15.16
2017-11-06,Matale,24.56,5.06
2017-11-13,Matale,24.49,1.17
2017-11-20,Matale,24.36,8.8
2017-11-27,Matale,24.03,23.3
2017-12-04,Matale,24.35,1.2
2017-12-11,Matale,24.66,3.54
2017-12-18,Matale,23.74,0.17
2017-12-25,Matale,24.04,0.46
2018-01-01,Matale,23.34,0.16
2018-01-08,Matale,24.16,2.61
2018-01-15,Matale,23.09,0.0
2018-01-22,Matale,24.68,0.01
2018-01-29,Matale,24.81,0.99
2018-02-05,Matale,25.89,1.23
2018-02-12,Matale,25.29,0.26
2018-02-19,Matale,25.23,0.27
2018-02-26,Matale,26.27,3.5
2018-03-05,Matale,25.76,2.33
2018-03-12,Matale,26.29,6.41
2018-03-19,Matale,26.96,17.44
2018-03-26,Matale,26.79,4.64
2018-04-02,Matale,26.3,7.03
2018-04-09,Matale,26.4,7.4
2018-04-16,Matale,26.42,2.04
2018-04-23,Matale,26.66,8.73
2018-04-30,Matale,26.47,5.2
2018-05-07,Matale,25.96,12.53
2018-05-14,Matale,25.5,10.4
2018-05-21,Matale,24.69,11.36
2018-05-28,Matale,25.29,8.91
2018-06-04,Matale,24.99,11.17
2018-06-11,Matale,24.78,7.69
2018-06-18,Matale,24.51,7.46
2018-06-25,Matale,24.7,6.7
2018-07-02,Matale,24.84,5.3
2018-07-09,Matale,24.2,11.09
2018-07-16,Matale,24.91,6.99
2018-07-23,Matale,24.83,5.41
2018-07-30,Matale,24.56,5.87
2018-08-06,Matale,23.81,9.59
2018-08-13,Matale,23.64,23.74
2018-08-20,Matale,24.79,3.01
2018-08-27,Matale,24.9,2.71
2018-09-03,Matale,25.14,0.61
2018-09-10,Matale,25.66,1.84
2018-09-17,Matale,24.94,11.47
2018-09-24,Matale,25.21,19.4
2018-10-01,Matale,25.27,42.37
2018-10-08,Matale,24.72,6.24
2018-10-15,Matale,24.51,14.47
2018-10-22,Matale,24.71,18.14
2018-10-29,Matale,24.64,16.06
2018-11-05,Matale,24.38,27.53
2018-11-12,Matale,24.13,8.79
2018-11-19,Matale,24.74,13.5
2018-11-26,Matale,24.81,2.34
2018-12-03,Matale,24.7,5.39
2018-12-10,Matale,23.34,0.94
2018-12-17,Matale,23.96,3.81
2018-12-24,Matale,23.73,1.37
2018-12-31,Matale,23.14,0.14
2019-01-07,Matale,24.14,3.29
2019-01-14,Matale,23.37,1.73
2019-01-21,Matale,25.07,0.49
2019-01-28,Matale,24.85,0.3
2019-02-04,Matale,25.63,19.59
2019-02-11,Matale,24.96,7.49
2019-02-18,Matale,24.27,0.56
2019-02-25,Matale,25.58,3.66
2019-03-04,Matale,26.74,0.9
2019-03-11,Matale,26.36,0.96
2019-03-18,Matale,26.64,3.34
2019-03-25,Matale,27.33,0.2
2019-04-01,Matale,28.71,0.56
2019-04-08,Matale,28.31,1.64
2019-04-15,Matale,26.8,19.4
2019-04-22,Matale,26.56,2.21
2019-04-29,Matale,26.1,5.67
2019-05-06,Matale,26.76,0.94
2019-05-13,Matale,26.96,1.5
2019-05-20,Matale,27.13,2.69
2019-05-27,Matale,27.44,1.77
2019-06-03,Matale,26.5,4.94
2019-06-10,Matale,26.55,3.96
2019-06-17,Matale,25.61,8.83
2019-06-24,Matale,25.76,4.39
2019-07-01,Matale,26.05,2.1
2019-07-08,Matale,26.29,2.17
2019-07-15,Matale,25.14,11.66
2019-07-22,Matale,25.16,2.89
2019-07-29,Matale,25.73,1.79
2019-08-05,Matale,24.81,12.47
2019-08-12,Matale,24.55,15.5
2019-08-19,Matale,24.41,8.77
2019-08-26,Matale,24.25,7.46
2019-09-02,Matale,25.14,3.87
2019-09-09,Matale,25.01,6.01
2019-09-16,Matale,24.94,5.53
2019-09-23,Matale,24.67,9.87
2019-09-30,Matale,25.11,28.67
2019-10-07,Matale,24.79,37.99
2019-10-14,Matale,25.14,28.8
2019-10-21,Matale,24.13,11.0
2019-10-28,Matale,24.47,11.39
2019-11-04,Matale,24.82,4.06
2019-11-11,Matale,25.14,9.04
2019-11-18,Matale,24.87,3.81
2019-11-25,Matale,24.85,9.01
2019-12-02,Matale,24.83,1.71
2019-12-09,Matale,24.06,6.0
2019-12-16,Matale,24.73,2.2
2019-12-23,Matale,24.55,0.53
2019-12-30,Matale,25.18,0.63
2020-01-06,Matale,24.02,0.4
2020-01-13,Matale,24.34,0.37
2020-01-20,Matale,25.53,0.74
2020-01-27,Matale,24.27,0.01
2020-02-03,Matale,25.55,0.04
2020-02-10,Matale,25.55,1.84
2020-02-17,Matale,25.64,0.76
2020-02-24,Matale,26.06,0.0
2020-03-02,Matale,26.92,1.44
2020-03-09,Matale,27.0,0.24
2020-03-16,Matale,27.66,0.97
2020-03-23,Matale,27.24,0.53
2020-03-30,Matale,27.49,5.04
2020-04-06,Matale,27.36,4.53
2020-04-13,Matale,27.15,9.3
2020-04-20,Matale,26.8,6.49
2020-04-27,Matale,27.21,2.09
2020-05-04,Matale,26.76,8.46
2020-05-11,Matale,25.99,18.16
2020-05-18,Matale,25.56,9.16
2020-05-25,Matale,26.35,3.46
2020-06-01,Matale,25.7,3.11
2020-06-08,Matale,25.41,6.71
2020-06-15,Matale,25.91,4.39
2020-06-22,Matale,25.49,6.06
2020-06-29,Matale,25.44,4.97
2020-07-06,Matale,25.39,5.66
2020-07-13,Matale,25.69,8.27
2020-07-20,Matale,24.81,3.87
2020-07-27,Matale,24.61,11.83
2020-08-03,Matale,24.35,16.79
2020-08-10,Matale,25.04,3.34
2020-08-17,Matale,25.61,0.91
2020-08-24,Matale,25.74,1.57
2020-08-31,Matale,24.63,9.87
2020-09-07,Matale,24.5,8.91
2020-09-14,Matale,24.34,13.84
2020-09-21,Matale,24.64,9.29
2020-09-28,Matale,24.59,6.44
2020-10-05,Matale,24.86,3.74
2020-10-12,Matale,24.4,10.14
2020-10-19,Matale,24.83,3.73
2020-10-26,Matale,24.89,4.11
2020-11-02,Matale,25.59,11.3
2020-11-09,Matale,25.29,12.93
2020-11-16,Matale,24.99,18.19
2020-11-23,Matale,24.11,3.81
2020-11-30,Matale,24.16,19.7
2020-12-07,Matale,24.51,0.63
2020-12-14,Matale,23.94,10.56
2020-12-21,Matale,23.83,24.21
2020-12-28,Matale,24.48,3.39
2021-01-04,Matale,24.59,17.76
2021-01-11,Matale,24.42,6.19
2021-01-18,Matale,24.0,0.86
2021-01-25,Matale,23.41,1.0
2021-02-01,Matale,24.02,1.36
2021-02-08,Matale,23.94,0.39
2021-02-15,Matale,25.06,1.13
2021-02-22,Matale,25.67,0.37
2021-03-01,Matale,25.54,0.8
2021-03-08,Matale,25.82,1.4
2021-03-15,Matale,25.9,2.81
2021-03-22,Matale,26.52,4.57
2021-03-29,Matale,26.61,0.84
2021-04-05,Matale,26.53,15.11
2021-04-12,Matale,25.32,28.39
2021-04-19,Matale,25.83,1.73
2021-04-26,Matale,25.99,18.79
2021-05-03,Matale,25.69,42.06
2021-05-10,Matale,25.74,10.14
2021-05-17,Matale,25.76,3.49
2021-05-24,Matale,24.56,20.36
2021-05-31,Matale,25.24,10.77
2021-06-07,Matale,24.97,7.63
2021-06-14,Matale,24.89,5.09
2021-06-21,Matale,24.94,3.9
2021-06-28,Matale,25.36,4.1
2021-07-05,Matale,24.88,12.26
2021-07-12,Matale,25.29,6.14
2021-07-19,Matale,24.74,10.67
2021-07-26,Matale,24.91,4.07
2021-08-02,Matale,24.63,6.66
2021-08-09,Matale,24.75,9.41
2021-08-16,Matale,24.78,3.79
2021-08-23,Matale,24.55,7.99
2021-08-30,Matale,24.39,5.83
2021-09-06,Matale,24.74,4.46
2021-09-13,Matale,25.19,6.5
2021-09-20,Matale,25.31,8.04
2021-09-27,Matale,24.54,12.1
2021-10-04,Matale,24.85,7.16
2021-10-11,Matale,24.79,8.0
2021-10-18,Matale,24.98,13.49
2021-10-25,Matale,24.64,23.61
2021-11-01,Matale,24.19,12.24
2021-11-08,Matale,23.49,16.71
2021-11-15,Matale,24.16,6.16
2021-11-22,Matale,24.43,12.77
2021-11-29,Matale,24.61,5.6
2021-12-06,Matale,24.77,0.94
2021-12-13,Matale,24.34,2.56
2021-12-20,Matale,23.81,0.27
2021-12-27,Matale,24.26,0.99
2022-01-03,Matale,24.71,0.69
2022-01-10,Matale,24.79,0.89
2022-01-17,Matale,24.47,0.09
2022-01-24,Matale,24.96,0.49
2022-01-31,Matale,24.99,0.14
2022-02-07,Matale,24.69,7.81
2022-02-14,Matale,24.32,0.96
2022-02-21,Matale,25.11,1.07
2022-02-28,Matale,24.99,0.91
2022-03-07,Matale,25.62,1.03
2022-03-14,Matale,25.9,1.63
2022-03-21,Matale,26.42,2.34
2022-03-28,Matale,26.71,6.93
2022-04-04,Matale,25.31,16.8
2022-04-11,Matale,25.81,7.63
2022-04-18,Matale,25.83,8.01
2022-04-25,Matale,26.31,6.74
2022-05-02,Matale,26.52,1.44
2022-05-09,Matale,24.87,16.59
2022-05-16,Matale,25.15,7.19
2022-05-23,Matale,24.85,5.0
2022-05-30,Matale,24.56,5.46
2022-06-06,Matale,25.06,2.23
2022-06-13,Matale,25.07,6.11
2022-06-20,Matale,24.91,3.79
2022-06-27,Matale,25.2,6.79
2022-07-04,Matale,24.81,4.13
2022-07-11,Matale,24.69,4.87
2022-07-18,Matale,25.0,7.54
2022-07-25,Matale,25.25,6.73
2022-08-01,Matale,23.24,18.54
2022-08-08,Matale,25.0,2.54
2022-08-15,Matale,25.4,3.2
2022-08-22,Matale,24.17,8.17
2022-08-29,Matale,24.24,15.33
2022-09-05,Matale,24.35,7.01
2022-09-12,Matale,24.68,1.81
2022-09-19,Matale,25.06,3.96
2022-09-26,Matale,24.59,7.53
2022-10-03,Matale,24.45,4.91
2022-10-10,Matale,24.51,12.21
2022-10-17,Matale,23.68,12.7
2022-10-24,Matale,24.46,4.4
2022-10-31,Matale,24.15,13.71
2022-11-07,Matale,24.09,13.26
2022-11-14,Matale,23.54,5.1
2022-11-21,Matale,24.14,0.3
2022-11-28,Matale,24.9,2.64
2022-12-05,Matale,23.07,3.27
2022-12-12,Matale,23.53,3.5
2022-12-19,Matale,23.39,16.21
2022-12-26,Matale,23.41,2.99
2023-01-02,Matale,23.41,0.99
2023-01-09,Matale,22.53,0.23
2023-01-16,Matale,23.12,2.19
2023-01-23,Matale,23.88,0.94
2023-01-30,Matale,23.89,7.74
2023-02-06,Matale,23.95,0.43
2023-02-13,Matale,23.33,1.06
2023-02-20,Matale,24.61,0.76
2023-02-27,Matale,24.82,1.66
2023-03-06,Matale,25.71,0.59
2023-03-13,Matale,26.01,5.37
2023-03-20,Matale,26.05,5.81
2023-03-27,Matale,26.99,0.96
2023-04-03,Matale,26.02,3.86
2023-04-10,Matale,26.99,0.81
2023-04-17,Matale,27.53,3.61
2023-04-24,Matale,26.27,19.17
2023-05-01,Matale,25.52,12.69
2023-05-08,Matale,25.91,4.86
2023-05-15,Matale,26.71,2.31
2023-05-22,Matale,26.57,1.7
2023-05-29,Matale,26.68,2.96
2023-06-05,Matale,26.3,3.01
2023-06-12,Matale,25.87,3.9
2023-06-19,Matale,26.03,4.03
2023-06-26,Matale,25.34,4.47
2023-07-03,Matale,24.57,10.8
2023-07-10,Matale,25.78,3.16
2023-07-17,Matale,25.32,4.3
2023-07-24,Matale,25.57,2.54
2023-07-31,Matale,26.32,1.07
2023-08-07,Matale,26.63,1.57
2023-08-14,Matale,26.46,0.56
2023-08-21,Matale,27.31,2.13
2023-08-28,Matale,26.32,3.23
2023-09-04,Matale,24.21,7.33
2023-09-11,Matale,25.59,4.34
2023-09-18,Matale,25.41,5.49
2023-09-25,Matale,25.09,8.69
2023-10-02,Matale,25.42,9.44
2023-10-09,Matale,24.99,18.49
2023-10-16,Matale,24.74,13.83
2023-10-23,Matale,25.28,12.31
2023-10-30,Matale,25.08,24.84
2023-11-06,Matale,25.26,24.24
2023-11-13,Matale,25.06,24.01
2023-11-20,Matale,25.05,21.96
2023-11-27,Matale,24.78,11.59
2023-12-04,Matale,25.23,15.91
2023-12-11,Matale,25.08,8.56
2023-12-18,Matale,25.06,8.43
2023-12-25,Matale,24.89,2.4
2024-01-01,Matale,25.22,6.34
2024-01-08,Matale,24.49,6.47
2024-01-15,Matale,24.17,1.47
2024-01-22,Matale,23.6,0.04
2024-01-29,Matale,25.07,4.83
2024-02-05,Matale,24.35,0.16
2024-02-12,Matale,25.6,0.69
2024-02-19,Matale,26.51,0.24
2024-02-26,Matale,25.85,0.37
2024-03-04,Matale,27.09,0.03
2024-03-11,Matale,27.57,0.03
2024-03-18,Matale,27.41,2.67
2024-03-25,Matale,27.37,2.36
2024-04-01,Matale,28.62,0.73
2024-04-08,Matale,27.61,5.04
2024-04-15,Matale,28.02,3.47
2024-04-22,Matale,29.69,1.31
2024-04-29,Matale,28.46,4.94
2024-05-06,Matale,27.91,21.6
2024-05-13,Matale,26.24,18.8
2024-05-20,Matale,24.78,21.37
2024-05-27,Matale,26.03,6.37
2024-06-03,Matale,25.88,3.0
2024-06-10,Matale,25.8,3.24
2024-06-17,Matale,25.46,5.26
2024-06-24,Matale,25.19,5.76
2024-07-01,Matale,25.62,3.17
2024-07-08,Matale,25.31,5.54
2024-07-15,Matale,25.31,7.23
2024-07-22,Matale,26.19,3.44
2024-07-29,Matale,25.44,4.94
2024-08-05,Matale,25.52,3.44
2024-08-12,Matale,25.34,14.91
2024-08-19,Matale,25.32,4.24
2024-08-26,Matale,25.17,3.01
2024-09-02,Matale,24.8,5.09
2024-09-09,Matale,25.41,4.03
2024-09-16,Matale,25.19,3.29
2024-09-23,Matale,25.96,3.63
2024-09-30,Matale,26.09,10.13
2024-10-07,Matale,24.42,13.63
2024-10-14,Matale,24.84,5.36
2024-10-21,Matale,24.84,10.21
2024-10-28,Matale,25.28,16.7
2024-11-04,Matale,24.81,11.76
2024-11-11,Matale,25.34,9.31
2024-11-18,Matale,25.11,13.86
2024-11-25,Matale,23.24,44.01
2024-12-02,Matale,25.06,0.34
2024-12-09,Matale,24.96,4.71
2024-12-16,Matale,24.59,6.63
2024-12-23,Matale,24.53,1.21
2024-12-30,Matale,24.14,3.27
2025-01-06,Matale,24.19,15.43
2025-01-13,Matale,23.89,17.17
2025-01-20,Matale,24.67,4.21
2025-01-27,Matale,24.7,2.04
2025-02-03,Matale,23.73,0.07
2025-02-10,Matale,24.26,0.09
2025-02-17,Matale,25.56,0.23
2025-02-24,Matale,25.76,2.5
2025-03-03,Matale,25.67,0.11
2025-03-10,Matale,25.41,10.6
2025-03-17,Matale,26.16,4.49
2025-03-24,Matale,27.49,0.9
2025-03-31,Matale,26.27,17.94
2025-04-07,Matale,26.16,3.46
2025-04-14,Matale,26.91,4.61
2025-04-21,Matale,26.84,7.77
2025-04-28,Matale,26.57,6.8
2025-05-05,Matale,27.08,2.5
2025-05-12,Matale,26.27,4.2
2025-05-19,Matale,25.74,4.73
2025-05-26,Matale,25.14,12.3
2025-06-02,Matale,26.29,1.94
2025-06-09,Matale,24.57,13.37
2025-06-16,Matale,25.24,5.09
2025-06-23,Matale,25.31,4.43
2025-06-30,Matale,25.81,4.04
2025-07-07,Matale,26.01,3.37
2025-07-14,Matale,24.59,11.36
2025-07-21,Matale,24.11,12.21
2025-07-28,Matale,25.82,3.57
2025-08-04,Matale,25.49,2.51
2025-08-11,Matale,24.31,5.73
2025-08-18,Matale,25.89,1.09
2025-08-25,Matale,25.41,4.17
2025-09-01,Matale,25.6,3.13
2025-09-08,Matale,26.23,7.7
2025-09-15,Matale,25.18,5.29
2025-09-22,Matale,24.92,7.09
2025-09-29,Matale,26.04,5.81
2025-10-06,Matale,26.27,3.26
2025-10-13,Matale,25.64,24.43
2025-10-20,Matale,23.92,21.11
2025-10-27,Matale,26.01,2.47
2025-11-03,Matale,25.39,4.5
2025-11-10,Matale,24.99,6.96
2025-11-17,Matale,24.94,24.6
2025-11-24,Matale,22.53,83.56
2025-12-01,Matale,25.04,1.27
2025-12-08,Matale,24.6,4.8
2025-12-15,Matale,24.51,3.14
2025-12-22,Matale,24.13,0.51
2025-12-29,Matale,24.7,4.4
2026-01-05,Matale,23.46,8.66
2026-01-12,Matale,23.54,3.13
2026-01-19,Matale,23.39,0.43
2026-01-26,Matale,24.12,3.13
2026-02-02,Matale,24.55,2.07
2026-02-09,Matale,23.76,1.14
2026-02-16,Matale,23.74,9.7
2026-02-23,Matale,25.11,0.2
2026-03-02,Matale,25.73,0.14
2026-03-09,Matale,26.12,1.54
2026-03-16,Matale,27.25,1.99
2026-03-23,Matale,27.47,0.19
2026-03-30,Matale,27.2,5.23
2026-04-06,Matale,27.96,1.49
2026-04-13,Matale,27.36,3.14
2026-04-20,Matale,27.52,6.99
2026-04-27,Matale,27.36,6.2
2026-05-04,Matale,26.81,11.49
2026-05-11,Matale,25.69,11.34
2026-05-18,Matale,26.46,4.16
2026-05-25,Matale,26.61,3.44
2026-06-01,Matale,26.16,6.79
2026-06-08,Matale,25.27,9.81
2026-06-15,Matale,26.08,3.89
2026-06-22,Matale,25.76,6.31
2026-06-29,Matale,25.28,5.76
2026-07-06,Matale,26.3,2.19
2026-07-13,Matale,26.07,1.97
2026-07-20,Matale,26.76,1.36
2026-07-27,Matale,26.3,4.42
2013-12-30,Matara,26.32,1.84
2014-01-06,Matara,26.76,1.97
2014-01-13,Matara,26.64,2.93
2014-01-20,Matara,27.25,0.2
2014-01-27,Matara,27.11,4.76
2014-02-03,Matara,27.0,0.17
2014-02-10,Matara,27.35,0.23
2014-02-17,Matara,28.35,3.43
2014-02-24,Matara,28.24,0.77
2014-03-03,Matara,28.46,4.06
2014-03-10,Matara,28.62,0.1
2014-03-17,Matara,28.3,2.87
2014-03-24,Matara,28.92,0.84
2014-03-31,Matara,27.9,5.36
2014-04-07,Matara,28.29,2.53
2014-04-14,Matara,27.96,2.49
2014-04-21,Matara,27.83,6.47
2014-04-28,Matara,27.29,11.73
2014-05-05,Matara,27.16,16.74
2014-05-12,Matara,28.29,0.7
2014-05-19,Matara,27.72,4.66
2014-05-26,Matara,27.26,6.5
2014-06-02,Matara,27.45,5.9
2014-06-09,Matara,27.84,2.43
2014-06-16,Matara,27.64,3.23
2014-06-23,Matara,27.38,2.84
2014-06-30,Matara,27.17,5.06
2014-07-07,Matara,27.09,5.61
2014-07-14,Matara,27.04,2.49
2014-07-21,Matara,27.12,2.74
2014-07-28,Matara,26.88,3.39
2014-08-04,Matara,26.84,3.51
2014-08-11,Matara,26.19,7.84
2014-08-18,Matara,26.21,7.79
2014-08-25,Matara,27.25,1.06
2014-09-01,Matara,26.25,7.56
2014-09-08,Matara,26.26,6.49
2014-09-15,Matara,26.74,5.41
2014-09-22,Matara,26.55,7.57
2014-09-29,Matara,26.74,9.76
2014-10-06,Matara,26.62,8.96
2014-10-13,Matara,26.31,19.31
2014-10-20,Matara,26.83,5.86
2014-10-27,Matara,26.4,11.96
2014-11-03,Matara,26.71,4.81
2014-11-10,Matara,26.71,16.51
2014-11-17,Matara,26.4,12.1
2014-11-24,Matara,26.11,6.3
2014-12-01,Matara,26.33,4.51
2014-12-08,Matara,26.54,7.03
2014-12-15,Matara,26.41,12.86
2014-12-22,Matara,25.05,34.64
2014-12-29,Matara,26.58,0.67
2015-01-05,Matara,25.94,6.34
2015-01-12,Matara,26.11,0.94
2015-01-19,Matara,26.56,1.61
2015-01-26,Matara,26.94,2.97
2015-02-02,Matara,27.04,1.57
2015-02-09,Matara,27.01,5.37
2015-02-16,Matara,26.61,0.33
2015-02-23,Matara,27.02,3.13
2015-03-02,Matara,27.59,0.51
2015-03-09,Matara,27.21,5.66
2015-03-16,Matara,27.44,0.76
2015-03-23,Matara,28.34,3.81
2015-03-30,Matara,27.9,5.26
2015-04-06,Matara,27.64,6.64
2015-04-13,Matara,27.79,5.91
2015-04-20,Matara,27.59,10.41
2015-04-27,Matara,27.74,5.77
2015-05-04,Matara,27.52,9.59
2015-05-11,Matara,27.59,3.2
2015-05-18,Matara,27.49,8.67
2015-05-25,Matara,27.91,5.17
2015-06-01,Matara,27.54,5.69
2015-06-08,Matara,27.64,2.13
2015-06-15,Matara,27.4,4.19
2015-06-22,Matara,27.54,4.6
2015-06-29,Matara,27.28,5.86
2015-07-06,Matara,27.5,3.06
2015-07-13,Matara,26.97,6.17
2015-07-20,Matara,26.76,5.77
2015-07-27,Matara,27.21,1.5
2015-08-03,Matara,26.64,6.41
2015-08-10,Matara,27.44,3.27
2015-08-17,Matara,27.15,6.17
2015-08-24,Matara,26.35,9.89
2015-08-31,Matara,26.74,6.67
2015-09-07,Matara,27.13,2.87
2015-09-14,Matara,26.72,10.16
2015-09-21,Matara,26.58,12.46
2015-09-28,Matara,26.51,13.8
2015-10-05,Matara,27.01,3.49
2015-10-12,Matara,27.06,9.71
2015-10-19,Matara,26.56,24.29
2015-10-26,Matara,26.44,12.9
2015-11-02,Matara,26.56,23.73
2015-11-09,Matara,26.23,17.4
2015-11-16,Matara,26.97,1.99
2015-11-23,Matara,27.23,3.96
2015-11-30,Matara,26.77,9.87
2015-12-07,Matara,26.75,16.86
2015-12-14,Matara,26.72,4.86
2015-12-21,Matara,27.16,3.53
2015-12-28,Matara,27.4,0.83
2016-01-04,Matara,27.55,0.83
2016-01-11,Matara,27.26,0.66
2016-01-18,Matara,28.16,1.14
2016-01-25,Matara,27.69,2.04
2016-02-01,Matara,27.92,0.14
2016-02-08,Matara,28.26,2.16
2016-02-15,Matara,27.93,2.99
2016-02-22,Matara,28.11,1.6
2016-02-29,Matara,29.12,0.49
2016-03-07,Matara,29.35,0.61
2016-03-14,Matara,29.18,1.0
2016-03-21,Matara,29.69,0.67
2016-03-28,Matara,28.37,5.91
2016-04-04,Matara,28.72,3.47
2016-04-11,Matara,28.86,2.9
2016-04-18,Matara,28.59,6.61
2016-04-25,Matara,28.52,4.06
2016-05-02,Matara,28.44,8.43
2016-05-09,Matara,27.19,39.07
2016-05-16,Matara,27.48,14.97
2016-05-23,Matara,27.51,9.9
2016-05-30,Matara,27.34,5.06
2016-06-06,Matara,27.36,7.73
2016-06-13,Matara,27.17,4.16
2016-06-20,Matara,27.2,3.84
2016-06-27,Matara,27.38,3.11
2016-07-04,Matara,27.74,2.27
2016-07-11,Matara,27.09,3.03
2016-07-18,Matara,27.19,2.26
2016-07-25,Matara,26.16,9.33
2016-08-01,Matara,27.74,0.4
2016-08-08,Matara,27.07,2.64
2016-08-15,Matara,27.11,2.6
2016-08-22,Matara,26.67,5.6
2016-08-29,Matara,26.34,5.63
2016-09-05,Matara,26.84,1.67
2016-09-12,Matara,26.89,3.99
2016-09-19,Matara,27.4,2.04
2016-09-26,Matara,26.92,4.46
2016-10-03,Matara,27.24,1.26
2016-10-10,Matara,27.34,2.53
2016-10-17,Matara,26.89,5.11
2016-10-24,Matara,26.51,6.54
2016-10-31,Matara,26.22,11.9
2016-11-07,Matara,26.87,3.04
2016-11-14,Matara,26.31,19.66
2016-11-21,Matara,26.85,9.53
2016-11-28,Matara,26.49,1.87
2016-12-05,Matara,26.61,4.24
2016-12-12,Matara,26.21,2.86
2016-12-19,Matara,26.31,2.21
2016-12-26,Matara,26.59,4.39
2017-01-02,Matara,25.42,1.93
2017-01-09,Matara,25.71,0.34
2017-01-16,Matara,26.54,4.29
2017-01-23,Matara,26.15,11.37
2017-01-30,Matara,25.66,3.34
2017-02-06,Matara,26.31,0.41
2017-02-13,Matara,28.26,4.77
2017-02-20,Matara,26.37,5.79
2017-02-27,Matara,26.44,5.39
2017-03-06,Matara,26.84,6.43
2017-03-13,Matara,26.75,4.49
2017-03-20,Matara,27.47,1.64
2017-03-27,Matara,27.22,4.06
2017-04-03,Matara,27.64,6.79
2017-04-10,Matara,27.79,12.81
2017-04-17,Matara,28.69,2.04
2017-04-24,Matara,28.55,2.37
2017-05-01,Matara,27.82,2.87
2017-05-08,Matara,28.24,3.63
2017-05-15,Matara,28.32,3.47
2017-05-22,Matara,27.47,7.06
2017-05-29,Matara,27.1,9.94
2017-06-05,Matara,27.59,2.81
2017-06-12,Matara,27.09,3.13
2017-06-19,Matara,26.84,7.03
2017-06-26,Matara,27.37,1.97
2017-07-03,Matara,27.71,3.83
2017-07-10,Matara,27.7,2.19
2017-07-17,Matara,27.26,4.69
2017-07-24,Matara,27.73,3.83
2017-07-31,Matara,26.99,6.6
2017-08-07,Matara,27.01,5.74
2017-08-14,Matara,26.94,5.49
2017-08-21,Matara,27.09,3.97
2017-08-28,Matara,27.05,6.83
2017-09-04,Matara,26.34,11.19
2017-09-11,Matara,26.7,8.56
2017-09-18,Matara,27.24,3.07
2017-09-25,Matara,27.01,5.3
2017-10-02,Matara,26.91,6.43
2017-10-09,Matara,26.39,10.37
2017-10-16,Matara,27.1,4.66
2017-10-23,Matara,26.92,4.9
2017-10-30,Matara,26.17,12.5
2017-11-06,Matara,26.47,15.4
2017-11-13,Matara,26.85,3.86
2017-11-20,Matara,25.66,11.09
2017-11-27,Matara,25.44,32.9
2017-12-04,Matara,25.84,1.04
2017-12-11,Matara,26.34,4.13
2017-12-18,Matara,26.01,0.97
2017-12-25,Matara,26.12,3.91
2018-01-01,Matara,25.41,1.91
2018-01-08,Matara,25.79,4.3
2018-01-15,Matara,25.66,0.66
2018-01-22,Matara,26.03,1.26
2018-01-29,Matara,26.83,5.94
2018-02-05,Matara,26.6,4.69
2018-02-12,Matara,26.82,0.7
2018-02-19,Matara,27.01,1.51
2018-02-26,Matara,27.29,10.06
2018-03-05,Matara,26.62,5.63
2018-03-12,Matara,26.61,7.27
2018-03-19,Matara,27.66,1.73
2018-03-26,Matara,27.43,4.27
2018-04-02,Matara,27.29,7.8
2018-04-09,Matara,27.18,13.44
2018-04-16,Matara,27.25,4.93
2018-04-23,Matara,27.29,8.83
2018-04-30,Matara,27.29,6.74
2018-05-07,Matara,26.72,15.21
2018-05-14,Matara,26.65,17.2
2018-05-21,Matara,26.47,16.39
2018-05-28,Matara,27.57,7.36
2018-06-04,Matara,26.82,10.7
2018-06-11,Matara,27.04,5.83
2018-06-18,Matara,26.78,5.36
2018-06-25,Matara,26.66,6.79
2018-07-02,Matara,26.91,3.77
2018-07-09,Matara,26.42,8.54
2018-07-16,Matara,27.17,2.41
2018-07-23,Matara,27.23,1.03
2018-07-30,Matara,26.7,4.99
2018-08-06,Matara,26.53,4.63
2018-08-13,Matara,26.28,8.67
2018-08-20,Matara,26.87,0.51
2018-08-27,Matara,27.04,2.31
2018-09-03,Matara,27.29,0.7
2018-09-10,Matara,27.74,0.19
2018-09-17,Matara,27.01,9.06
2018-09-24,Matara,26.5,12.26
2018-10-01,Matara,26.28,11.97
2018-10-08,Matara,25.68,9.47
2018-10-15,Matara,26.2,6.09
2018-10-22,Matara,26.12,19.91
2018-10-29,Matara,26.73,6.16
2018-11-05,Matara,26.14,15.6
2018-11-12,Matara,26.44,3.37
2018-11-19,Matara,25.88,13.34
2018-11-26,Matara,26.26,5.76
2018-12-03,Matara,26.16,11.29
2018-12-10,Matara,26.11,0.39
2018-12-17,Matara,25.96,1.49
2018-12-24,Matara,26.36,6.74
2018-12-31,Matara,25.74,1.17
2019-01-07,Matara,26.03,3.83
2019-01-14,Matara,25.5,3.19
2019-01-21,Matara,26.19,1.2
2019-01-28,Matara,26.79,2.51
2019-02-04,Matara,26.56,7.86
2019-02-11,Matara,27.67,4.47
2019-02-18,Matara,27.53,1.19
2019-02-25,Matara,27.03,13.84
2019-03-04,Matara,26.71,5.19
2019-03-11,Matara,27.39,1.17
2019-03-18,Matara,27.7,2.37
2019-03-25,Matara,27.26,0.54
2019-04-01,Matara,27.68,0.41
2019-04-08,Matara,28.31,3.57
2019-04-15,Matara,27.46,8.97
2019-04-22,Matara,27.81,4.8
2019-04-29,Matara,27.35,8.99
2019-05-06,Matara,28.22,0.84
2019-05-13,Matara,27.84,2.99
2019-05-20,Matara,27.31,7.74
2019-05-27,Matara,27.72,5.79
2019-06-03,Matara,27.09,14.79
2019-06-10,Matara,27.83,6.61
2019-06-17,Matara,27.7,4.79
2019-06-24,Matara,27.8,3.87
2019-07-01,Matara,27.87,3.61
2019-07-08,Matara,27.14,3.69
2019-07-15,Matara,27.09,6.37
2019-07-22,Matara,26.99,3.17
2019-07-29,Matara,27.34,3.33
2019-08-05,Matara,26.96,11.9
2019-08-12,Matara,26.49,10.24
2019-08-19,Matara,26.36,15.29
2019-08-26,Matara,26.29,11.74
2019-09-02,Matara,26.91,4.94
2019-09-09,Matara,26.55,11.13
2019-09-16,Matara,25.95,17.54
2019-09-23,Matara,25.86,14.84
2019-09-30,Matara,25.91,7.81
2019-10-07,Matara,25.91,9.29
2019-10-14,Matara,25.98,26.57
2019-10-21,Matara,26.02,12.06
2019-10-28,Matara,25.62,14.86
2019-11-04,Matara,26.16,5.67
2019-11-11,Matara,26.54,3.09
2019-11-18,Matara,26.68,10.44
2019-11-25,Matara,26.49,12.29
2019-12-02,Matara,26.38,10.09
2019-12-09,Matara,26.42,3.93
2019-12-16,Matara,26.64,6.71
2019-12-23,Matara,26.66,1.4
2019-12-30,Matara,26.83,1.83
2020-01-06,Matara,27.16,0.51
2020-01-13,Matara,26.49,0.57
2020-01-20,Matara,28.22,0.39
2020-01-27,Matara,27.24,0.01
2020-02-03,Matara,28.09,0.7
2020-02-10,Matara,28.45,4.74
2020-02-17,Matara,28.53,0.41
2020-02-24,Matara,29.11,0.11
2020-03-02,Matara,28.18,1.2
2020-03-09,Matara,29.11,0.07
2020-03-16,Matara,28.96,1.63
2020-03-23,Matara,28.79,0.34
2020-03-30,Matara,28.4,2.21
2020-04-06,Matara,28.47,4.26
2020-04-13,Matara,27.85,7.34
2020-04-20,Matara,27.94,7.17
2020-04-27,Matara,28.33,3.39
2020-05-04,Matara,27.61,9.51
2020-05-11,Matara,27.65,11.93
2020-05-18,Matara,27.9,5.14
2020-05-25,Matara,27.59,6.97
2020-06-01,Matara,27.61,2.86
2020-06-08,Matara,27.53,4.83
2020-06-15,Matara,28.03,3.29
2020-06-22,Matara,27.71,3.36
2020-06-29,Matara,27.5,4.66
2020-07-06,Matara,26.99,6.76
2020-07-13,Matara,27.4,5.76
2020-07-20,Matara,26.36,16.33
2020-07-27,Matara,26.69,6.76
2020-08-03,Matara,26.6,10.39
2020-08-10,Matara,27.22,1.93
2020-08-17,Matara,27.4,1.59
2020-08-24,Matara,27.56,1.36
2020-08-31,Matara,26.46,8.2
2020-09-07,Matara,26.66,5.33
2020-09-14,Matara,26.46,9.06
2020-09-21,Matara,26.66,7.61
2020-09-28,Matara,27.01,3.74
2020-10-05,Matara,27.12,2.93
2020-10-12,Matara,26.86,5.5
2020-10-19,Matara,26.99,2.64
2020-10-26,Matara,27.14,1.6
2020-11-02,Matara,27.14,14.17
2020-11-09,Matara,26.47,14.56
2020-11-16,Matara,26.1,12.14
2020-11-23,Matara,26.7,1.61
2020-11-30,Matara,26.64,3.76
2020-12-07,Matara,26.32,4.24
2020-12-14,Matara,25.98,4.8
2020-12-21,Matara,26.17,7.64
2020-12-28,Matara,26.3,6.06
2021-01-04,Matara,25.61,5.96
2021-01-11,Matara,25.61,21.26
2021-01-18,Matara,25.82,3.13
2021-01-25,Matara,25.84,4.47
2021-02-01,Matara,26.21,4.53
2021-02-08,Matara,25.54,1.54
2021-02-15,Matara,26.92,1.59
2021-02-22,Matara,26.49,3.11
2021-03-01,Matara,26.66,1.33
2021-03-08,Matara,26.99,4.96
2021-03-15,Matara,26.44,5.97
2021-03-22,Matara,26.7,7.36
2021-03-29,Matara,27.87,1.36
2021-04-05,Matara,27.34,1.79
2021-04-12,Matara,26.99,5.69
2021-04-19,Matara,27.5,1.79
2021-04-26,Matara,27.56,4.43
2021-05-03,Matara,26.99,9.74
2021-05-10,Matara,27.41,7.03
2021-05-17,Matara,27.88,4.19
2021-05-24,Matara,27.38,9.94
2021-05-31,Matara,27.35,4.51
2021-06-07,Matara,27.14,5.89
2021-06-14,Matara,27.76,1.33
2021-06-21,Matara,26.85,5.33
2021-06-28,Matara,26.86,7.24
2021-07-05,Matara,26.76,11.06
2021-07-12,Matara,27.35,2.27
2021-07-19,Matara,27.19,7.44
2021-07-26,Matara,27.04,5.29
2021-08-02,Matara,26.69,7.09
2021-08-09,Matara,26.89,5.46
2021-08-16,Matara,26.77,4.83
2021-08-23,Matara,26.34,9.56
2021-08-30,Matara,26.49,5.16
2021-09-06,Matara,26.82,3.09
2021-09-13,Matara,26.85,7.94
2021-09-20,Matara,27.07,8.77
2021-09-27,Matara,26.63,6.2
2021-10-04,Matara,27.04,7.87
2021-10-11,Matara,27.29,4.69
2021-10-18,Matara,26.91,1.79
2021-10-25,Matara,25.96,14.0
2021-11-01,Matara,25.81,18.69
2021-11-08,Matara,26.34,7.31
2021-11-15,Matara,26.3,7.57
2021-11-22,Matara,26.02,20.63
2021-11-29,Matara,25.76,9.39
2021-12-06,Matara,26.59,7.11
2021-12-13,Matara,25.67,12.59
2021-12-20,Matara,25.91,1.39
2021-12-27,Matara,26.24,2.16
2022-01-03,Matara,25.85,7.49
2022-01-10,Matara,26.09,5.56
2022-01-17,Matara,25.01,1.27
2022-01-24,Matara,25.54,0.83
2022-01-31,Matara,26.36,2.74
2022-02-07,Matara,26.16,4.39
2022-02-14,Matara,26.34,0.89
2022-02-21,Matara,26.97,4.67
2022-02-28,Matara,26.91,2.19
2022-03-07,Matara,26.58,5.96
2022-03-14,Matara,26.85,2.87
2022-03-21,Matara,27.31,0.83
2022-03-28,Matara,26.91,2.2
2022-04-04,Matara,26.37,9.86
2022-04-11,Matara,26.96,6.0
2022-04-18,Matara,27.44,6.91
2022-04-25,Matara,27.63,7.64
2022-05-02,Matara,28.2,3.1
2022-05-09,Matara,26.49,21.67
2022-05-16,Matara,27.15,7.4
2022-05-23,Matara,26.43,6.53
2022-05-30,Matara,26.31,10.73
2022-06-06,Matara,26.84,3.13
2022-06-13,Matara,26.44,7.36
2022-06-20,Matara,26.66,7.67
2022-06-27,Matara,27.27,3.7
2022-07-04,Matara,27.24,1.77
2022-07-11,Matara,27.17,2.47
2022-07-18,Matara,27.01,4.41
2022-07-25,Matara,26.66,8.06
2022-08-01,Matara,25.82,13.11
2022-08-08,Matara,27.09,1.4
2022-08-15,Matara,27.06,2.4
2022-08-22,Matara,26.51,5.7
2022-08-29,Matara,25.78,11.47
2022-09-05,Matara,26.25,6.19
2022-09-12,Matara,26.58,1.9
2022-09-19,Matara,27.19,3.41
2022-09-26,Matara,26.98,4.96
2022-10-03,Matara,26.59,2.97
2022-10-10,Matara,25.87,11.01
2022-10-17,Matara,25.82,7.96
2022-10-24,Matara,26.09,6.4
2022-10-31,Matara,25.94,11.91
2022-11-07,Matara,25.65,9.43
2022-11-14,Matara,25.96,6.23
2022-11-21,Matara,26.15,3.17
2022-11-28,Matara,25.73,14.96
2022-12-05,Matara,25.24,7.01
2022-12-12,Matara,25.54,5.09
2022-12-19,Matara,25.66,6.99
2022-12-26,Matara,25.68,5.27
2023-01-02,Matara,25.51,3.27
2023-01-09,Matara,25.06,1.81
2023-01-16,Matara,25.74,5.03
2023-01-23,Matara,25.36,3.9
2023-01-30,Matara,25.99,7.26
2023-02-06,Matara,26.26,2.34
2023-02-13,Matara,26.75,3.24
2023-02-20,Matara,26.29,5.54
2023-02-27,Matara,26.56,4.44
2023-03-06,Matara,26.9,6.13
2023-03-13,Matara,26.91,4.51
2023-03-20,Matara,26.34,7.71
2023-03-27,Matara,26.89,2.41
2023-04-03,Matara,26.74,3.44
2023-04-10,Matara,27.61,3.04
2023-04-17,Matara,27.78,2.04
2023-04-24,Matara,26.94,11.3
2023-05-01,Matara,26.84,12.17
2023-05-08,Matara,27.42,5.03
2023-05-15,Matara,27.97,2.41
2023-05-22,Matara,27.93,1.3
2023-05-29,Matara,27.59,2.86
2023-06-05,Matara,27.46,3.67
2023-06-12,Matara,27.83,3.44
2023-06-19,Matara,27.15,6.41
2023-06-26,Matara,26.76,5.83
2023-07-03,Matara,26.45,10.56
2023-07-10,Matara,26.97,3.46
2023-07-17,Matara,27.23,5.06
2023-07-24,Matara,27.18,2.76
2023-07-31,Matara,27.96,0.97
2023-08-07,Matara,27.51,3.51
2023-08-14,Matara,27.68,2.4
2023-08-21,Matara,28.03,1.44
2023-08-28,Matara,26.39,22.43
2023-09-04,Matara,26.21,10.91
2023-09-11,Matara,26.44,14.5
2023-09-18,Matara,26.31,12.2
2023-09-25,Matara,26.2,15.77
2023-10-02,Matara,25.93,21.93
2023-10-09,Matara,26.09,10.9
2023-10-16,Matara,25.56,18.34
2023-10-23,Matara,26.01,9.99
2023-10-30,Matara,25.69,13.21
2023-11-06,Matara,25.91,16.83
2023-11-13,Matara,26.29,19.54
2023-11-20,Matara,26.5,14.01
2023-11-27,Matara,26.26,18.34
2023-12-04,Matara,25.93,13.84
2023-12-11,Matara,26.1,19.61
2023-12-18,Matara,27.1,6.13
2023-12-25,Matara,26.96,5.49
2024-01-01,Matara,26.45,17.0
2024-01-08,Matara,26.04,8.5
2024-01-15,Matara,26.21,1.23
2024-01-22,Matara,27.39,1.06
2024-01-29,Matara,27.11,4.1
2024-02-05,Matara,27.69,0.8
2024-02-12,Matara,28.89,2.2
2024-02-19,Matara,29.1,1.33
2024-02-26,Matara,29.36,1.89
2024-03-04,Matara,27.91,1.33
2024-03-11,Matara,28.26,1.37
2024-03-18,Matara,28.66,6.16
2024-03-25,Matara,27.97,5.51
2024-04-01,Matara,27.94,3.99
2024-04-08,Matara,28.31,14.26
2024-04-15,Matara,28.15,3.7
2024-04-22,Matara,28.56,3.73
2024-04-29,Matara,28.68,4.96
2024-05-06,Matara,28.14,10.41
2024-05-13,Matara,27.29,18.89
2024-05-20,Matara,27.01,21.54
2024-05-27,Matara,27.26,17.3
2024-06-03,Matara,27.12,5.84
2024-06-10,Matara,27.5,3.67
2024-06-17,Matara,27.04,7.26
2024-06-24,Matara,27.04,5.97
2024-07-01,Matara,27.11,5.06
2024-07-08,Matara,27.46,2.64
2024-07-15,Matara,27.42,3.0
2024-07-22,Matara,27.71,5.73
2024-07-29,Matara,27.01,8.23
2024-08-05,Matara,27.39,4.84
2024-08-12,Matara,26.56,12.44
2024-08-19,Matara,26.61,10.03
2024-08-26,Matara,27.08,6.74
2024-09-02,Matara,27.16,9.07
2024-09-09,Matara,26.85,4.47
2024-09-16,Matara,26.63,5.14
2024-09-23,Matara,27.08,5.83
2024-09-30,Matara,27.28,2.59
2024-10-07,Matara,26.09,14.41
2024-10-14,Matara,26.53,7.11
2024-10-21,Matara,26.21,7.21
2024-10-28,Matara,26.34,8.3
2024-11-04,Matara,25.93,6.44
2024-11-11,Matara,26.73,5.11
2024-11-18,Matara,26.11,21.91
2024-11-25,Matara,26.32,5.86
2024-12-02,Matara,26.98,2.36
2024-12-09,Matara,26.41,7.74
2024-12-16,Matara,26.95,6.6
2024-12-23,Matara,26.46,4.41
2024-12-30,Matara,25.41,14.37
2025-01-06,Matara,25.77,9.69
2025-01-13,Matara,25.72,17.53
2025-01-20,Matara,25.87,10.03
2025-01-27,Matara,26.34,7.61
2025-02-03,Matara,26.92,0.63
2025-02-10,Matara,27.49,0.76
2025-02-17,Matara,27.65,2.29
2025-02-24,Matara,27.04,8.74
2025-03-03,Matara,26.53,2.11
2025-03-10,Matara,26.45,5.39
2025-03-17,Matara,27.39,6.41
2025-03-24,Matara,27.36,7.1
2025-03-31,Matara,26.77,13.13
2025-04-07,Matara,26.53,13.19
2025-04-14,Matara,27.9,3.69
2025-04-21,Matara,27.79,3.09
2025-04-28,Matara,27.01,11.81
2025-05-05,Matara,27.91,4.21
2025-05-12,Matara,28.17,3.14
2025-05-19,Matara,27.44,8.21
2025-05-26,Matara,27.24,7.5
2025-06-02,Matara,28.05,1.49
2025-06-09,Matara,26.46,13.1
2025-06-16,Matara,27.03,4.14
2025-06-23,Matara,27.15,5.36
2025-06-30,Matara,27.69,2.27
2025-07-07,Matara,28.16,1.51
2025-07-14,Matara,26.47,8.63
2025-07-21,Matara,26.64,4.5
2025-07-28,Matara,27.44,1.93
2025-08-04,Matara,27.16,1.81
2025-08-11,Matara,26.69,4.77
2025-08-18,Matara,27.57,2.6
2025-08-25,Matara,27.23,4.24
2025-09-01,Matara,27.6,2.97
2025-09-08,Matara,28.06,2.51
2025-09-15,Matara,27.39,3.34
2025-09-22,Matara,26.42,10.84
2025-09-29,Matara,27.41,2.11
2025-10-06,Matara,27.47,5.77
2025-10-13,Matara,26.46,18.34
2025-10-20,Matara,26.54,8.94
2025-10-27,Matara,27.76,1.2
2025-11-03,Matara,27.48,2.14
2025-11-10,Matara,26.91,8.93
2025-11-17,Matara,26.26,11.47
2025-11-24,Matara,25.05,36.33
2025-12-01,Matara,26.41,7.86
2025-12-08,Matara,26.08,4.97
2025-12-15,Matara,25.96,4.63
2025-12-22,Matara,26.05,2.9
2025-12-29,Matara,26.43,1.03
2026-01-05,Matara,25.96,4.1
2026-01-12,Matara,26.09,2.17
2026-01-19,Matara,25.59,0.37
2026-01-26,Matara,26.96,3.06
2026-02-02,Matara,26.61,7.27
2026-02-09,Matara,26.13,2.99
2026-02-16,Matara,26.59,11.5
2026-02-23,Matara,26.71,1.86
2026-03-02,Matara,26.42,1.06
2026-03-09,Matara,28.0,1.3
2026-03-16,Matara,27.77,3.06
2026-03-23,Matara,28.44,2.53
2026-03-30,Matara,27.8,6.76
2026-04-06,Matara,28.79,2.93
2026-04-13,Matara,27.56,4.91
2026-04-20,Matara,27.83,9.26
2026-04-27,Matara,27.79,8.21
2026-05-04,Matara,27.74,12.31
2026-05-11,Matara,27.43,9.31
2026-05-18,Matara,28.16,2.16
2026-05-25,Matara,27.73,3.77
2026-06-01,Matara,27.94,5.04
2026-06-08,Matara,27.96,4.86
2026-06-15,Matara,27.43,3.26
2026-06-22,Matara,27.69,3.74
2026-06-29,Matara,28.04,1.71
2026-07-06,Matara,28.66,1.34
2026-07-13,Matara,28.34,1.74
2026-07-20,Matara,28.61,2.07
2026-07-27,Matara,28.24,7.25
2013-12-30,Monaragala,23.97,7.76
2014-01-06,Monaragala,24.3,5.0
2014-01-13,Monaragala,24.15,19.67
2014-01-20,Monaragala,23.88,0.26
2014-01-27,Monaragala,24.19,1.34
2014-02-03,Monaragala,23.56,0.0
2014-02-10,Monaragala,23.74,0.06
2014-02-17,Monaragala,25.7,2.69
2014-02-24,Monaragala,25.41,2.24
2014-03-03,Monaragala,25.71,1.96
2014-03-10,Monaragala,25.71,0.16
2014-03-17,Monaragala,26.08,3.21
2014-03-24,Monaragala,26.17,0.61
2014-03-31,Monaragala,26.64,6.3
2014-04-07,Monaragala,26.97,1.03
2014-04-14,Monaragala,26.91,0.86
2014-04-21,Monaragala,27.4,5.44
2014-04-28,Monaragala,26.66,14.77
2014-05-05,Monaragala,26.83,8.53
2014-05-12,Monaragala,27.81,1.31
2014-05-19,Monaragala,28.91,1.53
2014-05-26,Monaragala,28.73,0.9
2014-06-02,Monaragala,28.01,7.67
2014-06-09,Monaragala,28.69,1.81
2014-06-16,Monaragala,28.81,1.17
2014-06-23,Monaragala,29.14,0.31
2014-06-30,Monaragala,28.66,5.24
2014-07-07,Monaragala,28.44,1.9
2014-07-14,Monaragala,28.91,0.4
2014-07-21,Monaragala,29.29,1.47
2014-07-28,Monaragala,28.49,4.71
2014-08-04,Monaragala,27.77,8.34
2014-08-11,Monaragala,27.65,9.63
2014-08-18,Monaragala,27.04,2.94
2014-08-25,Monaragala,28.21,0.16
2014-09-01,Monaragala,28.47,2.81
2014-09-08,Monaragala,28.23,4.64
2014-09-15,Monaragala,28.68,1.44
2014-09-22,Monaragala,27.81,4.93
2014-09-29,Monaragala,26.34,15.8
2014-10-06,Monaragala,26.97,8.8
2014-10-13,Monaragala,26.17,22.79
2014-10-20,Monaragala,25.72,10.53
2014-10-27,Monaragala,25.42,10.86
2014-11-03,Monaragala,25.76,8.11
2014-11-10,Monaragala,25.27,6.97
2014-11-17,Monaragala,24.59,38.29
2014-11-24,Monaragala,24.19,17.27
2014-12-01,Monaragala,24.89,4.61
2014-12-08,Monaragala,25.03,6.84
2014-12-15,Monaragala,24.56,26.69
2014-12-22,Monaragala,23.0,49.04
2014-12-29,Monaragala,25.16,3.96
2015-01-05,Monaragala,24.47,0.59
2015-01-12,Monaragala,24.43,0.01
2015-01-19,Monaragala,24.59,0.99
2015-01-26,Monaragala,24.79,4.6
2015-02-02,Monaragala,24.61,3.14
2015-02-09,Monaragala,24.94,7.73
2015-02-16,Monaragala,23.69,0.46
2015-02-23,Monaragala,24.86,11.89
2015-03-02,Monaragala,25.39,1.01
2015-03-09,Monaragala,24.99,8.09
2015-03-16,Monaragala,24.69,0.41
2015-03-23,Monaragala,25.64,3.54
2015-03-30,Monaragala,26.27,6.4
2015-04-06,Monaragala,26.26,7.96
2015-04-13,Monaragala,26.06,18.71
2015-04-20,Monaragala,26.31,9.57
2015-04-27,Monaragala,26.57,4.01
2015-05-04,Monaragala,26.61,21.64
2015-05-11,Monaragala,26.99,4.1
2015-05-18,Monaragala,27.91,0.1
2015-05-25,Monaragala,28.61,1.94
2015-06-01,Monaragala,27.65,5.6
2015-06-08,Monaragala,27.84,2.41
2015-06-15,Monaragala,28.16,2.63
2015-06-22,Monaragala,28.72,0.73
2015-06-29,Monaragala,28.8,1.3
2015-07-06,Monaragala,28.97,2.23
2015-07-13,Monaragala,28.59,2.73
2015-07-20,Monaragala,28.41,3.31
2015-07-27,Monaragala,28.42,1.16
2015-08-03,Monaragala,29.06,0.96
2015-08-10,Monaragala,29.06,6.16
2015-08-17,Monaragala,27.72,3.56
2015-08-24,Monaragala,28.39,2.23
2015-08-31,Monaragala,27.91,3.77
2015-09-07,Monaragala,28.44,1.24
2015-09-14,Monaragala,29.54,1.46
2015-09-21,Monaragala,27.42,11.13
2015-09-28,Monaragala,26.71,4.86
2015-10-05,Monaragala,27.41,4.61
2015-10-12,Monaragala,26.5,12.96
2015-10-19,Monaragala,25.54,33.99
2015-10-26,Monaragala,24.9,21.57
2015-11-02,Monaragala,25.4,15.94
2015-11-09,Monaragala,25.37,16.67
2015-11-16,Monaragala,25.34,4.93
2015-11-23,Monaragala,25.47,7.99
2015-11-30,Monaragala,25.46,16.26
2015-12-07,Monaragala,25.26,18.51
2015-12-14,Monaragala,24.84,8.93
2015-12-21,Monaragala,25.0,1.33
2015-12-28,Monaragala,25.24,3.84
2016-01-04,Monaragala,25.18,1.71
2016-01-11,Monaragala,24.71,0.04
2016-01-18,Monaragala,25.45,0.93
2016-01-25,Monaragala,25.39,0.76
2016-02-01,Monaragala,25.34,0.03
2016-02-08,Monaragala,25.88,0.57
2016-02-15,Monaragala,26.01,3.6
2016-02-22,Monaragala,25.63,2.93
2016-02-29,Monaragala,26.24,1.17
2016-03-07,Monaragala,26.85,0.43
2016-03-14,Monaragala,26.82,0.61
2016-03-21,Monaragala,27.51,0.04
2016-03-28,Monaragala,26.93,7.0
2016-04-04,Monaragala,27.73,2.77
2016-04-11,Monaragala,28.25,1.24
2016-04-18,Monaragala,28.51,2.29
2016-04-25,Monaragala,28.25,5.61
2016-05-02,Monaragala,27.92,4.16
2016-05-09,Monaragala,26.34,36.0
2016-05-16,Monaragala,27.79,2.33
2016-05-23,Monaragala,28.57,0.83
2016-05-30,Monaragala,28.53,0.66
2016-06-06,Monaragala,28.76,0.41
2016-06-13,Monaragala,28.94,0.71
2016-06-20,Monaragala,28.55,2.37
2016-06-27,Monaragala,29.89,0.09
2016-07-04,Monaragala,30.02,1.0
2016-07-11,Monaragala,29.73,2.87
2016-07-18,Monaragala,28.61,3.74
2016-07-25,Monaragala,27.78,6.37
2016-08-01,Monaragala,28.76,0.26
2016-08-08,Monaragala,29.24,1.37
2016-08-15,Monaragala,29.69,1.34
2016-08-22,Monaragala,28.01,11.31
2016-08-29,Monaragala,28.16,5.87
2016-09-05,Monaragala,29.06,0.31
2016-09-12,Monaragala,29.15,2.93
2016-09-19,Monaragala,29.52,1.26
2016-09-26,Monaragala,29.84,0.73
2016-10-03,Monaragala,29.34,1.04
2016-10-10,Monaragala,29.26,3.0
2016-10-17,Monaragala,27.56,7.0
2016-10-24,Monaragala,26.66,10.63
2016-10-31,Monaragala,26.14,17.27
2016-11-07,Monaragala,25.69,5.84
2016-11-14,Monaragala,25.06,13.76
2016-11-21,Monaragala,25.34,5.6
2016-11-28,Monaragala,24.79,0.27
2016-12-05,Monaragala,25.46,3.23
2016-12-12,Monaragala,25.48,1.84
2016-12-19,Monaragala,24.54,2.09
2016-12-26,Monaragala,24.9,6.76
2017-01-02,Monaragala,25.04,0.87
2017-01-09,Monaragala,25.37,0.0
2017-01-16,Monaragala,26.04,1.14
2017-01-23,Monaragala,24.53,12.47
2017-01-30,Monaragala,24.77,0.63
2017-02-06,Monaragala,25.86,0.14
2017-02-13,Monaragala,25.58,3.86
2017-02-20,Monaragala,25.69,7.07
2017-02-27,Monaragala,25.36,8.73
2017-03-06,Monaragala,26.53,8.81
2017-03-13,Monaragala,26.35,2.34
2017-03-20,Monaragala,26.88,0.27
2017-03-27,Monaragala,27.64,6.31
2017-04-03,Monaragala,27.79,4.49
2017-04-10,Monaragala,28.41,7.89
2017-04-17,Monaragala,29.41,0.11
2017-04-24,Monaragala,30.47,0.63
2017-05-01,Monaragala,28.83,5.14
2017-05-08,Monaragala,28.26,5.07
2017-05-15,Monaragala,30.45,1.99
2017-05-22,Monaragala,29.76,4.93
2017-05-29,Monaragala,29.59,2.31
2017-06-05,Monaragala,30.23,2.06
2017-06-12,Monaragala,29.81,1.11
2017-06-19,Monaragala,29.59,1.49
2017-06-26,Monaragala,30.86,0.56
2017-07-03,Monaragala,30.97,1.99
2017-07-10,Monaragala,30.12,1.2
2017-07-17,Monaragala,30.41,0.17
2017-07-24,Monaragala,31.25,3.0
2017-07-31,Monaragala,29.93,1.56
2017-08-07,Monaragala,30.07,2.34
2017-08-14,Monaragala,29.12,1.21
2017-08-21,Monaragala,30.24,2.01
2017-08-28,Monaragala,29.61,5.26
2017-09-04,Monaragala,27.52,4.49
2017-09-11,Monaragala,28.19,1.04
2017-09-18,Monaragala,29.79,0.33
2017-09-25,Monaragala,29.81,0.77
2017-10-02,Monaragala,29.38,9.33
2017-10-09,Monaragala,27.48,6.69
2017-10-16,Monaragala,28.92,0.19
2017-10-23,Monaragala,27.81,20.2
2017-10-30,Monaragala,26.08,19.73
2017-11-06,Monaragala,25.66,9.6
2017-11-13,Monaragala,25.94,4.11
2017-11-20,Monaragala,25.04,13.4
2017-11-27,Monaragala,24.44,20.91
2017-12-04,Monaragala,25.52,1.39
2017-12-11,Monaragala,25.59,2.84
2017-12-18,Monaragala,24.96,3.66
2017-12-25,Monaragala,25.35,1.11
2018-01-01,Monaragala,24.76,0.7
2018-01-08,Monaragala,25.07,3.24
2018-01-15,Monaragala,25.23,0.01
2018-01-22,Monaragala,25.83,0.31
2018-01-29,Monaragala,25.03,3.71
2018-02-05,Monaragala,25.75,2.76
2018-02-12,Monaragala,25.74,0.86
2018-02-19,Monaragala,26.04,2.91
2018-02-26,Monaragala,25.86,14.87
2018-03-05,Monaragala,25.4,8.7
2018-03-12,Monaragala,25.92,4.27
2018-03-19,Monaragala,26.76,1.01
2018-03-26,Monaragala,27.14,4.73
2018-04-02,Monaragala,26.66,8.43
2018-04-09,Monaragala,26.04,15.8
2018-04-16,Monaragala,26.69,3.77
2018-04-23,Monaragala,27.44,4.81
2018-04-30,Monaragala,27.41,6.46
2018-05-07,Monaragala,27.02,12.61
2018-05-14,Monaragala,26.35,12.63
2018-05-21,Monaragala,26.24,5.09
2018-05-28,Monaragala,27.6,1.51
2018-06-04,Monaragala,27.54,1.36
2018-06-11,Monaragala,28.14,1.4
2018-06-18,Monaragala,28.42,0.57
2018-06-25,Monaragala,29.22,0.93
2018-07-02,Monaragala,29.51,0.93
2018-07-09,Monaragala,29.21,0.47
2018-07-16,Monaragala,30.7,0.34
2018-07-23,Monaragala,29.95,5.29
2018-07-30,Monaragala,29.82,0.39
2018-08-06,Monaragala,29.9,0.36
2018-08-13,Monaragala,28.89,0.93
2018-08-20,Monaragala,30.5,0.84
2018-08-27,Monaragala,30.36,1.9
2018-09-03,Monaragala,30.44,0.24
2018-09-10,Monaragala,30.4,0.99
2018-09-17,Monaragala,29.49,1.7
2018-09-24,Monaragala,26.87,16.34
2018-10-01,Monaragala,25.82,25.83
2018-10-08,Monaragala,26.03,7.61
2018-10-15,Monaragala,25.67,10.51
2018-10-22,Monaragala,25.58,21.26
2018-10-29,Monaragala,25.75,13.99
2018-11-05,Monaragala,24.91,27.77
2018-11-12,Monaragala,25.7,8.76
2018-11-19,Monaragala,25.4,14.54
2018-11-26,Monaragala,25.48,4.23
2018-12-03,Monaragala,25.11,5.47
2018-12-10,Monaragala,24.49,0.79
2018-12-17,Monaragala,24.81,6.19
2018-12-24,Monaragala,24.95,2.69
2018-12-31,Monaragala,24.69,0.23
2019-01-07,Monaragala,25.24,1.77
2019-01-14,Monaragala,24.98,2.66
2019-01-21,Monaragala,25.89,0.87
2019-01-28,Monaragala,25.71,0.84
2019-02-04,Monaragala,25.53,7.06
2019-02-11,Monaragala,25.99,6.4
2019-02-18,Monaragala,26.19,0.63
2019-02-25,Monaragala,26.94,4.81
2019-03-04,Monaragala,27.62,3.66
2019-03-11,Monaragala,27.69,1.11
2019-03-18,Monaragala,27.39,3.3
2019-03-25,Monaragala,28.15,0.27
2019-04-01,Monaragala,29.62,0.96
2019-04-08,Monaragala,28.81,2.67
2019-04-15,Monaragala,27.92,8.8
2019-04-22,Monaragala,27.81,4.77
2019-04-29,Monaragala,28.11,1.6
2019-05-06,Monaragala,29.27,0.23
2019-05-13,Monaragala,30.14,1.54
2019-05-20,Monaragala,29.24,1.21
2019-05-27,Monaragala,30.62,0.6
2019-06-03,Monaragala,30.07,3.17
2019-06-10,Monaragala,30.47,0.83
2019-06-17,Monaragala,30.82,0.9
2019-06-24,Monaragala,30.61,1.17
2019-07-01,Monaragala,30.34,0.07
2019-07-08,Monaragala,29.72,0.9
2019-07-15,Monaragala,30.24,0.56
2019-07-22,Monaragala,29.92,0.3
2019-07-29,Monaragala,29.65,0.36
2019-08-05,Monaragala,28.94,1.44
2019-08-12,Monaragala,29.16,2.09
2019-08-19,Monaragala,28.08,0.99
2019-08-26,Monaragala,28.04,1.34
2019-09-02,Monaragala,29.38,1.09
2019-09-09,Monaragala,29.04,3.63
2019-09-16,Monaragala,27.48,5.46
2019-09-23,Monaragala,26.21,11.13
2019-09-30,Monaragala,25.96,13.84
2019-10-07,Monaragala,25.96,11.64
2019-10-14,Monaragala,25.54,24.94
2019-10-21,Monaragala,25.1,8.41
2019-10-28,Monaragala,24.76,18.06
2019-11-04,Monaragala,25.83,5.89
2019-11-11,Monaragala,26.0,6.26
2019-11-18,Monaragala,25.4,15.34
2019-11-25,Monaragala,25.27,17.5
2019-12-02,Monaragala,25.11,13.06
2019-12-09,Monaragala,24.85,20.06
2019-12-16,Monaragala,24.97,10.61
2019-12-23,Monaragala,25.54,2.14
2019-12-30,Monaragala,25.85,2.46
2020-01-06,Monaragala,25.21,1.71
2020-01-13,Monaragala,25.32,0.77
2020-01-20,Monaragala,25.85,1.73
2020-01-27,Monaragala,25.4,0.09
2020-02-03,Monaragala,26.09,0.13
2020-02-10,Monaragala,26.22,2.13
2020-02-17,Monaragala,25.86,3.19
2020-02-24,Monaragala,26.71,0.26
2020-03-02,Monaragala,27.67,1.2
2020-03-09,Monaragala,27.86,0.04
2020-03-16,Monaragala,27.61,1.31
2020-03-23,Monaragala,27.75,0.27
2020-03-30,Monaragala,28.21,1.74
2020-04-06,Monaragala,28.86,2.36
2020-04-13,Monaragala,27.52,13.31
2020-04-20,Monaragala,27.49,6.94
2020-04-27,Monaragala,28.19,4.53
2020-05-04,Monaragala,27.59,3.96
2020-05-11,Monaragala,27.34,8.59
2020-05-18,Monaragala,28.59,0.9
2020-05-25,Monaragala,28.96,0.5
2020-06-01,Monaragala,29.33,0.17
2020-06-08,Monaragala,30.01,1.16
2020-06-15,Monaragala,30.62,0.74
2020-06-22,Monaragala,28.93,3.33
2020-06-29,Monaragala,29.57,0.86
2020-07-06,Monaragala,28.84,3.56
2020-07-13,Monaragala,29.11,5.81
2020-07-20,Monaragala,27.12,3.86
2020-07-27,Monaragala,28.27,0.49
2020-08-03,Monaragala,27.92,0.77
2020-08-10,Monaragala,29.16,0.21
2020-08-17,Monaragala,30.56,0.09
2020-08-24,Monaragala,30.59,0.63
2020-08-31,Monaragala,28.61,8.49
2020-09-07,Monaragala,28.61,0.76
2020-09-14,Monaragala,29.27,1.1
2020-09-21,Monaragala,28.36,3.93
2020-09-28,Monaragala,29.34,0.21
2020-10-05,Monaragala,30.33,0.47
2020-10-12,Monaragala,30.06,0.37
2020-10-19,Monaragala,30.39,2.51
2020-10-26,Monaragala,28.06,16.46
2020-11-02,Monaragala,26.66,20.16
2020-11-09,Monaragala,26.1,12.81
2020-11-16,Monaragala,25.63,16.94
2020-11-23,Monaragala,26.19,2.26
2020-11-30,Monaragala,26.39,4.37
2020-12-07,Monaragala,26.15,1.57
2020-12-14,Monaragala,25.13,8.34
2020-12-21,Monaragala,24.53,23.17
2020-12-28,Monaragala,25.18,9.9
2021-01-04,Monaragala,25.06,16.81
2021-01-11,Monaragala,24.56,21.46
2021-01-18,Monaragala,25.24,3.17
2021-01-25,Monaragala,24.66,8.3
2021-02-01,Monaragala,24.79,3.19
2021-02-08,Monaragala,25.25,0.56
2021-02-15,Monaragala,25.94,1.2
2021-02-22,Monaragala,26.29,2.9
2021-03-01,Monaragala,26.11,1.54
2021-03-08,Monaragala,25.94,5.04
2021-03-15,Monaragala,26.34,3.11
2021-03-22,Monaragala,25.99,9.97
2021-03-29,Monaragala,27.24,0.4
2021-04-05,Monaragala,27.09,5.23
2021-04-12,Monaragala,26.55,8.86
2021-04-19,Monaragala,27.37,1.23
2021-04-26,Monaragala,27.82,7.74
2021-05-03,Monaragala,26.82,14.3
2021-05-10,Monaragala,27.16,4.23
2021-05-17,Monaragala,27.86,3.91
2021-05-24,Monaragala,27.74,1.19
2021-05-31,Monaragala,28.16,4.59
2021-06-07,Monaragala,27.81,0.4
2021-06-14,Monaragala,29.21,0.09
2021-06-21,Monaragala,29.66,1.14
2021-06-28,Monaragala,29.89,1.01
2021-07-05,Monaragala,28.56,2.47
2021-07-12,Monaragala,29.51,4.8
2021-07-19,Monaragala,29.36,1.14
2021-07-26,Monaragala,30.13,0.56
2021-08-02,Monaragala,30.34,2.36
2021-08-09,Monaragala,28.59,4.66
2021-08-16,Monaragala,29.52,2.79
2021-08-23,Monaragala,28.66,2.43
2021-08-30,Monaragala,28.58,1.44
2021-09-06,Monaragala,29.91,0.5
2021-09-13,Monaragala,30.19,1.66
2021-09-20,Monaragala,29.01,5.86
2021-09-27,Monaragala,26.99,6.26
2021-10-04,Monaragala,27.92,0.96
2021-10-11,Monaragala,28.52,0.6
2021-10-18,Monaragala,27.56,5.37
2021-10-25,Monaragala,26.09,17.86
2021-11-01,Monaragala,25.73,12.6
2021-11-08,Monaragala,25.61,8.41
2021-11-15,Monaragala,25.85,8.34
2021-11-22,Monaragala,24.94,22.83
2021-11-29,Monaragala,25.44,6.16
2021-12-06,Monaragala,25.77,3.81
2021-12-13,Monaragala,24.99,10.24
2021-12-20,Monaragala,25.19,0.43
2021-12-27,Monaragala,25.39,1.53
2022-01-03,Monaragala,25.22,4.4
2022-01-10,Monaragala,25.38,6.46
2022-01-17,Monaragala,25.03,0.44
2022-01-24,Monaragala,24.87,0.83
2022-01-31,Monaragala,25.92,0.19
2022-02-07,Monaragala,25.69,5.84
2022-02-14,Monaragala,26.09,0.41
2022-02-21,Monaragala,26.47,1.36
2022-02-28,Monaragala,26.53,1.47
2022-03-07,Monaragala,27.13,2.87
2022-03-14,Monaragala,26.86,3.09
2022-03-21,Monaragala,27.6,2.4
2022-03-28,Monaragala,27.48,5.64
2022-04-04,Monaragala,26.53,13.17
2022-04-11,Monaragala,26.73,4.06
2022-04-18,Monaragala,27.24,5.5
2022-04-25,Monaragala,27.27,5.51
2022-05-02,Monaragala,28.35,1.7
2022-05-09,Monaragala,28.21,4.79
2022-05-16,Monaragala,28.26,0.63
2022-05-23,Monaragala,28.49,2.2
2022-05-30,Monaragala,28.57,0.77
2022-06-06,Monaragala,29.29,0.86
2022-06-13,Monaragala,27.97,6.06
2022-06-20,Monaragala,28.14,1.56
2022-06-27,Monaragala,29.65,3.36
2022-07-04,Monaragala,30.14,0.13
2022-07-11,Monaragala,29.83,1.8
2022-07-18,Monaragala,28.57,3.5
2022-07-25,Monaragala,26.48,9.44
2022-08-01,Monaragala,25.67,6.99
2022-08-08,Monaragala,27.8,0.83
2022-08-15,Monaragala,29.27,2.41
2022-08-22,Monaragala,28.01,5.26
2022-08-29,Monaragala,26.45,10.13
2022-09-05,Monaragala,27.19,0.86
2022-09-12,Monaragala,28.59,0.19
2022-09-19,Monaragala,29.41,1.4
2022-09-26,Monaragala,28.42,2.43
2022-10-03,Monaragala,28.59,5.96
2022-10-10,Monaragala,26.7,12.69
2022-10-17,Monaragala,25.72,10.81
2022-10-24,Monaragala,25.86,8.74
2022-10-31,Monaragala,25.59,20.6
2022-11-07,Monaragala,24.96,12.01
2022-11-14,Monaragala,24.75,6.09
2022-11-21,Monaragala,25.79,1.73
2022-11-28,Monaragala,25.65,12.21
2022-12-05,Monaragala,24.13,1.23
2022-12-12,Monaragala,24.86,4.14
2022-12-19,Monaragala,24.63,13.11
2022-12-26,Monaragala,24.86,1.29
2023-01-02,Monaragala,24.89,1.26
2023-01-09,Monaragala,24.63,0.2
2023-01-16,Monaragala,24.41,6.06
2023-01-23,Monaragala,24.91,2.41
2023-01-30,Monaragala,25.0,9.67
2023-02-06,Monaragala,25.36,1.96
2023-02-13,Monaragala,25.05,2.59
2023-02-20,Monaragala,25.0,2.99
2023-02-27,Monaragala,24.86,7.59
2023-03-06,Monaragala,25.71,3.39
2023-03-13,Monaragala,25.77,7.24
2023-03-20,Monaragala,26.5,4.06
2023-03-27,Monaragala,27.14,2.2
2023-04-03,Monaragala,26.34,3.03
2023-04-10,Monaragala,27.84,1.1
2023-04-17,Monaragala,28.69,4.74
2023-04-24,Monaragala,26.67,11.56
2023-05-01,Monaragala,26.41,13.3
2023-05-08,Monaragala,27.22,4.0
2023-05-15,Monaragala,28.3,0.83
2023-05-22,Monaragala,28.76,0.61
2023-05-29,Monaragala,29.76,2.56
2023-06-05,Monaragala,30.56,0.94
2023-06-12,Monaragala,30.21,0.97
2023-06-19,Monaragala,30.16,0.79
2023-06-26,Monaragala,29.28,2.1
2023-07-03,Monaragala,27.53,4.69
2023-07-10,Monaragala,29.75,1.4
2023-07-17,Monaragala,30.52,0.59
2023-07-24,Monaragala,30.46,0.64
2023-07-31,Monaragala,31.23,0.36
2023-08-07,Monaragala,30.72,1.29
2023-08-14,Monaragala,30.39,0.39
2023-08-21,Monaragala,31.11,1.01
2023-08-28,Monaragala,28.83,1.77
2023-09-04,Monaragala,28.06,1.7
2023-09-11,Monaragala,28.84,2.36
2023-09-18,Monaragala,27.61,6.61
2023-09-25,Monaragala,27.17,2.67
2023-10-02,Monaragala,26.54,5.97
2023-10-09,Monaragala,26.15,10.41
2023-10-16,Monaragala,25.62,19.34
2023-10-23,Monaragala,25.99,12.34
2023-10-30,Monaragala,25.48,14.16
2023-11-06,Monaragala,25.59,21.1
2023-11-13,Monaragala,25.91,18.83
2023-11-20,Monaragala,25.95,11.76
2023-11-27,Monaragala,25.32,21.24
2023-12-04,Monaragala,25.67,11.7
2023-12-11,Monaragala,25.11,18.49
2023-12-18,Monaragala,25.86,6.44
2023-12-25,Monaragala,25.06,13.61
2024-01-01,Monaragala,25.62,10.11
2024-01-08,Monaragala,24.69,15.24
2024-01-15,Monaragala,25.11,1.53
2024-01-22,Monaragala,25.23,0.2
2024-01-29,Monaragala,26.21,5.07
2024-02-05,Monaragala,26.14,0.24
2024-02-12,Monaragala,26.69,1.8
2024-02-19,Monaragala,27.39,0.29
2024-02-26,Monaragala,27.46,1.1
2024-03-04,Monaragala,27.38,0.07
2024-03-11,Monaragala,28.46,0.37
2024-03-18,Monaragala,27.79,4.3
2024-03-25,Monaragala,27.38,6.14
2024-04-01,Monaragala,28.74,2.43
2024-04-08,Monaragala,28.09,10.73
2024-04-15,Monaragala,27.97,5.37
2024-04-22,Monaragala,29.24,1.3
2024-04-29,Monaragala,29.68,2.19
2024-05-06,Monaragala,29.54,9.03
2024-05-13,Monaragala,27.29,16.09
2024-05-20,Monaragala,27.51,0.99
2024-05-27,Monaragala,28.21,4.87
2024-06-03,Monaragala,27.87,0.5
2024-06-10,Monaragala,28.92,1.3
2024-06-17,Monaragala,29.24,0.51
2024-06-24,Monaragala,28.94,0.61
2024-07-01,Monaragala,28.9,1.64
2024-07-08,Monaragala,28.79,0.61
2024-07-15,Monaragala,29.62,0.23
2024-07-22,Monaragala,30.56,0.7
2024-07-29,Monaragala,30.16,3.64
2024-08-05,Monaragala,28.86,7.74
2024-08-12,Monaragala,27.16,6.9
2024-08-19,Monaragala,27.05,1.06
2024-08-26,Monaragala,28.39,1.04
2024-09-02,Monaragala,28.54,1.47
2024-09-09,Monaragala,29.83,1.44
2024-09-16,Monaragala,29.97,1.49
2024-09-23,Monaragala,29.84,9.44
2024-09-30,Monaragala,27.89,3.67
2024-10-07,Monaragala,26.5,12.71
2024-10-14,Monaragala,26.49,2.37
2024-10-21,Monaragala,26.44,5.27
2024-10-28,Monaragala,26.79,11.36
2024-11-04,Monaragala,26.31,8.0
2024-11-11,Monaragala,26.24,12.24
2024-11-18,Monaragala,25.63,15.03
2024-11-25,Monaragala,25.19,26.07
2024-12-02,Monaragala,25.84,0.64
2024-12-09,Monaragala,26.01,12.99
2024-12-16,Monaragala,25.96,15.37
2024-12-23,Monaragala,25.3,3.24
2024-12-30,Monaragala,24.61,11.47
2025-01-06,Monaragala,25.01,13.09
2025-01-13,Monaragala,23.87,22.86
2025-01-20,Monaragala,24.79,7.26
2025-01-27,Monaragala,25.44,3.7
2025-02-03,Monaragala,25.39,0.1
2025-02-10,Monaragala,25.66,0.23
2025-02-17,Monaragala,26.96,0.21
2025-02-24,Monaragala,25.66,16.7
2025-03-03,Monaragala,25.66,0.56
2025-03-10,Monaragala,25.78,9.03
2025-03-17,Monaragala,26.51,5.71
2025-03-24,Monaragala,26.79,6.89
2025-03-31,Monaragala,26.08,11.93
2025-04-07,Monaragala,26.44,6.79
2025-04-14,Monaragala,27.59,8.54
2025-04-21,Monaragala,27.22,7.26
2025-04-28,Monaragala,26.72,6.34
2025-05-05,Monaragala,27.73,2.0
2025-05-12,Monaragala,27.56,1.6
2025-05-19,Monaragala,27.62,0.64
2025-05-26,Monaragala,27.82,1.26
2025-06-02,Monaragala,28.96,1.47
2025-06-09,Monaragala,28.05,0.49
2025-06-16,Monaragala,28.71,1.03
2025-06-23,Monaragala,28.73,1.94
2025-06-30,Monaragala,29.9,0.43
2025-07-07,Monaragala,30.19,1.1
2025-07-14,Monaragala,28.44,4.63
2025-07-21,Monaragala,27.78,1.59
2025-07-28,Monaragala,28.96,3.6
2025-08-04,Monaragala,28.58,2.24
2025-08-11,Monaragala,28.72,0.56
2025-08-18,Monaragala,30.17,1.0
2025-08-25,Monaragala,29.66,1.09
2025-09-01,Monaragala,29.3,3.06
2025-09-08,Monaragala,28.94,3.69
2025-09-15,Monaragala,28.51,4.66
2025-09-22,Monaragala,29.06,0.49
2025-09-29,Monaragala,30.04,4.13
2025-10-06,Monaragala,27.87,2.94
2025-10-13,Monaragala,27.06,25.31
2025-10-20,Monaragala,25.86,8.07
2025-10-27,Monaragala,27.51,0.47
2025-11-03,Monaragala,27.68,8.49
2025-11-10,Monaragala,26.36,11.87
2025-11-17,Monaragala,25.4,22.21
2025-11-24,Monaragala,23.86,33.19
2025-12-01,Monaragala,25.69,5.91
2025-12-08,Monaragala,25.15,7.2
2025-12-15,Monaragala,24.89,8.26
2025-12-22,Monaragala,25.44,0.86
2025-12-29,Monaragala,25.99,3.0
2026-01-05,Monaragala,24.96,8.44
2026-01-12,Monaragala,24.87,2.29
2026-01-19,Monaragala,24.76,0.49
2026-01-26,Monaragala,25.21,4.87
2026-02-02,Monaragala,25.08,6.3
2026-02-09,Monaragala,24.56,2.0
2026-02-16,Monaragala,24.17,22.76
2026-02-23,Monaragala,26.11,0.24
2026-03-02,Monaragala,25.35,0.43
2026-03-09,Monaragala,26.56,1.6
2026-03-16,Monaragala,27.09,4.36
2026-03-23,Monaragala,27.94,0.73
2026-03-30,Monaragala,27.47,5.74
2026-04-06,Monaragala,28.49,4.71
2026-04-13,Monaragala,27.78,2.27
2026-04-20,Monaragala,27.45,12.04
2026-04-27,Monaragala,28.01,4.33
2026-05-04,Monaragala,27.2,14.16
2026-05-11,Monaragala,27.01,6.31
2026-05-18,Monaragala,28.52,0.47
2026-05-25,Monaragala,28.64,1.36
2026-06-01,Monaragala,28.96,1.56
2026-06-08,Monaragala,28.73,2.43
2026-06-15,Monaragala,29.31,1.31
2026-06-22,Monaragala,29.19,2.2
2026-06-29,Monaragala,29.34,1.1
2026-07-06,Monaragala,29.94,1.59
2026-07-13,Monaragala,30.17,0.34
2026-07-20,Monaragala,29.87,2.43
2026-07-27,Monaragala,30.19,2.78
2013-12-30,Mullaitivu,24.6,13.84
2014-01-06,Mullaitivu,24.97,10.67
2014-01-13,Mullaitivu,24.96,7.11
2014-01-20,Mullaitivu,25.36,0.86
2014-01-27,Mullaitivu,25.36,2.47
2014-02-03,Mullaitivu,25.19,0.0
2014-02-10,Mullaitivu,25.84,0.04
2014-02-17,Mullaitivu,26.53,0.81
2014-02-24,Mullaitivu,26.98,0.9
2014-03-03,Mullaitivu,27.26,0.44
2014-03-10,Mullaitivu,27.32,0.0
2014-03-17,Mullaitivu,28.36,0.56
2014-03-24,Mullaitivu,28.09,0.0
2014-03-31,Mullaitivu,28.98,0.34
2014-04-07,Mullaitivu,29.69,0.06
2014-04-14,Mullaitivu,29.47,0.16
2014-04-21,Mullaitivu,29.52,1.16
2014-04-28,Mullaitivu,28.31,6.99
2014-05-05,Mullaitivu,28.25,12.27
2014-05-12,Mullaitivu,29.95,0.14
2014-05-19,Mullaitivu,30.52,0.04
2014-05-26,Mullaitivu,30.78,0.13
2014-06-02,Mullaitivu,30.98,1.23
2014-06-09,Mullaitivu,31.33,0.1
2014-06-16,Mullaitivu,31.28,0.07
2014-06-23,Mullaitivu,31.04,0.09
2014-06-30,Mullaitivu,30.83,0.83
2014-07-07,Mullaitivu,30.2,0.3
2014-07-14,Mullaitivu,30.79,0.07
2014-07-21,Mullaitivu,30.96,0.39
2014-07-28,Mullaitivu,30.77,0.16
2014-08-04,Mullaitivu,30.02,3.3
2014-08-11,Mullaitivu,29.08,3.89
2014-08-18,Mullaitivu,28.27,4.11
2014-08-25,Mullaitivu,29.39,0.0
2014-09-01,Mullaitivu,29.54,0.13
2014-09-08,Mullaitivu,30.29,1.17
2014-09-15,Mullaitivu,30.25,0.66
2014-09-22,Mullaitivu,28.76,8.07
2014-09-29,Mullaitivu,27.65,2.9
2014-10-06,Mullaitivu,28.69,2.91
2014-10-13,Mullaitivu,27.45,10.5
2014-10-20,Mullaitivu,26.66,6.76
2014-10-27,Mullaitivu,26.57,6.76
2014-11-03,Mullaitivu,26.27,6.69
2014-11-10,Mullaitivu,26.62,4.71
2014-11-17,Mullaitivu,25.76,13.59
2014-11-24,Mullaitivu,25.01,22.44
2014-12-01,Mullaitivu,25.71,5.76
2014-12-08,Mullaitivu,25.76,9.19
2014-12-15,Mullaitivu,25.24,24.46
2014-12-22,Mullaitivu,24.2,31.71
2014-12-29,Mullaitivu,25.88,5.26
2015-01-05,Mullaitivu,25.79,0.19
2015-01-12,Mullaitivu,25.64,0.9
2015-01-19,Mullaitivu,25.69,0.84
2015-01-26,Mullaitivu,25.89,0.89
2015-02-02,Mullaitivu,25.44,5.69
2015-02-09,Mullaitivu,25.78,2.69
2015-02-16,Mullaitivu,25.94,0.0
2015-02-23,Mullaitivu,26.48,3.34
2015-03-02,Mullaitivu,27.54,0.34
2015-03-09,Mullaitivu,27.09,1.6
2015-03-16,Mullaitivu,27.29,0.16
2015-03-23,Mullaitivu,28.03,0.6
2015-03-30,Mullaitivu,28.74,1.26
2015-04-06,Mullaitivu,28.81,0.33
2015-04-13,Mullaitivu,27.73,3.16
2015-04-20,Mullaitivu,28.8,2.43
2015-04-27,Mullaitivu,29.39,0.9
2015-05-04,Mullaitivu,29.01,3.36
2015-05-11,Mullaitivu,27.91,11.37
2015-05-18,Mullaitivu,29.59,0.03
2015-05-25,Mullaitivu,30.15,0.24
2015-06-01,Mullaitivu,29.34,1.93
2015-06-08,Mullaitivu,29.98,0.11
2015-06-15,Mullaitivu,30.07,0.74
2015-06-22,Mullaitivu,30.54,0.13
2015-06-29,Mullaitivu,30.44,0.13
2015-07-06,Mullaitivu,30.6,0.21
2015-07-13,Mullaitivu,30.58,0.54
2015-07-20,Mullaitivu,29.75,0.39
2015-07-27,Mullaitivu,29.93,2.0
2015-08-03,Mullaitivu,30.26,0.04
2015-08-10,Mullaitivu,30.26,2.41
2015-08-17,Mullaitivu,29.01,1.26
2015-08-24,Mullaitivu,30.28,0.01
2015-08-31,Mullaitivu,29.36,6.67
2015-09-07,Mullaitivu,28.67,1.27
2015-09-14,Mullaitivu,29.94,0.04
2015-09-21,Mullaitivu,29.49,3.71
2015-09-28,Mullaitivu,28.02,7.8
2015-10-05,Mullaitivu,28.39,4.51
2015-10-12,Mullaitivu,27.56,3.36
2015-10-19,Mullaitivu,27.13,4.63
2015-10-26,Mullaitivu,25.88,22.64
2015-11-02,Mullaitivu,26.15,13.97
2015-11-09,Mullaitivu,26.44,23.79
2015-11-16,Mullaitivu,26.51,10.16
2015-11-23,Mullaitivu,26.19,7.49
2015-11-30,Mullaitivu,25.92,14.43
2015-12-07,Mullaitivu,26.5,9.31
2015-12-14,Mullaitivu,26.36,4.5
2015-12-21,Mullaitivu,26.68,4.77
2015-12-28,Mullaitivu,25.9,7.89
2016-01-04,Mullaitivu,26.21,1.71
2016-01-11,Mullaitivu,26.25,0.16
2016-01-18,Mullaitivu,26.65,1.19
2016-01-25,Mullaitivu,26.52,0.11
2016-02-01,Mullaitivu,26.61,0.0
2016-02-08,Mullaitivu,26.93,0.29
2016-02-15,Mullaitivu,27.51,2.3
2016-02-22,Mullaitivu,27.42,1.43
2016-02-29,Mullaitivu,27.64,1.04
2016-03-07,Mullaitivu,28.49,0.2
2016-03-14,Mullaitivu,28.36,0.0
2016-03-21,Mullaitivu,29.19,0.0
2016-03-28,Mullaitivu,29.22,0.89
2016-04-04,Mullaitivu,29.93,0.71
2016-04-11,Mullaitivu,30.8,0.11
2016-04-18,Mullaitivu,31.14,0.27
2016-04-25,Mullaitivu,30.85,0.27
2016-05-02,Mullaitivu,30.75,1.39
2016-05-09,Mullaitivu,28.57,9.46
2016-05-16,Mullaitivu,28.67,18.26
2016-05-23,Mullaitivu,30.26,0.1
2016-05-30,Mullaitivu,30.26,0.14
2016-06-06,Mullaitivu,29.77,0.07
2016-06-13,Mullaitivu,30.29,0.91
2016-06-20,Mullaitivu,29.47,1.77
2016-06-27,Mullaitivu,30.54,0.49
2016-07-04,Mullaitivu,30.76,0.13
2016-07-11,Mullaitivu,30.14,1.97
2016-07-18,Mullaitivu,29.21,0.67
2016-07-25,Mullaitivu,28.69,3.96
2016-08-01,Mullaitivu,30.19,0.39
2016-08-08,Mullaitivu,30.15,1.54
2016-08-15,Mullaitivu,30.06,0.6
2016-08-22,Mullaitivu,29.39,1.11
2016-08-29,Mullaitivu,29.36,1.44
2016-09-05,Mullaitivu,29.78,0.31
2016-09-12,Mullaitivu,30.14,0.57
2016-09-19,Mullaitivu,30.3,0.14
2016-09-26,Mullaitivu,30.23,0.19
2016-10-03,Mullaitivu,30.34,0.0
2016-10-10,Mullaitivu,29.86,0.71
2016-10-17,Mullaitivu,28.76,2.83
2016-10-24,Mullaitivu,28.57,2.26
2016-10-31,Mullaitivu,26.97,8.43
2016-11-07,Mullaitivu,27.14,2.21
2016-11-14,Mullaitivu,26.15,11.23
2016-11-21,Mullaitivu,26.37,5.99
2016-11-28,Mullaitivu,24.89,11.66
2016-12-05,Mullaitivu,26.16,1.24
2016-12-12,Mullaitivu,26.64,0.59
2016-12-19,Mullaitivu,25.28,2.63
2016-12-26,Mullaitivu,25.81,5.79
2017-01-02,Mullaitivu,25.62,1.29
2017-01-09,Mullaitivu,25.11,0.26
2017-01-16,Mullaitivu,25.34,7.13
2017-01-23,Mullaitivu,25.19,21.44
2017-01-30,Mullaitivu,25.51,0.3
2017-02-06,Mullaitivu,24.73,0.14
2017-02-13,Mullaitivu,25.76,2.84
2017-02-20,Mullaitivu,25.99,0.04
2017-02-27,Mullaitivu,26.27,9.71
2017-03-06,Mullaitivu,27.27,5.13
2017-03-13,Mullaitivu,27.19,2.2
2017-03-20,Mullaitivu,26.75,0.0
2017-03-27,Mullaitivu,27.79,0.89
2017-04-03,Mullaitivu,28.63,0.44
2017-04-10,Mullaitivu,29.4,0.4
2017-04-17,Mullaitivu,31.42,0.0
2017-04-24,Mullaitivu,30.69,0.04
2017-05-01,Mullaitivu,29.21,1.63
2017-05-08,Mullaitivu,29.67,1.64
2017-05-15,Mullaitivu,32.11,0.26
2017-05-22,Mullaitivu,31.14,0.26
2017-05-29,Mullaitivu,31.23,0.43
2017-06-05,Mullaitivu,31.26,0.81
2017-06-12,Mullaitivu,31.55,0.46
2017-06-19,Mullaitivu,30.79,0.8
2017-06-26,Mullaitivu,31.27,0.64
2017-07-03,Mullaitivu,31.36,2.27
2017-07-10,Mullaitivu,30.91,1.2
2017-07-17,Mullaitivu,31.4,0.21
2017-07-24,Mullaitivu,31.47,2.71
2017-07-31,Mullaitivu,30.62,2.6
2017-08-07,Mullaitivu,29.39,7.31
2017-08-14,Mullaitivu,28.9,3.39
2017-08-21,Mullaitivu,29.83,2.56
2017-08-28,Mullaitivu,29.41,3.66
2017-09-04,Mullaitivu,28.55,2.49
2017-09-11,Mullaitivu,28.9,2.11
2017-09-18,Mullaitivu,30.17,0.47
2017-09-25,Mullaitivu,30.31,0.8
2017-10-02,Mullaitivu,30.48,3.43
2017-10-09,Mullaitivu,28.36,4.44
2017-10-16,Mullaitivu,28.88,1.13
2017-10-23,Mullaitivu,27.49,6.93
2017-10-30,Mullaitivu,26.04,26.11
2017-11-06,Mullaitivu,26.08,18.3
2017-11-13,Mullaitivu,27.14,2.77
2017-11-20,Mullaitivu,26.69,13.81
2017-11-27,Mullaitivu,25.79,20.2
2017-12-04,Mullaitivu,26.02,1.31
2017-12-11,Mullaitivu,26.31,4.2
2017-12-18,Mullaitivu,26.17,4.27
2017-12-25,Mullaitivu,25.72,3.69
2018-01-01,Mullaitivu,25.31,0.11
2018-01-08,Mullaitivu,25.26,5.06
2018-01-15,Mullaitivu,25.31,0.16
2018-01-22,Mullaitivu,25.15,0.29
2018-01-29,Mullaitivu,25.19,0.99
2018-02-05,Mullaitivu,26.06,1.43
2018-02-12,Mullaitivu,25.88,1.09
2018-02-19,Mullaitivu,25.76,1.03
2018-02-26,Mullaitivu,26.48,3.5
2018-03-05,Mullaitivu,26.85,0.13
2018-03-12,Mullaitivu,27.14,5.3
2018-03-19,Mullaitivu,27.16,0.01
2018-03-26,Mullaitivu,28.17,1.27
2018-04-02,Mullaitivu,27.79,1.96
2018-04-09,Mullaitivu,27.84,5.46
2018-04-16,Mullaitivu,28.51,0.19
2018-04-23,Mullaitivu,28.74,0.17
2018-04-30,Mullaitivu,29.71,2.39
2018-05-07,Mullaitivu,29.06,5.41
2018-05-14,Mullaitivu,28.44,2.53
2018-05-21,Mullaitivu,27.83,5.97
2018-05-28,Mullaitivu,29.96,0.17
2018-06-04,Mullaitivu,30.0,0.24
2018-06-11,Mullaitivu,30.56,0.06
2018-06-18,Mullaitivu,30.75,0.06
2018-06-25,Mullaitivu,30.86,3.54
2018-07-02,Mullaitivu,30.33,3.61
2018-07-09,Mullaitivu,30.35,0.1
2018-07-16,Mullaitivu,31.16,0.01
2018-07-23,Mullaitivu,30.59,2.53
2018-07-30,Mullaitivu,30.56,0.14
2018-08-06,Mullaitivu,30.29,0.61
2018-08-13,Mullaitivu,29.88,0.67
2018-08-20,Mullaitivu,30.41,1.99
2018-08-27,Mullaitivu,29.96,4.43
2018-09-03,Mullaitivu,29.74,0.79
2018-09-10,Mullaitivu,29.59,0.23
2018-09-17,Mullaitivu,30.38,1.49
2018-09-24,Mullaitivu,27.42,4.66
2018-10-01,Mullaitivu,27.01,12.26
2018-10-08,Mullaitivu,27.89,4.4
2018-10-15,Mullaitivu,26.71,6.51
2018-10-22,Mullaitivu,26.11,15.93
2018-10-29,Mullaitivu,26.15,16.16
2018-11-05,Mullaitivu,26.31,15.11
2018-11-12,Mullaitivu,26.58,2.79
2018-11-19,Mullaitivu,26.11,25.33
2018-11-26,Mullaitivu,26.36,4.73
2018-12-03,Mullaitivu,26.56,10.43
2018-12-10,Mullaitivu,26.15,1.04
2018-12-17,Mullaitivu,25.61,6.79
2018-12-24,Mullaitivu,25.84,4.06
2018-12-31,Mullaitivu,25.59,0.69
2019-01-07,Mullaitivu,25.66,1.49
2019-01-14,Mullaitivu,25.58,0.27
2019-01-21,Mullaitivu,25.84,0.7
2019-01-28,Mullaitivu,26.21,1.2
2019-02-04,Mullaitivu,26.28,2.89
2019-02-11,Mullaitivu,26.87,1.5
2019-02-18,Mullaitivu,27.09,0.1
2019-02-25,Mullaitivu,27.34,1.0
2019-03-04,Mullaitivu,28.03,0.06
2019-03-11,Mullaitivu,27.91,0.21
2019-03-18,Mullaitivu,28.28,0.24
2019-03-25,Mullaitivu,27.84,0.0
2019-04-01,Mullaitivu,28.36,0.0
2019-04-08,Mullaitivu,29.12,0.1
2019-04-15,Mullaitivu,29.11,0.79
2019-04-22,Mullaitivu,29.78,0.3
2019-04-29,Mullaitivu,31.62,0.1
2019-05-06,Mullaitivu,32.11,0.0
2019-05-13,Mullaitivu,31.89,0.23
2019-05-20,Mullaitivu,30.79,2.09
2019-05-27,Mullaitivu,31.85,0.19
2019-06-03,Mullaitivu,31.31,1.1
2019-06-10,Mullaitivu,31.51,0.19
2019-06-17,Mullaitivu,32.19,0.0
2019-06-24,Mullaitivu,31.73,0.1
2019-07-01,Mullaitivu,31.56,0.0
2019-07-08,Mullaitivu,30.99,1.23
2019-07-15,Mullaitivu,30.46,0.8
2019-07-22,Mullaitivu,30.3,0.91
2019-07-29,Mullaitivu,31.26,0.01
2019-08-05,Mullaitivu,30.16,1.14
2019-08-12,Mullaitivu,30.3,4.51
2019-08-19,Mullaitivu,29.94,0.67
2019-08-26,Mullaitivu,30.49,0.37
2019-09-02,Mullaitivu,31.14,0.09
2019-09-09,Mullaitivu,29.85,4.89
2019-09-16,Mullaitivu,29.21,10.21
2019-09-23,Mullaitivu,27.51,4.89
2019-09-30,Mullaitivu,27.11,2.93
2019-10-07,Mullaitivu,27.29,1.63
2019-10-14,Mullaitivu,26.81,9.41
2019-10-21,Mullaitivu,26.41,12.2
2019-10-28,Mullaitivu,26.46,8.89
2019-11-04,Mullaitivu,27.44,1.69
2019-11-11,Mullaitivu,26.73,5.21
2019-11-18,Mullaitivu,27.24,4.53
2019-11-25,Mullaitivu,26.57,16.21
2019-12-02,Mullaitivu,26.19,10.8
2019-12-09,Mullaitivu,26.24,5.24
2019-12-16,Mullaitivu,26.5,5.77
2019-12-23,Mullaitivu,26.3,10.86
2019-12-30,Mullaitivu,26.66,1.91
2020-01-06,Mullaitivu,26.59,0.89
2020-01-13,Mullaitivu,25.96,1.66
2020-01-20,Mullaitivu,26.79,1.97
2020-01-27,Mullaitivu,26.54,0.09
2020-02-03,Mullaitivu,26.74,1.14
2020-02-10,Mullaitivu,26.98,0.56
2020-02-17,Mullaitivu,26.8,1.96
2020-02-24,Mullaitivu,27.24,0.34
2020-03-02,Mullaitivu,27.03,0.23
2020-03-09,Mullaitivu,27.71,0.2
2020-03-16,Mullaitivu,27.93,0.71
2020-03-23,Mullaitivu,28.09,0.09
2020-03-30,Mullaitivu,28.24,1.84
2020-04-06,Mullaitivu,29.1,0.29
2020-04-13,Mullaitivu,29.18,0.57
2020-04-20,Mullaitivu,29.72,0.47
2020-04-27,Mullaitivu,29.9,0.8
2020-05-04,Mullaitivu,29.59,3.74
2020-05-11,Mullaitivu,28.76,2.97
2020-05-18,Mullaitivu,31.18,0.24
2020-05-25,Mullaitivu,31.12,0.67
2020-06-01,Mullaitivu,30.48,0.73
2020-06-08,Mullaitivu,31.11,0.69
2020-06-15,Mullaitivu,32.08,0.41
2020-06-22,Mullaitivu,29.48,2.99
2020-06-29,Mullaitivu,30.55,2.33
2020-07-06,Mullaitivu,29.75,6.3
2020-07-13,Mullaitivu,29.79,0.8
2020-07-20,Mullaitivu,28.99,2.44
2020-07-27,Mullaitivu,29.18,1.79
2020-08-03,Mullaitivu,29.56,0.81
2020-08-10,Mullaitivu,30.41,0.1
2020-08-17,Mullaitivu,30.67,0.77
2020-08-24,Mullaitivu,30.2,3.31
2020-08-31,Mullaitivu,28.64,7.57
2020-09-07,Mullaitivu,29.04,0.64
2020-09-14,Mullaitivu,30.46,0.54
2020-09-21,Mullaitivu,29.79,1.79
2020-09-28,Mullaitivu,30.11,2.16
2020-10-05,Mullaitivu,29.8,1.24
2020-10-12,Mullaitivu,30.15,2.64
2020-10-19,Mullaitivu,29.99,1.6
2020-10-26,Mullaitivu,28.08,1.53
2020-11-02,Mullaitivu,27.5,5.86
2020-11-09,Mullaitivu,26.61,15.01
2020-11-16,Mullaitivu,26.99,7.64
2020-11-23,Mullaitivu,26.23,18.66
2020-11-30,Mullaitivu,26.02,26.33
2020-12-07,Mullaitivu,26.19,1.96
2020-12-14,Mullaitivu,25.69,11.41
2020-12-21,Mullaitivu,25.5,15.57
2020-12-28,Mullaitivu,25.81,10.67
2021-01-04,Mullaitivu,25.75,9.99
2021-01-11,Mullaitivu,25.5,40.67
2021-01-18,Mullaitivu,26.03,3.84
2021-01-25,Mullaitivu,25.85,6.44
2021-02-01,Mullaitivu,25.81,2.43
2021-02-08,Mullaitivu,25.59,0.76
2021-02-15,Mullaitivu,25.76,2.14
2021-02-22,Mullaitivu,26.18,0.41
2021-03-01,Mullaitivu,26.99,0.39
2021-03-08,Mullaitivu,27.34,2.16
2021-03-15,Mullaitivu,27.56,0.44
2021-03-22,Mullaitivu,28.15,1.11
2021-03-29,Mullaitivu,29.91,0.09
2021-04-05,Mullaitivu,28.29,0.49
2021-04-12,Mullaitivu,28.06,5.19
2021-04-19,Mullaitivu,29.12,0.29
2021-04-26,Mullaitivu,28.7,1.79
2021-05-03,Mullaitivu,28.21,4.33
2021-05-10,Mullaitivu,29.15,3.76
2021-05-17,Mullaitivu,29.36,1.4
2021-05-24,Mullaitivu,30.22,0.14
2021-05-31,Mullaitivu,29.79,2.89
2021-06-07,Mullaitivu,30.04,0.59
2021-06-14,Mullaitivu,30.54,0.04
2021-06-21,Mullaitivu,30.29,3.56
2021-06-28,Mullaitivu,30.26,2.34
2021-07-05,Mullaitivu,29.68,2.01
2021-07-12,Mullaitivu,29.76,1.96
2021-07-19,Mullaitivu,30.41,0.17
2021-07-26,Mullaitivu,30.84,0.24
2021-08-02,Mullaitivu,30.9,2.56
2021-08-09,Mullaitivu,29.59,2.67
2021-08-16,Mullaitivu,29.31,1.46
2021-08-23,Mullaitivu,29.35,1.33
2021-08-30,Mullaitivu,29.41,3.59
2021-09-06,Mullaitivu,30.68,0.17
2021-09-13,Mullaitivu,30.21,7.34
2021-09-20,Mullaitivu,28.95,5.04
2021-09-27,Mullaitivu,28.01,4.8
2021-10-04,Mullaitivu,27.59,3.23
2021-10-11,Mullaitivu,29.11,1.21
2021-10-18,Mullaitivu,28.11,7.99
2021-10-25,Mullaitivu,26.66,16.29
2021-11-01,Mullaitivu,26.25,16.94
2021-11-08,Mullaitivu,26.27,12.63
2021-11-15,Mullaitivu,27.27,10.49
2021-11-22,Mullaitivu,25.94,18.93
2021-11-29,Mullaitivu,26.14,3.21
2021-12-06,Mullaitivu,26.74,3.37
2021-12-13,Mullaitivu,26.21,5.61
2021-12-20,Mullaitivu,26.16,0.63
2021-12-27,Mullaitivu,25.59,9.16
2022-01-03,Mullaitivu,26.0,2.51
2022-01-10,Mullaitivu,26.24,1.93
2022-01-17,Mullaitivu,25.25,0.53
2022-01-24,Mullaitivu,25.31,3.36
2022-01-31,Mullaitivu,25.69,0.09
2022-02-07,Mullaitivu,25.76,11.53
2022-02-14,Mullaitivu,26.3,1.03
2022-02-21,Mullaitivu,26.64,1.21
2022-02-28,Mullaitivu,26.7,1.29
2022-03-07,Mullaitivu,26.94,0.33
2022-03-14,Mullaitivu,27.57,0.1
2022-03-21,Mullaitivu,28.39,0.9
2022-03-28,Mullaitivu,28.14,1.19
2022-04-04,Mullaitivu,26.86,7.0
2022-04-11,Mullaitivu,28.01,5.39
2022-04-18,Mullaitivu,27.86,4.13
2022-04-25,Mullaitivu,29.01,1.4
2022-05-02,Mullaitivu,30.11,0.59
2022-05-09,Mullaitivu,30.05,0.57
2022-05-16,Mullaitivu,29.79,0.24
2022-05-23,Mullaitivu,29.89,0.23
2022-05-30,Mullaitivu,30.46,0.31
2022-06-06,Mullaitivu,30.3,0.13
2022-06-13,Mullaitivu,28.94,6.89
2022-06-20,Mullaitivu,30.1,1.23
2022-06-27,Mullaitivu,30.69,0.87
2022-07-04,Mullaitivu,30.83,0.17
2022-07-11,Mullaitivu,30.23,0.21
2022-07-18,Mullaitivu,29.06,3.14
2022-07-25,Mullaitivu,27.76,2.33
2022-08-01,Mullaitivu,28.37,2.73
2022-08-08,Mullaitivu,29.8,0.36
2022-08-15,Mullaitivu,29.52,2.31
2022-08-22,Mullaitivu,28.75,4.96
2022-08-29,Mullaitivu,27.51,4.2
2022-09-05,Mullaitivu,28.48,0.96
2022-09-12,Mullaitivu,29.27,0.69
2022-09-19,Mullaitivu,29.83,0.34
2022-09-26,Mullaitivu,29.49,3.11
2022-10-03,Mullaitivu,28.69,7.5
2022-10-10,Mullaitivu,26.86,9.99
2022-10-17,Mullaitivu,26.46,7.21
2022-10-24,Mullaitivu,26.89,5.13
2022-10-31,Mullaitivu,26.02,17.0
2022-11-07,Mullaitivu,26.17,13.53
2022-11-14,Mullaitivu,26.53,1.76
2022-11-21,Mullaitivu,26.46,0.34
2022-11-28,Mullaitivu,26.42,6.47
2022-12-05,Mullaitivu,25.29,18.63
2022-12-12,Mullaitivu,26.32,2.27
2022-12-19,Mullaitivu,25.53,10.11
2022-12-26,Mullaitivu,26.05,1.8
2023-01-02,Mullaitivu,25.52,8.07
2023-01-09,Mullaitivu,25.4,0.0
2023-01-16,Mullaitivu,25.59,1.76
2023-01-23,Mullaitivu,25.38,1.51
2023-01-30,Mullaitivu,25.36,23.17
2023-02-06,Mullaitivu,25.91,1.33
2023-02-13,Mullaitivu,25.84,0.37
2023-02-20,Mullaitivu,25.95,0.17
2023-02-27,Mullaitivu,26.34,3.41
2023-03-06,Mullaitivu,26.94,1.03
2023-03-13,Mullaitivu,27.52,1.86
2023-03-20,Mullaitivu,27.64,2.19
2023-03-27,Mullaitivu,27.76,0.16
2023-04-03,Mullaitivu,28.27,0.4
2023-04-10,Mullaitivu,28.95,0.06
2023-04-17,Mullaitivu,29.62,1.61
2023-04-24,Mullaitivu,28.12,7.2
2023-05-01,Mullaitivu,27.48,7.31
2023-05-08,Mullaitivu,29.27,1.7
2023-05-15,Mullaitivu,30.58,1.43
2023-05-22,Mullaitivu,30.69,0.37
2023-05-29,Mullaitivu,31.18,0.27
2023-06-05,Mullaitivu,31.71,0.13
2023-06-12,Mullaitivu,31.17,2.51
2023-06-19,Mullaitivu,30.41,0.76
2023-06-26,Mullaitivu,30.79,0.66
2023-07-03,Mullaitivu,30.03,0.51
2023-07-10,Mullaitivu,30.75,2.0
2023-07-17,Mullaitivu,31.71,0.06
2023-07-24,Mullaitivu,31.52,0.34
2023-07-31,Mullaitivu,31.6,0.54
2023-08-07,Mullaitivu,30.36,1.49
2023-08-14,Mullaitivu,30.73,0.33
2023-08-21,Mullaitivu,30.75,1.11
2023-08-28,Mullaitivu,30.0,9.23
2023-09-04,Mullaitivu,29.71,0.17
2023-09-11,Mullaitivu,30.69,1.07
2023-09-18,Mullaitivu,29.8,4.14
2023-09-25,Mullaitivu,30.09,1.93
2023-10-02,Mullaitivu,29.34,8.71
2023-10-09,Mullaitivu,27.78,14.24
2023-10-16,Mullaitivu,27.16,6.53
2023-10-23,Mullaitivu,27.27,3.47
2023-10-30,Mullaitivu,26.81,10.0
2023-11-06,Mullaitivu,26.36,17.3
2023-11-13,Mullaitivu,26.03,17.11
2023-11-20,Mullaitivu,26.72,19.26
2023-11-27,Mullaitivu,26.31,19.87
2023-12-04,Mullaitivu,26.99,6.74
2023-12-11,Mullaitivu,26.39,17.54
2023-12-18,Mullaitivu,25.94,10.41
2023-12-25,Mullaitivu,26.57,6.33
2024-01-01,Mullaitivu,26.86,2.94
2024-01-08,Mullaitivu,26.79,5.59
2024-01-15,Mullaitivu,26.25,4.37
2024-01-22,Mullaitivu,27.11,0.37
2024-01-29,Mullaitivu,26.99,1.86
2024-02-05,Mullaitivu,27.57,0.23
2024-02-12,Mullaitivu,27.72,1.01
2024-02-19,Mullaitivu,27.89,0.16
2024-02-26,Mullaitivu,28.22,0.31
2024-03-04,Mullaitivu,27.73,0.0
2024-03-11,Mullaitivu,28.44,0.01
2024-03-18,Mullaitivu,28.29,2.43
2024-03-25,Mullaitivu,28.36,0.91
2024-04-01,Mullaitivu,29.4,0.04
2024-04-08,Mullaitivu,28.93,4.73
2024-04-15,Mullaitivu,29.6,0.39
2024-04-22,Mullaitivu,29.74,0.04
2024-04-29,Mullaitivu,31.49,0.19
2024-05-06,Mullaitivu,30.4,7.31
2024-05-13,Mullaitivu,28.26,21.24
2024-05-20,Mullaitivu,28.99,3.57
2024-05-27,Mullaitivu,30.6,6.0
2024-06-03,Mullaitivu,29.4,1.71
2024-06-10,Mullaitivu,30.45,0.01
2024-06-17,Mullaitivu,30.72,0.3
2024-06-24,Mullaitivu,31.03,0.31
2024-07-01,Mullaitivu,30.81,1.3
2024-07-08,Mullaitivu,31.0,0.66
2024-07-15,Mullaitivu,30.93,0.27
2024-07-22,Mullaitivu,32.21,0.04
2024-07-29,Mullaitivu,31.4,1.09
2024-08-05,Mullaitivu,28.71,8.3
2024-08-12,Mullaitivu,28.66,4.39
2024-08-19,Mullaitivu,29.24,2.26
2024-08-26,Mullaitivu,30.16,0.21
2024-09-02,Mullaitivu,31.11,0.94
2024-09-09,Mullaitivu,31.74,0.21
2024-09-16,Mullaitivu,31.56,0.27
2024-09-23,Mullaitivu,30.26,0.41
2024-09-30,Mullaitivu,29.19,4.61
2024-10-07,Mullaitivu,27.24,17.31
2024-10-14,Mullaitivu,27.88,4.11
2024-10-21,Mullaitivu,27.69,6.54
2024-10-28,Mullaitivu,27.22,6.36
2024-11-04,Mullaitivu,26.7,8.03
2024-11-11,Mullaitivu,26.94,8.54
2024-11-18,Mullaitivu,25.99,21.07
2024-11-25,Mullaitivu,25.73,69.23
2024-12-02,Mullaitivu,27.35,0.47
2024-12-09,Mullaitivu,26.41,16.01
2024-12-16,Mullaitivu,26.51,7.07
2024-12-23,Mullaitivu,26.41,3.31
2024-12-30,Mullaitivu,26.26,6.63
2025-01-06,Mullaitivu,25.82,3.47
2025-01-13,Mullaitivu,25.7,14.37
2025-01-20,Mullaitivu,26.06,4.06
2025-01-27,Mullaitivu,26.48,2.56
2025-02-03,Mullaitivu,26.61,0.31
2025-02-10,Mullaitivu,26.34,0.23
2025-02-17,Mullaitivu,27.14,0.01
2025-02-24,Mullaitivu,26.42,12.53
2025-03-03,Mullaitivu,26.82,0.01
2025-03-10,Mullaitivu,26.89,7.07
2025-03-17,Mullaitivu,27.96,0.96
2025-03-24,Mullaitivu,27.83,0.14
2025-03-31,Mullaitivu,27.7,3.94
2025-04-07,Mullaitivu,28.89,1.37
2025-04-14,Mullaitivu,29.39,0.66
2025-04-21,Mullaitivu,29.38,5.34
2025-04-28,Mullaitivu,28.99,7.37
2025-05-05,Mullaitivu,29.78,1.44
2025-05-12,Mullaitivu,30.01,3.11
2025-05-19,Mullaitivu,30.29,1.33
2025-05-26,Mullaitivu,31.04,0.54
2025-06-02,Mullaitivu,31.09,0.71
2025-06-09,Mullaitivu,30.49,0.49
2025-06-16,Mullaitivu,31.24,0.4
2025-06-23,Mullaitivu,30.99,0.24
2025-06-30,Mullaitivu,31.21,0.14
2025-07-07,Mullaitivu,30.96,1.01
2025-07-14,Mullaitivu,30.47,1.93
2025-07-21,Mullaitivu,30.46,0.16
2025-07-28,Mullaitivu,29.6,3.13
2025-08-04,Mullaitivu,28.96,5.7
2025-08-11,Mullaitivu,29.21,1.4
2025-08-18,Mullaitivu,29.54,0.39
2025-08-25,Mullaitivu,30.36,0.39
2025-09-01,Mullaitivu,30.31,4.54
2025-09-08,Mullaitivu,29.19,3.73
2025-09-15,Mullaitivu,29.09,3.39
2025-09-22,Mullaitivu,29.78,0.49
2025-09-29,Mullaitivu,29.74,5.11
2025-10-06,Mullaitivu,28.32,4.84
2025-10-13,Mullaitivu,27.31,14.3
2025-10-20,Mullaitivu,26.56,12.91
2025-10-27,Mullaitivu,28.36,1.07
2025-11-03,Mullaitivu,27.83,3.57
2025-11-10,Mullaitivu,26.34,21.5
2025-11-17,Mullaitivu,26.0,23.1
2025-11-24,Mullaitivu,25.41,57.74
2025-12-01,Mullaitivu,26.73,8.53
2025-12-08,Mullaitivu,25.39,16.91
2025-12-15,Mullaitivu,25.94,6.13
2025-12-22,Mullaitivu,26.04,2.1
2025-12-29,Mullaitivu,25.99,4.56
2026-01-05,Mullaitivu,25.44,12.74
2026-01-12,Mullaitivu,25.52,4.34
2026-01-19,Mullaitivu,25.55,2.57
2026-01-26,Mullaitivu,25.72,4.23
2026-02-02,Mullaitivu,26.36,1.33
2026-02-09,Mullaitivu,26.06,1.6
2026-02-16,Mullaitivu,25.91,6.01
2026-02-23,Mullaitivu,26.5,0.67
2026-03-02,Mullaitivu,26.41,0.2
2026-03-09,Mullaitivu,27.38,1.07
2026-03-16,Mullaitivu,27.66,2.63
2026-03-23,Mullaitivu,28.19,0.0
2026-03-30,Mullaitivu,28.48,1.36
2026-04-06,Mullaitivu,29.5,0.61
2026-04-13,Mullaitivu,29.26,0.61
2026-04-20,Mullaitivu,29.44,0.73
2026-04-27,Mullaitivu,30.61,1.73
2026-05-04,Mullaitivu,29.17,10.27
2026-05-11,Mullaitivu,27.88,13.23
2026-05-18,Mullaitivu,30.54,0.2
2026-05-25,Mullaitivu,30.86,0.34
2026-06-01,Mullaitivu,31.09,0.36
2026-06-08,Mullaitivu,30.43,1.23
2026-06-15,Mullaitivu,30.64,1.06
2026-06-22,Mullaitivu,31.19,1.79
2026-06-29,Mullaitivu,31.47,0.67
2026-07-06,Mullaitivu,31.66,0.77
2026-07-13,Mullaitivu,31.03,0.3
2026-07-20,Mullaitivu,31.09,1.3
2026-07-27,Mullaitivu,31.6,0.25
2013-12-30,Nuwara Eliya,17.01,4.52
2014-01-06,Nuwara Eliya,17.14,4.51
2014-01-13,Nuwara Eliya,17.18,5.43
2014-01-20,Nuwara Eliya,16.61,0.03
2014-01-27,Nuwara Eliya,16.95,3.51
2014-02-03,Nuwara Eliya,16.49,0.0
2014-02-10,Nuwara Eliya,17.31,0.01
2014-02-17,Nuwara Eliya,18.14,2.97
2014-02-24,Nuwara Eliya,18.15,1.21
2014-03-03,Nuwara Eliya,18.03,3.47
2014-03-10,Nuwara Eliya,17.71,0.1
2014-03-17,Nuwara Eliya,18.41,4.56
2014-03-24,Nuwara Eliya,18.36,0.4
2014-03-31,Nuwara Eliya,18.99,5.76
2014-04-07,Nuwara Eliya,18.42,2.34
2014-04-14,Nuwara Eliya,18.86,1.67
2014-04-21,Nuwara Eliya,19.13,9.01
2014-04-28,Nuwara Eliya,18.8,21.84
2014-05-05,Nuwara Eliya,18.73,10.73
2014-05-12,Nuwara Eliya,19.04,3.46
2014-05-19,Nuwara Eliya,19.5,1.46
2014-05-26,Nuwara Eliya,19.39,4.2
2014-06-02,Nuwara Eliya,19.11,6.64
2014-06-09,Nuwara Eliya,19.59,3.63
2014-06-16,Nuwara Eliya,18.89,3.3
2014-06-23,Nuwara Eliya,18.99,2.03
2014-06-30,Nuwara Eliya,19.4,4.43
2014-07-07,Nuwara Eliya,18.64,5.06
2014-07-14,Nuwara Eliya,18.67,2.56
2014-07-21,Nuwara Eliya,19.14,2.47
2014-07-28,Nuwara Eliya,18.91,4.77
2014-08-04,Nuwara Eliya,18.81,4.67
2014-08-11,Nuwara Eliya,18.38,8.49
2014-08-18,Nuwara Eliya,18.25,9.93
2014-08-25,Nuwara Eliya,18.13,2.11
2014-09-01,Nuwara Eliya,18.44,8.09
2014-09-08,Nuwara Eliya,18.46,5.87
2014-09-15,Nuwara Eliya,18.57,3.59
2014-09-22,Nuwara Eliya,18.63,14.26
2014-09-29,Nuwara Eliya,18.23,20.4
2014-10-06,Nuwara Eliya,18.48,4.97
2014-10-13,Nuwara Eliya,17.96,24.4
2014-10-20,Nuwara Eliya,17.92,16.74
2014-10-27,Nuwara Eliya,17.49,11.59
2014-11-03,Nuwara Eliya,17.31,4.89
2014-11-10,Nuwara Eliya,17.66,7.99
2014-11-17,Nuwara Eliya,17.45,25.09
2014-11-24,Nuwara Eliya,17.21,18.64
2014-12-01,Nuwara Eliya,17.79,4.27
2014-12-08,Nuwara Eliya,17.59,9.61
2014-12-15,Nuwara Eliya,17.34,33.24
2014-12-22,Nuwara Eliya,16.19,47.37
2014-12-29,Nuwara Eliya,17.58,1.94
2015-01-05,Nuwara Eliya,16.88,0.3
2015-01-12,Nuwara Eliya,17.38,0.34
2015-01-19,Nuwara Eliya,16.89,1.07
2015-01-26,Nuwara Eliya,17.76,3.13
2015-02-02,Nuwara Eliya,17.41,4.1
2015-02-09,Nuwara Eliya,17.29,10.41
2015-02-16,Nuwara Eliya,15.64,0.31
2015-02-23,Nuwara Eliya,17.5,10.11
2015-03-02,Nuwara Eliya,17.46,1.9
2015-03-09,Nuwara Eliya,17.37,6.76
2015-03-16,Nuwara Eliya,17.76,0.09
2015-03-23,Nuwara Eliya,18.44,4.5
2015-03-30,Nuwara Eliya,18.65,9.7
2015-04-06,Nuwara Eliya,18.53,9.99
2015-04-13,Nuwara Eliya,18.33,12.34
2015-04-20,Nuwara Eliya,18.55,11.54
2015-04-27,Nuwara Eliya,18.61,4.44
2015-05-04,Nuwara Eliya,18.72,20.09
2015-05-11,Nuwara Eliya,18.78,8.46
2015-05-18,Nuwara Eliya,19.46,2.26
2015-05-25,Nuwara Eliya,19.81,3.29
2015-06-01,Nuwara Eliya,18.94,6.99
2015-06-08,Nuwara Eliya,18.79,2.44
2015-06-15,Nuwara Eliya,18.8,2.84
2015-06-22,Nuwara Eliya,18.93,4.0
2015-06-29,Nuwara Eliya,18.9,3.87
2015-07-06,Nuwara Eliya,19.01,2.37
2015-07-13,Nuwara Eliya,18.79,8.49
2015-07-20,Nuwara Eliya,18.55,4.89
2015-07-27,Nuwara Eliya,18.38,2.1
2015-08-03,Nuwara Eliya,18.91,3.71
2015-08-10,Nuwara Eliya,19.02,10.1
2015-08-17,Nuwara Eliya,18.49,7.57
2015-08-24,Nuwara Eliya,18.59,4.37
2015-08-31,Nuwara Eliya,18.64,9.33
2015-09-07,Nuwara Eliya,18.21,5.06
2015-09-14,Nuwara Eliya,19.03,6.26
2015-09-21,Nuwara Eliya,18.59,14.99
2015-09-28,Nuwara Eliya,18.04,10.07
2015-10-05,Nuwara Eliya,18.46,6.21
2015-10-12,Nuwara Eliya,18.36,23.8
2015-10-19,Nuwara Eliya,18.16,34.74
2015-10-26,Nuwara Eliya,17.58,29.26
2015-11-02,Nuwara Eliya,17.92,19.6
2015-11-09,Nuwara Eliya,17.73,14.07
2015-11-16,Nuwara Eliya,18.01,8.33
2015-11-23,Nuwara Eliya,17.75,7.46
2015-11-30,Nuwara Eliya,17.94,14.87
2015-12-07,Nuwara Eliya,18.41,17.01
2015-12-14,Nuwara Eliya,17.59,6.11
2015-12-21,Nuwara Eliya,17.06,1.44
2015-12-28,Nuwara Eliya,17.85,2.9
2016-01-04,Nuwara Eliya,17.81,3.56
2016-01-11,Nuwara Eliya,17.74,0.11
2016-01-18,Nuwara Eliya,18.39,2.23
2016-01-25,Nuwara Eliya,17.77,1.06
2016-02-01,Nuwara Eliya,17.51,0.03
2016-02-08,Nuwara Eliya,19.18,0.29
2016-02-15,Nuwara Eliya,18.34,4.01
2016-02-22,Nuwara Eliya,18.32,1.89
2016-02-29,Nuwara Eliya,19.09,0.63
2016-03-07,Nuwara Eliya,20.13,0.31
2016-03-14,Nuwara Eliya,20.75,0.0
2016-03-21,Nuwara Eliya,20.76,0.06
2016-03-28,Nuwara Eliya,19.33,7.27
2016-04-04,Nuwara Eliya,19.78,3.14
2016-04-11,Nuwara Eliya,19.86,2.8
2016-04-18,Nuwara Eliya,20.31,3.06
2016-04-25,Nuwara Eliya,20.01,7.26
2016-05-02,Nuwara Eliya,19.46,6.61
2016-05-09,Nuwara Eliya,18.56,37.7
2016-05-16,Nuwara Eliya,19.36,23.4
2016-05-23,Nuwara Eliya,19.81,3.66
2016-05-30,Nuwara Eliya,19.14,2.77
2016-06-06,Nuwara Eliya,19.19,3.89
2016-06-13,Nuwara Eliya,18.66,4.24
2016-06-20,Nuwara Eliya,18.27,7.1
2016-06-27,Nuwara Eliya,19.11,2.33
2016-07-04,Nuwara Eliya,19.15,2.9
2016-07-11,Nuwara Eliya,18.61,10.09
2016-07-18,Nuwara Eliya,18.42,3.86
2016-07-25,Nuwara Eliya,18.22,11.33
2016-08-01,Nuwara Eliya,18.48,1.11
2016-08-08,Nuwara Eliya,18.79,3.04
2016-08-15,Nuwara Eliya,18.74,4.06
2016-08-22,Nuwara Eliya,18.61,6.71
2016-08-29,Nuwara Eliya,18.59,5.43
2016-09-05,Nuwara Eliya,18.21,0.99
2016-09-12,Nuwara Eliya,18.78,4.27
2016-09-19,Nuwara Eliya,18.86,1.79
2016-09-26,Nuwara Eliya,19.01,2.23
2016-10-03,Nuwara Eliya,18.36,2.06
2016-10-10,Nuwara Eliya,18.72,7.6
2016-10-17,Nuwara Eliya,17.91,5.96
2016-10-24,Nuwara Eliya,17.74,9.0
2016-10-31,Nuwara Eliya,18.09,16.96
2016-11-07,Nuwara Eliya,17.44,4.96
2016-11-14,Nuwara Eliya,17.59,15.87
2016-11-21,Nuwara Eliya,18.05,9.13
2016-11-28,Nuwara Eliya,17.36,0.14
2016-12-05,Nuwara Eliya,17.6,1.61
2016-12-12,Nuwara Eliya,17.19,2.1
2016-12-19,Nuwara Eliya,17.46,2.19
2016-12-26,Nuwara Eliya,17.14,3.93
2017-01-02,Nuwara Eliya,13.68,0.57
2017-01-09,Nuwara Eliya,13.29,0.01
2017-01-16,Nuwara Eliya,14.51,2.53
2017-01-23,Nuwara Eliya,15.7,14.5
2017-01-30,Nuwara Eliya,14.29,0.77
2017-02-06,Nuwara Eliya,15.21,1.59
2017-02-13,Nuwara Eliya,14.33,3.87
2017-02-20,Nuwara Eliya,15.49,2.43
2017-02-27,Nuwara Eliya,15.44,5.97
2017-03-06,Nuwara Eliya,16.87,3.01
2017-03-13,Nuwara Eliya,16.09,1.51
2017-03-20,Nuwara Eliya,15.59,0.21
2017-03-27,Nuwara Eliya,16.89,3.0
2017-04-03,Nuwara Eliya,16.77,4.24
2017-04-10,Nuwara Eliya,17.01,2.36
2017-04-17,Nuwara Eliya,18.14,0.01
2017-04-24,Nuwara Eliya,18.43,0.39
2017-05-01,Nuwara Eliya,18.26,3.46
2017-05-08,Nuwara Eliya,17.84,3.1
2017-05-15,Nuwara Eliya,18.31,4.29
2017-05-22,Nuwara Eliya,17.39,3.44
2017-05-29,Nuwara Eliya,16.52,3.07
2017-06-05,Nuwara Eliya,16.97,0.27
2017-06-12,Nuwara Eliya,17.61,1.54
2017-06-19,Nuwara Eliya,16.91,3.44
2017-06-26,Nuwara Eliya,16.51,1.13
2017-07-03,Nuwara Eliya,16.86,0.61
2017-07-10,Nuwara Eliya,16.49,0.31
2017-07-17,Nuwara Eliya,17.19,0.16
2017-07-24,Nuwara Eliya,17.46,1.04
2017-07-31,Nuwara Eliya,16.96,0.79
2017-08-07,Nuwara Eliya,17.51,1.91
2017-08-14,Nuwara Eliya,16.51,2.0
2017-08-21,Nuwara Eliya,16.45,1.13
2017-08-28,Nuwara Eliya,16.86,6.1
2017-09-04,Nuwara Eliya,16.4,6.76
2017-09-11,Nuwara Eliya,16.34,1.56
2017-09-18,Nuwara Eliya,16.29,0.71
2017-09-25,Nuwara Eliya,16.53,0.64
2017-10-02,Nuwara Eliya,17.18,2.5
2017-10-09,Nuwara Eliya,16.48,3.27
2017-10-16,Nuwara Eliya,16.48,1.91
2017-10-23,Nuwara Eliya,16.84,15.79
2017-10-30,Nuwara Eliya,16.35,12.53
2017-11-06,Nuwara Eliya,15.95,6.27
2017-11-13,Nuwara Eliya,15.99,0.74
2017-11-20,Nuwara Eliya,15.29,10.21
2017-11-27,Nuwara Eliya,15.61,28.33
2017-12-04,Nuwara Eliya,15.81,2.79
2017-12-11,Nuwara Eliya,15.43,2.47
2017-12-18,Nuwara Eliya,14.21,2.71
2017-12-25,Nuwara Eliya,15.24,3.16
2018-01-01,Nuwara Eliya,13.75,0.3
2018-01-08,Nuwara Eliya,14.48,2.0
2018-01-15,Nuwara Eliya,14.22,0.06
2018-01-22,Nuwara Eliya,15.64,0.51
2018-01-29,Nuwara Eliya,15.6,5.76
2018-02-05,Nuwara Eliya,16.13,2.1
2018-02-12,Nuwara Eliya,15.53,1.3
2018-02-19,Nuwara Eliya,16.2,2.24
2018-02-26,Nuwara Eliya,15.98,11.09
2018-03-05,Nuwara Eliya,15.64,4.19
2018-03-12,Nuwara Eliya,16.32,4.09
2018-03-19,Nuwara Eliya,16.2,0.4
2018-03-26,Nuwara Eliya,17.36,3.09
2018-04-02,Nuwara Eliya,17.04,3.54
2018-04-09,Nuwara Eliya,16.78,5.56
2018-04-16,Nuwara Eliya,17.24,1.17
2018-04-23,Nuwara Eliya,17.79,2.5
2018-04-30,Nuwara Eliya,17.69,2.37
2018-05-07,Nuwara Eliya,16.84,13.64
2018-05-14,Nuwara Eliya,16.64,10.21
2018-05-21,Nuwara Eliya,17.0,11.74
2018-05-28,Nuwara Eliya,16.98,2.07
2018-06-04,Nuwara Eliya,16.89,6.53
2018-06-11,Nuwara Eliya,16.52,1.67
2018-06-18,Nuwara Eliya,16.19,1.43
2018-06-25,Nuwara Eliya,16.46,2.04
2018-07-02,Nuwara Eliya,16.23,2.04
2018-07-09,Nuwara Eliya,15.41,8.61
2018-07-16,Nuwara Eliya,15.63,2.97
2018-07-23,Nuwara Eliya,16.15,2.39
2018-07-30,Nuwara Eliya,16.17,1.0
2018-08-06,Nuwara Eliya,15.28,5.23
2018-08-13,Nuwara Eliya,15.16,13.53
2018-08-20,Nuwara Eliya,16.27,1.1
2018-08-27,Nuwara Eliya,16.09,0.51
2018-09-03,Nuwara Eliya,16.23,0.14
2018-09-10,Nuwara Eliya,16.71,2.29
2018-09-17,Nuwara Eliya,16.05,3.77
2018-09-24,Nuwara Eliya,16.28,24.89
2018-10-01,Nuwara Eliya,16.79,43.97
2018-10-08,Nuwara Eliya,16.11,5.09
2018-10-15,Nuwara Eliya,16.04,22.47
2018-10-22,Nuwara Eliya,16.18,18.17
2018-10-29,Nuwara Eliya,16.19,11.61
2018-11-05,Nuwara Eliya,15.42,26.33
2018-11-12,Nuwara Eliya,15.54,11.36
2018-11-19,Nuwara Eliya,16.3,10.09
2018-11-26,Nuwara Eliya,15.3,4.6
2018-12-03,Nuwara Eliya,15.35,4.03
2018-12-10,Nuwara Eliya,14.94,0.43
2018-12-17,Nuwara Eliya,15.57,6.5
2018-12-24,Nuwara Eliya,14.73,3.76
2018-12-31,Nuwara Eliya,14.51,2.4
2019-01-07,Nuwara Eliya,15.19,2.4
2019-01-14,Nuwara Eliya,14.37,6.73
2019-01-21,Nuwara Eliya,15.5,1.59
2019-01-28,Nuwara Eliya,14.71,1.49
2019-02-04,Nuwara Eliya,15.91,12.5
2019-02-11,Nuwara Eliya,15.61,10.84
2019-02-18,Nuwara Eliya,15.34,0.19
2019-02-25,Nuwara Eliya,16.14,5.03
2019-03-04,Nuwara Eliya,16.57,2.3
2019-03-11,Nuwara Eliya,16.03,2.36
2019-03-18,Nuwara Eliya,16.54,4.59
2019-03-25,Nuwara Eliya,16.23,1.37
2019-04-01,Nuwara Eliya,16.97,2.63
2019-04-08,Nuwara Eliya,17.76,3.99
2019-04-15,Nuwara Eliya,17.44,6.93
2019-04-22,Nuwara Eliya,17.44,2.1
2019-04-29,Nuwara Eliya,17.73,2.04
2019-05-06,Nuwara Eliya,17.84,0.47
2019-05-13,Nuwara Eliya,17.56,1.41
2019-05-20,Nuwara Eliya,17.34,8.91
2019-05-27,Nuwara Eliya,17.84,1.2
2019-06-03,Nuwara Eliya,17.86,3.74
2019-06-10,Nuwara Eliya,17.66,1.01
2019-06-17,Nuwara Eliya,17.29,2.47
2019-06-24,Nuwara Eliya,16.91,0.51
2019-07-01,Nuwara Eliya,17.73,0.19
2019-07-08,Nuwara Eliya,17.66,2.74
2019-07-15,Nuwara Eliya,16.54,3.56
2019-07-22,Nuwara Eliya,16.04,1.3
2019-07-29,Nuwara Eliya,17.11,0.43
2019-08-05,Nuwara Eliya,16.48,4.13
2019-08-12,Nuwara Eliya,16.19,4.59
2019-08-19,Nuwara Eliya,16.11,6.84
2019-08-26,Nuwara Eliya,15.99,2.7
2019-09-02,Nuwara Eliya,16.62,0.49
2019-09-09,Nuwara Eliya,16.71,5.06
2019-09-16,Nuwara Eliya,16.85,8.74
2019-09-23,Nuwara Eliya,15.75,4.81
2019-09-30,Nuwara Eliya,16.16,10.74
2019-10-07,Nuwara Eliya,16.31,10.94
2019-10-14,Nuwara Eliya,16.26,10.94
2019-10-21,Nuwara Eliya,15.85,7.16
2019-10-28,Nuwara Eliya,15.43,13.43
2019-11-04,Nuwara Eliya,15.89,6.73
2019-11-11,Nuwara Eliya,16.09,3.9
2019-11-18,Nuwara Eliya,15.55,7.04
2019-11-25,Nuwara Eliya,15.9,14.56
2019-12-02,Nuwara Eliya,15.54,8.61
2019-12-09,Nuwara Eliya,14.99,16.64
2019-12-16,Nuwara Eliya,15.61,10.16
2019-12-23,Nuwara Eliya,15.5,1.26
2019-12-30,Nuwara Eliya,15.46,1.3
2020-01-06,Nuwara Eliya,14.85,1.3
2020-01-13,Nuwara Eliya,15.49,1.41
2020-01-20,Nuwara Eliya,15.61,2.71
2020-01-27,Nuwara Eliya,15.19,0.31
2020-02-03,Nuwara Eliya,15.44,1.06
2020-02-10,Nuwara Eliya,15.69,4.69
2020-02-17,Nuwara Eliya,15.74,3.71
2020-02-24,Nuwara Eliya,16.0,1.34
2020-03-02,Nuwara Eliya,17.09,2.19
2020-03-09,Nuwara Eliya,17.87,0.86
2020-03-16,Nuwara Eliya,17.16,3.03
2020-03-23,Nuwara Eliya,17.06,1.23
2020-03-30,Nuwara Eliya,18.0,4.24
2020-04-06,Nuwara Eliya,17.41,3.41
2020-04-13,Nuwara Eliya,17.46,16.27
2020-04-20,Nuwara Eliya,17.51,3.64
2020-04-27,Nuwara Eliya,17.49,0.9
2020-05-04,Nuwara Eliya,17.63,13.44
2020-05-11,Nuwara Eliya,17.87,11.3
2020-05-18,Nuwara Eliya,17.29,4.17
2020-05-25,Nuwara Eliya,18.11,3.07
2020-06-01,Nuwara Eliya,16.74,2.21
2020-06-08,Nuwara Eliya,16.89,1.69
2020-06-15,Nuwara Eliya,17.14,0.49
2020-06-22,Nuwara Eliya,16.75,1.13
2020-06-29,Nuwara Eliya,17.18,0.91
2020-07-06,Nuwara Eliya,16.71,4.53
2020-07-13,Nuwara Eliya,16.85,2.8
2020-07-20,Nuwara Eliya,16.19,3.44
2020-07-27,Nuwara Eliya,16.19,3.43
2020-08-03,Nuwara Eliya,15.96,8.23
2020-08-10,Nuwara Eliya,16.03,0.63
2020-08-17,Nuwara Eliya,16.91,0.34
2020-08-24,Nuwara Eliya,16.52,2.99
2020-08-31,Nuwara Eliya,16.09,7.47
2020-09-07,Nuwara Eliya,15.71,4.56
2020-09-14,Nuwara Eliya,16.06,5.99
2020-09-21,Nuwara Eliya,16.32,5.93
2020-09-28,Nuwara Eliya,16.04,1.26
2020-10-05,Nuwara Eliya,16.64,2.03
2020-10-12,Nuwara Eliya,15.49,7.3
2020-10-19,Nuwara Eliya,16.26,1.03
2020-10-26,Nuwara Eliya,16.24,1.99
2020-11-02,Nuwara Eliya,16.34,7.5
2020-11-09,Nuwara Eliya,16.47,10.76
2020-11-16,Nuwara Eliya,15.72,7.14
2020-11-23,Nuwara Eliya,15.81,0.96
2020-11-30,Nuwara Eliya,15.7,3.34
2020-12-07,Nuwara Eliya,15.64,2.39
2020-12-14,Nuwara Eliya,15.42,6.46
2020-12-21,Nuwara Eliya,15.21,15.63
2020-12-28,Nuwara Eliya,15.27,7.41
2021-01-04,Nuwara Eliya,15.97,12.39
2021-01-11,Nuwara Eliya,15.73,18.64
2021-01-18,Nuwara Eliya,15.23,3.11
2021-01-25,Nuwara Eliya,14.07,6.07
2021-02-01,Nuwara Eliya,14.91,3.49
2021-02-08,Nuwara Eliya,15.3,2.24
2021-02-15,Nuwara Eliya,15.44,2.91
2021-02-22,Nuwara Eliya,15.84,0.56
2021-03-01,Nuwara Eliya,15.59,2.4
2021-03-08,Nuwara Eliya,15.05,3.37
2021-03-15,Nuwara Eliya,15.82,3.2
2021-03-22,Nuwara Eliya,15.99,6.87
2021-03-29,Nuwara Eliya,17.21,0.41
2021-04-05,Nuwara Eliya,16.56,21.67
2021-04-12,Nuwara Eliya,16.47,9.71
2021-04-19,Nuwara Eliya,16.49,0.59
2021-04-26,Nuwara Eliya,16.71,6.39
2021-05-03,Nuwara Eliya,17.27,10.0
2021-05-10,Nuwara Eliya,17.23,21.2
2021-05-17,Nuwara Eliya,17.17,0.99
2021-05-24,Nuwara Eliya,16.24,9.17
2021-05-31,Nuwara Eliya,17.06,19.9
2021-06-07,Nuwara Eliya,16.59,2.57
2021-06-14,Nuwara Eliya,16.2,0.67
2021-06-21,Nuwara Eliya,16.46,0.8
2021-06-28,Nuwara Eliya,17.04,1.69
2021-07-05,Nuwara Eliya,16.51,9.56
2021-07-12,Nuwara Eliya,16.29,7.24
2021-07-19,Nuwara Eliya,16.13,5.27
2021-07-26,Nuwara Eliya,16.42,0.49
2021-08-02,Nuwara Eliya,16.47,1.63
2021-08-09,Nuwara Eliya,16.27,3.67
2021-08-16,Nuwara Eliya,16.33,1.17
2021-08-23,Nuwara Eliya,15.82,5.51
2021-08-30,Nuwara Eliya,15.9,2.26
2021-09-06,Nuwara Eliya,16.35,1.26
2021-09-13,Nuwara Eliya,16.99,4.54
2021-09-20,Nuwara Eliya,16.74,3.49
2021-09-27,Nuwara Eliya,15.99,8.04
2021-10-04,Nuwara Eliya,16.51,2.34
2021-10-11,Nuwara Eliya,16.29,2.01
2021-10-18,Nuwara Eliya,16.41,8.34
2021-10-25,Nuwara Eliya,16.1,10.76
2021-11-01,Nuwara Eliya,16.56,7.71
2021-11-08,Nuwara Eliya,15.86,7.5
2021-11-15,Nuwara Eliya,16.1,2.96
2021-11-22,Nuwara Eliya,15.84,16.44
2021-11-29,Nuwara Eliya,15.81,2.84
2021-12-06,Nuwara Eliya,15.09,3.44
2021-12-13,Nuwara Eliya,15.34,6.4
2021-12-20,Nuwara Eliya,13.99,1.37
2021-12-27,Nuwara Eliya,13.95,2.26
2022-01-03,Nuwara Eliya,14.69,3.47
2022-01-10,Nuwara Eliya,14.76,4.21
2022-01-17,Nuwara Eliya,14.01,1.14
2022-01-24,Nuwara Eliya,14.58,0.76
2022-01-31,Nuwara Eliya,14.74,1.37
2022-02-07,Nuwara Eliya,15.19,4.4
2022-02-14,Nuwara Eliya,15.66,2.13
2022-02-21,Nuwara Eliya,15.33,3.03
2022-02-28,Nuwara Eliya,15.12,2.2
2022-03-07,Nuwara Eliya,16.28,1.7
2022-03-14,Nuwara Eliya,16.51,1.47
2022-03-21,Nuwara Eliya,17.16,2.0
2022-03-28,Nuwara Eliya,17.14,3.24
2022-04-04,Nuwara Eliya,16.04,8.7
2022-04-11,Nuwara Eliya,16.86,5.0
2022-04-18,Nuwara Eliya,16.8,4.26
2022-04-25,Nuwara Eliya,17.13,4.26
2022-05-02,Nuwara Eliya,17.65,1.59
2022-05-09,Nuwara Eliya,16.93,15.7
2022-05-16,Nuwara Eliya,17.21,4.4
2022-05-23,Nuwara Eliya,16.81,2.8
2022-05-30,Nuwara Eliya,16.6,2.43
2022-06-06,Nuwara Eliya,16.65,2.31
2022-06-13,Nuwara Eliya,16.49,3.96
2022-06-20,Nuwara Eliya,16.03,1.27
2022-06-27,Nuwara Eliya,16.9,4.34
2022-07-04,Nuwara Eliya,15.36,5.51
2022-07-11,Nuwara Eliya,15.71,4.01
2022-07-18,Nuwara Eliya,16.54,4.01
2022-07-25,Nuwara Eliya,16.4,4.54
2022-08-01,Nuwara Eliya,15.0,20.74
2022-08-08,Nuwara Eliya,15.91,1.2
2022-08-15,Nuwara Eliya,16.48,1.89
2022-08-22,Nuwara Eliya,15.97,3.19
2022-08-29,Nuwara Eliya,15.99,9.5
2022-09-05,Nuwara Eliya,15.74,4.37
2022-09-12,Nuwara Eliya,16.25,0.3
2022-09-19,Nuwara Eliya,16.29,0.94
2022-09-26,Nuwara Eliya,16.02,8.17
2022-10-03,Nuwara Eliya,15.79,2.64
2022-10-10,Nuwara Eliya,16.05,10.99
2022-10-17,Nuwara Eliya,16.06,5.74
2022-10-24,Nuwara Eliya,15.48,3.51
2022-10-31,Nuwara Eliya,15.75,14.23
2022-11-07,Nuwara Eliya,15.65,7.07
2022-11-14,Nuwara Eliya,14.57,1.51
2022-11-21,Nuwara Eliya,15.23,0.33
2022-11-28,Nuwara Eliya,15.48,4.01
2022-12-05,Nuwara Eliya,14.15,2.57
2022-12-12,Nuwara Eliya,14.18,4.47
2022-12-19,Nuwara Eliya,15.29,10.09
2022-12-26,Nuwara Eliya,13.88,0.59
2023-01-02,Nuwara Eliya,13.87,3.26
2023-01-09,Nuwara Eliya,14.28,0.79
2023-01-16,Nuwara Eliya,13.67,4.73
2023-01-23,Nuwara Eliya,14.59,2.76
2023-01-30,Nuwara Eliya,15.11,4.8
2023-02-06,Nuwara Eliya,14.48,2.39
2023-02-13,Nuwara Eliya,15.08,1.74
2023-02-20,Nuwara Eliya,14.6,5.27
2023-02-27,Nuwara Eliya,14.01,4.91
2023-03-06,Nuwara Eliya,14.86,4.01
2023-03-13,Nuwara Eliya,16.21,4.44
2023-03-20,Nuwara Eliya,16.55,4.8
2023-03-27,Nuwara Eliya,16.5,1.19
2023-04-03,Nuwara Eliya,16.24,2.73
2023-04-10,Nuwara Eliya,16.82,1.21
2023-04-17,Nuwara Eliya,17.81,9.77
2023-04-24,Nuwara Eliya,17.23,8.56
2023-05-01,Nuwara Eliya,16.69,6.73
2023-05-08,Nuwara Eliya,17.8,1.34
2023-05-15,Nuwara Eliya,18.48,1.37
2023-05-22,Nuwara Eliya,17.46,1.89
2023-05-29,Nuwara Eliya,17.91,2.5
2023-06-05,Nuwara Eliya,17.71,0.84
2023-06-12,Nuwara Eliya,17.41,0.97
2023-06-19,Nuwara Eliya,17.72,1.39
2023-06-26,Nuwara Eliya,17.21,2.86
2023-07-03,Nuwara Eliya,15.92,12.76
2023-07-10,Nuwara Eliya,16.81,2.27
2023-07-17,Nuwara Eliya,16.21,1.31
2023-07-24,Nuwara Eliya,16.66,1.69
2023-07-31,Nuwara Eliya,17.21,0.87
2023-08-07,Nuwara Eliya,17.13,5.29
2023-08-14,Nuwara Eliya,16.75,0.63
2023-08-21,Nuwara Eliya,17.43,1.59
2023-08-28,Nuwara Eliya,17.44,6.09
2023-09-04,Nuwara Eliya,16.69,4.47
2023-09-11,Nuwara Eliya,16.93,5.21
2023-09-18,Nuwara Eliya,16.73,6.91
2023-09-25,Nuwara Eliya,16.77,5.86
2023-10-02,Nuwara Eliya,17.22,11.3
2023-10-09,Nuwara Eliya,16.64,19.27
2023-10-16,Nuwara Eliya,16.03,20.3
2023-10-23,Nuwara Eliya,15.92,5.63
2023-10-30,Nuwara Eliya,16.08,11.69
2023-11-06,Nuwara Eliya,16.35,18.56
2023-11-13,Nuwara Eliya,16.66,23.04
2023-11-20,Nuwara Eliya,15.66,10.24
2023-11-27,Nuwara Eliya,16.42,8.24
2023-12-04,Nuwara Eliya,16.57,7.63
2023-12-11,Nuwara Eliya,16.24,11.93
2023-12-18,Nuwara Eliya,15.24,14.97
2023-12-25,Nuwara Eliya,15.33,11.73
2024-01-01,Nuwara Eliya,16.16,8.64
2024-01-08,Nuwara Eliya,14.54,11.57
2024-01-15,Nuwara Eliya,15.1,1.5
2024-01-22,Nuwara Eliya,14.19,0.89
2024-01-29,Nuwara Eliya,15.66,7.73
2024-02-05,Nuwara Eliya,14.52,0.61
2024-02-12,Nuwara Eliya,15.34,4.07
2024-02-19,Nuwara Eliya,16.79,0.87
2024-02-26,Nuwara Eliya,15.79,1.63
2024-03-04,Nuwara Eliya,16.68,0.93
2024-03-11,Nuwara Eliya,16.79,0.83
2024-03-18,Nuwara Eliya,17.11,3.67
2024-03-25,Nuwara Eliya,17.64,5.21
2024-04-01,Nuwara Eliya,18.48,1.54
2024-04-08,Nuwara Eliya,17.41,5.51
2024-04-15,Nuwara Eliya,17.59,0.93
2024-04-22,Nuwara Eliya,18.31,0.84
2024-04-29,Nuwara Eliya,19.13,1.36
2024-05-06,Nuwara Eliya,18.54,8.47
2024-05-13,Nuwara Eliya,17.65,6.84
2024-05-20,Nuwara Eliya,17.09,25.0
2024-05-27,Nuwara Eliya,18.11,8.96
2024-06-03,Nuwara Eliya,17.96,1.8
2024-06-10,Nuwara Eliya,17.49,0.34
2024-06-17,Nuwara Eliya,17.33,4.49
2024-06-24,Nuwara Eliya,16.37,6.46
2024-07-01,Nuwara Eliya,17.28,2.87
2024-07-08,Nuwara Eliya,16.59,4.37
2024-07-15,Nuwara Eliya,16.17,3.94
2024-07-22,Nuwara Eliya,16.71,2.74
2024-07-29,Nuwara Eliya,16.77,2.57
2024-08-05,Nuwara Eliya,16.78,2.07
2024-08-12,Nuwara Eliya,17.32,6.0
2024-08-19,Nuwara Eliya,17.06,3.86
2024-08-26,Nuwara Eliya,16.75,2.39
2024-09-02,Nuwara Eliya,16.75,3.19
2024-09-09,Nuwara Eliya,17.21,0.9
2024-09-16,Nuwara Eliya,16.39,0.74
2024-09-23,Nuwara Eliya,16.72,4.2
2024-09-30,Nuwara Eliya,17.05,3.81
2024-10-07,Nuwara Eliya,16.5,11.21
2024-10-14,Nuwara Eliya,16.33,1.77
2024-10-21,Nuwara Eliya,16.82,5.07
2024-10-28,Nuwara Eliya,16.38,15.74
2024-11-04,Nuwara Eliya,15.99,4.27
2024-11-11,Nuwara Eliya,16.61,4.13
2024-11-18,Nuwara Eliya,16.36,9.84
2024-11-25,Nuwara Eliya,15.27,23.11
2024-12-02,Nuwara Eliya,15.99,0.64
2024-12-09,Nuwara Eliya,16.64,4.61
2024-12-16,Nuwara Eliya,16.49,4.34
2024-12-23,Nuwara Eliya,15.44,2.41
2024-12-30,Nuwara Eliya,15.63,13.77
2025-01-06,Nuwara Eliya,15.81,13.31
2025-01-13,Nuwara Eliya,14.87,21.6
2025-01-20,Nuwara Eliya,15.31,6.2
2025-01-27,Nuwara Eliya,14.91,3.39
2025-02-03,Nuwara Eliya,14.52,0.53
2025-02-10,Nuwara Eliya,15.59,0.7
2025-02-17,Nuwara Eliya,15.96,0.47
2025-02-24,Nuwara Eliya,15.8,7.21
2025-03-03,Nuwara Eliya,15.67,0.4
2025-03-10,Nuwara Eliya,16.17,6.73
2025-03-17,Nuwara Eliya,16.83,2.69
2025-03-24,Nuwara Eliya,16.65,2.53
2025-03-31,Nuwara Eliya,16.81,11.29
2025-04-07,Nuwara Eliya,16.97,4.07
2025-04-14,Nuwara Eliya,17.01,5.26
2025-04-21,Nuwara Eliya,17.11,6.63
2025-04-28,Nuwara Eliya,17.22,6.74
2025-05-05,Nuwara Eliya,17.71,2.47
2025-05-12,Nuwara Eliya,17.66,1.33
2025-05-19,Nuwara Eliya,17.22,2.44
2025-05-26,Nuwara Eliya,16.33,12.7
2025-06-02,Nuwara Eliya,17.25,0.47
2025-06-09,Nuwara Eliya,16.24,13.59
2025-06-16,Nuwara Eliya,16.5,2.26
2025-06-23,Nuwara Eliya,16.45,1.37
2025-06-30,Nuwara Eliya,16.53,0.54
2025-07-07,Nuwara Eliya,16.83,1.61
2025-07-14,Nuwara Eliya,15.5,15.07
2025-07-21,Nuwara Eliya,15.27,14.34
2025-07-28,Nuwara Eliya,16.76,2.46
2025-08-04,Nuwara Eliya,16.49,1.54
2025-08-11,Nuwara Eliya,15.53,5.36
2025-08-18,Nuwara Eliya,16.49,1.49
2025-08-25,Nuwara Eliya,16.52,2.43
2025-09-01,Nuwara Eliya,16.39,1.21
2025-09-08,Nuwara Eliya,16.9,4.87
2025-09-15,Nuwara Eliya,16.38,3.67
2025-09-22,Nuwara Eliya,16.22,5.19
2025-09-29,Nuwara Eliya,17.06,6.63
2025-10-06,Nuwara Eliya,16.69,6.73
2025-10-13,Nuwara Eliya,16.83,12.2
2025-10-20,Nuwara Eliya,15.78,7.53
2025-10-27,Nuwara Eliya,16.8,2.53
2025-11-03,Nuwara Eliya,16.68,2.97
2025-11-10,Nuwara Eliya,16.19,10.16
2025-11-17,Nuwara Eliya,16.5,17.3
2025-11-24,Nuwara Eliya,14.75,66.04
2025-12-01,Nuwara Eliya,15.94,3.43
2025-12-08,Nuwara Eliya,15.39,5.34
2025-12-15,Nuwara Eliya,15.58,9.1
2025-12-22,Nuwara Eliya,15.07,3.41
2025-12-29,Nuwara Eliya,15.39,2.71
2026-01-05,Nuwara Eliya,15.06,5.29
2026-01-12,Nuwara Eliya,14.46,1.99
2026-01-19,Nuwara Eliya,14.61,1.16
2026-01-26,Nuwara Eliya,15.02,5.93
2026-02-02,Nuwara Eliya,15.4,8.19
2026-02-09,Nuwara Eliya,14.91,4.13
2026-02-16,Nuwara Eliya,15.2,20.59
2026-02-23,Nuwara Eliya,15.87,0.66
2026-03-02,Nuwara Eliya,15.49,0.49
2026-03-09,Nuwara Eliya,16.0,2.4
2026-03-16,Nuwara Eliya,16.61,4.71
2026-03-23,Nuwara Eliya,16.75,0.43
2026-03-30,Nuwara Eliya,17.14,4.46
2026-04-06,Nuwara Eliya,17.94,2.46
2026-04-13,Nuwara Eliya,17.94,2.53
2026-04-20,Nuwara Eliya,17.59,4.46
2026-04-27,Nuwara Eliya,17.81,3.34
2026-05-04,Nuwara Eliya,17.64,9.06
2026-05-11,Nuwara Eliya,17.32,10.13
2026-05-18,Nuwara Eliya,18.0,2.36
2026-05-25,Nuwara Eliya,18.05,3.43
2026-06-01,Nuwara Eliya,17.62,4.23
2026-06-08,Nuwara Eliya,17.09,4.93
2026-06-15,Nuwara Eliya,17.74,3.04
2026-06-22,Nuwara Eliya,17.59,5.04
2026-06-29,Nuwara Eliya,16.74,1.93
2026-07-06,Nuwara Eliya,17.52,0.84
2026-07-13,Nuwara Eliya,17.65,0.06
2026-07-20,Nuwara Eliya,18.09,0.8
2026-07-27,Nuwara Eliya,17.21,2.93
2013-12-30,Polonnaruwa,23.81,6.26
2014-01-06,Polonnaruwa,24.81,7.37
2014-01-13,Polonnaruwa,24.44,22.71
2014-01-20,Polonnaruwa,24.39,0.56
2014-01-27,Polonnaruwa,24.74,1.89
2014-02-03,Polonnaruwa,23.89,0.0
2014-02-10,Polonnaruwa,24.34,0.09
2014-02-17,Polonnaruwa,26.36,0.57
2014-02-24,Polonnaruwa,26.18,0.74
2014-03-03,Polonnaruwa,26.86,0.76
2014-03-10,Polonnaruwa,26.52,0.01
2014-03-17,Polonnaruwa,27.38,2.46
2014-03-24,Polonnaruwa,27.53,0.2
2014-03-31,Polonnaruwa,28.74,2.11
2014-04-07,Polonnaruwa,29.06,0.7
2014-04-14,Polonnaruwa,29.62,0.33
2014-04-21,Polonnaruwa,29.74,3.03
2014-04-28,Polonnaruwa,28.0,13.49
2014-05-05,Polonnaruwa,27.79,11.8
2014-05-12,Polonnaruwa,29.01,0.7
2014-05-19,Polonnaruwa,29.64,0.23
2014-05-26,Polonnaruwa,30.26,0.39
2014-06-02,Polonnaruwa,29.95,0.36
2014-06-09,Polonnaruwa,30.46,0.1
2014-06-16,Polonnaruwa,30.36,0.1
2014-06-23,Polonnaruwa,30.67,0.14
2014-06-30,Polonnaruwa,30.33,0.33
2014-07-07,Polonnaruwa,29.51,0.0
2014-07-14,Polonnaruwa,30.07,0.03
2014-07-21,Polonnaruwa,30.33,0.07
2014-07-28,Polonnaruwa,29.95,0.13
2014-08-04,Polonnaruwa,30.2,0.26
2014-08-11,Polonnaruwa,29.56,1.14
2014-08-18,Polonnaruwa,28.56,1.41
2014-08-25,Polonnaruwa,29.53,0.04
2014-09-01,Polonnaruwa,29.53,0.77
2014-09-08,Polonnaruwa,29.86,0.34
2014-09-15,Polonnaruwa,30.06,0.07
2014-09-22,Polonnaruwa,29.83,4.56
2014-09-29,Polonnaruwa,27.43,8.39
2014-10-06,Polonnaruwa,28.55,0.5
2014-10-13,Polonnaruwa,27.54,10.53
2014-10-20,Polonnaruwa,26.86,9.61
2014-10-27,Polonnaruwa,26.62,6.17
2014-11-03,Polonnaruwa,26.38,4.93
2014-11-10,Polonnaruwa,26.37,4.83
2014-11-17,Polonnaruwa,25.19,18.19
2014-11-24,Polonnaruwa,24.6,16.96
2014-12-01,Polonnaruwa,25.22,5.3
2014-12-08,Polonnaruwa,25.89,8.27
2014-12-15,Polonnaruwa,25.14,24.1
2014-12-22,Polonnaruwa,23.51,45.19
2014-12-29,Polonnaruwa,25.95,1.57
2015-01-05,Polonnaruwa,24.66,0.56
2015-01-12,Polonnaruwa,24.81,0.4
2015-01-19,Polonnaruwa,25.16,0.93
2015-01-26,Polonnaruwa,25.26,1.44
2015-02-02,Polonnaruwa,25.06,3.77
2015-02-09,Polonnaruwa,25.31,4.39
2015-02-16,Polonnaruwa,24.3,0.36
2015-02-23,Polonnaruwa,25.59,4.13
2015-03-02,Polonnaruwa,26.48,1.29
2015-03-09,Polonnaruwa,25.89,5.51
2015-03-16,Polonnaruwa,25.91,0.3
2015-03-23,Polonnaruwa,26.94,2.16
2015-03-30,Polonnaruwa,28.06,1.96
2015-04-06,Polonnaruwa,28.07,0.96
2015-04-13,Polonnaruwa,27.63,5.77
2015-04-20,Polonnaruwa,28.03,3.77
2015-04-27,Polonnaruwa,28.49,1.84
2015-05-04,Polonnaruwa,28.26,11.7
2015-05-11,Polonnaruwa,27.75,9.29
2015-05-18,Polonnaruwa,29.33,0.09
2015-05-25,Polonnaruwa,30.09,0.36
2015-06-01,Polonnaruwa,29.44,0.7
2015-06-08,Polonnaruwa,30.21,0.21
2015-06-15,Polonnaruwa,29.81,0.09
2015-06-22,Polonnaruwa,30.33,0.59
2015-06-29,Polonnaruwa,30.17,0.34
2015-07-06,Polonnaruwa,30.34,0.0
2015-07-13,Polonnaruwa,29.99,0.34
2015-07-20,Polonnaruwa,29.24,0.61
2015-07-27,Polonnaruwa,30.47,0.24
2015-08-03,Polonnaruwa,30.24,0.13
2015-08-10,Polonnaruwa,30.42,4.9
2015-08-17,Polonnaruwa,29.12,0.5
2015-08-24,Polonnaruwa,29.94,0.26
2015-08-31,Polonnaruwa,30.01,5.5
2015-09-07,Polonnaruwa,28.59,0.74
2015-09-14,Polonnaruwa,29.75,0.27
2015-09-21,Polonnaruwa,29.66,4.54
2015-09-28,Polonnaruwa,28.09,7.44
2015-10-05,Polonnaruwa,28.87,1.04
2015-10-12,Polonnaruwa,27.69,6.54
2015-10-19,Polonnaruwa,26.75,10.83
2015-10-26,Polonnaruwa,25.5,21.6
2015-11-02,Polonnaruwa,25.92,9.23
2015-11-09,Polonnaruwa,25.94,24.56
2015-11-16,Polonnaruwa,26.36,5.76
2015-11-23,Polonnaruwa,25.89,5.31
2015-11-30,Polonnaruwa,25.87,7.06
2015-12-07,Polonnaruwa,25.99,13.57
2015-12-14,Polonnaruwa,25.74,5.8
2015-12-21,Polonnaruwa,25.51,2.31
2015-12-28,Polonnaruwa,25.47,4.46
2016-01-04,Polonnaruwa,25.73,2.04
2016-01-11,Polonnaruwa,25.16,0.09
2016-01-18,Polonnaruwa,25.62,1.43
2016-01-25,Polonnaruwa,25.81,0.01
2016-02-01,Polonnaruwa,25.92,0.0
2016-02-08,Polonnaruwa,26.47,0.46
2016-02-15,Polonnaruwa,26.61,3.47
2016-02-22,Polonnaruwa,26.54,1.16
2016-02-29,Polonnaruwa,26.79,1.17
2016-03-07,Polonnaruwa,27.99,0.27
2016-03-14,Polonnaruwa,28.43,0.0
2016-03-21,Polonnaruwa,29.04,0.0
2016-03-28,Polonnaruwa,28.39,2.86
2016-04-04,Polonnaruwa,29.67,0.69
2016-04-11,Polonnaruwa,30.89,0.13
2016-04-18,Polonnaruwa,31.12,0.69
2016-04-25,Polonnaruwa,30.86,1.8
2016-05-02,Polonnaruwa,29.99,5.46
2016-05-09,Polonnaruwa,27.46,17.07
2016-05-16,Polonnaruwa,28.34,13.89
2016-05-23,Polonnaruwa,29.22,0.0
2016-05-30,Polonnaruwa,29.35,0.16
2016-06-06,Polonnaruwa,29.74,0.3
2016-06-13,Polonnaruwa,29.56,0.29
2016-06-20,Polonnaruwa,29.41,0.26
2016-06-27,Polonnaruwa,30.12,0.06
2016-07-04,Polonnaruwa,30.16,0.16
2016-07-11,Polonnaruwa,30.09,0.3
2016-07-18,Polonnaruwa,29.59,1.0
2016-07-25,Polonnaruwa,28.93,2.16
2016-08-01,Polonnaruwa,30.16,0.04
2016-08-08,Polonnaruwa,30.58,0.37
2016-08-15,Polonnaruwa,30.24,0.2
2016-08-22,Polonnaruwa,29.2,2.74
2016-08-29,Polonnaruwa,29.46,0.33
2016-09-05,Polonnaruwa,30.04,0.04
2016-09-12,Polonnaruwa,30.39,0.29
2016-09-19,Polonnaruwa,30.49,0.34
2016-09-26,Polonnaruwa,30.52,0.19
2016-10-03,Polonnaruwa,30.63,0.27
2016-10-10,Polonnaruwa,30.6,1.01
2016-10-17,Polonnaruwa,29.48,1.46
2016-10-24,Polonnaruwa,29.21,3.54
2016-10-31,Polonnaruwa,27.03,11.2
2016-11-07,Polonnaruwa,26.86,2.04
2016-11-14,Polonnaruwa,26.01,10.34
2016-11-21,Polonnaruwa,25.97,4.01
2016-11-28,Polonnaruwa,24.65,2.41
2016-12-05,Polonnaruwa,26.08,1.0
2016-12-12,Polonnaruwa,26.48,0.63
2016-12-19,Polonnaruwa,24.79,3.26
2016-12-26,Polonnaruwa,25.41,5.37
2017-01-02,Polonnaruwa,24.89,1.1
2017-01-09,Polonnaruwa,24.77,0.07
2017-01-16,Polonnaruwa,25.11,5.7
2017-01-23,Polonnaruwa,25.04,20.59
2017-01-30,Polonnaruwa,25.04,0.4
2017-02-06,Polonnaruwa,25.0,0.01
2017-02-13,Polonnaruwa,25.45,5.17
2017-02-20,Polonnaruwa,26.68,1.66
2017-02-27,Polonnaruwa,26.26,18.11
2017-03-06,Polonnaruwa,27.69,4.94
2017-03-13,Polonnaruwa,27.49,4.6
2017-03-20,Polonnaruwa,27.6,0.13
2017-03-27,Polonnaruwa,28.32,3.84
2017-04-03,Polonnaruwa,29.21,2.59
2017-04-10,Polonnaruwa,29.81,0.96
2017-04-17,Polonnaruwa,31.86,0.2
2017-04-24,Polonnaruwa,32.18,0.1
2017-05-01,Polonnaruwa,30.71,2.5
2017-05-08,Polonnaruwa,29.8,14.14
2017-05-15,Polonnaruwa,31.09,0.6
2017-05-22,Polonnaruwa,30.89,0.73
2017-05-29,Polonnaruwa,30.47,0.71
2017-06-05,Polonnaruwa,30.94,0.4
2017-06-12,Polonnaruwa,31.31,1.27
2017-06-19,Polonnaruwa,30.24,0.99
2017-06-26,Polonnaruwa,30.87,0.6
2017-07-03,Polonnaruwa,31.14,0.86
2017-07-10,Polonnaruwa,30.57,0.46
2017-07-17,Polonnaruwa,31.23,0.23
2017-07-24,Polonnaruwa,31.61,1.96
2017-07-31,Polonnaruwa,30.48,0.54
2017-08-07,Polonnaruwa,31.12,3.64
2017-08-14,Polonnaruwa,29.86,0.7
2017-08-21,Polonnaruwa,30.56,0.61
2017-08-28,Polonnaruwa,30.4,4.47
2017-09-04,Polonnaruwa,29.19,3.09
2017-09-11,Polonnaruwa,28.96,3.83
2017-09-18,Polonnaruwa,30.11,0.5
2017-09-25,Polonnaruwa,30.33,0.39
2017-10-02,Polonnaruwa,30.84,2.94
2017-10-09,Polonnaruwa,29.05,2.63
2017-10-16,Polonnaruwa,29.0,2.61
2017-10-23,Polonnaruwa,28.49,24.69
2017-10-30,Polonnaruwa,26.46,17.66
2017-11-06,Polonnaruwa,26.42,11.01
2017-11-13,Polonnaruwa,27.29,1.56
2017-11-20,Polonnaruwa,26.11,14.43
2017-11-27,Polonnaruwa,25.44,17.07
2017-12-04,Polonnaruwa,26.24,2.39
2017-12-11,Polonnaruwa,26.54,4.56
2017-12-18,Polonnaruwa,25.44,2.99
2017-12-25,Polonnaruwa,25.36,3.26
2018-01-01,Polonnaruwa,25.34,0.01
2018-01-08,Polonnaruwa,25.1,5.79
2018-01-15,Polonnaruwa,24.49,0.33
2018-01-22,Polonnaruwa,25.09,0.3
2018-01-29,Polonnaruwa,25.22,4.3
2018-02-05,Polonnaruwa,26.23,2.04
2018-02-12,Polonnaruwa,25.92,1.77
2018-02-19,Polonnaruwa,26.01,1.26
2018-02-26,Polonnaruwa,26.24,6.51
2018-03-05,Polonnaruwa,26.45,2.74
2018-03-12,Polonnaruwa,27.18,5.76
2018-03-19,Polonnaruwa,28.3,0.07
2018-03-26,Polonnaruwa,28.34,3.03
2018-04-02,Polonnaruwa,28.29,4.8
2018-04-09,Polonnaruwa,27.54,8.5
2018-04-16,Polonnaruwa,28.69,1.83
2018-04-23,Polonnaruwa,29.55,3.01
2018-04-30,Polonnaruwa,30.14,7.14
2018-05-07,Polonnaruwa,28.81,12.01
2018-05-14,Polonnaruwa,28.45,12.73
2018-05-21,Polonnaruwa,27.89,5.46
2018-05-28,Polonnaruwa,29.87,0.47
2018-06-04,Polonnaruwa,29.57,0.49
2018-06-11,Polonnaruwa,30.26,0.4
2018-06-18,Polonnaruwa,29.96,0.13
2018-06-25,Polonnaruwa,30.37,0.79
2018-07-02,Polonnaruwa,30.72,0.03
2018-07-09,Polonnaruwa,29.71,0.34
2018-07-16,Polonnaruwa,30.29,0.11
2018-07-23,Polonnaruwa,30.83,0.21
2018-07-30,Polonnaruwa,30.34,0.61
2018-08-06,Polonnaruwa,29.54,0.07
2018-08-13,Polonnaruwa,28.58,1.16
2018-08-20,Polonnaruwa,30.46,0.43
2018-08-27,Polonnaruwa,30.78,0.44
2018-09-03,Polonnaruwa,30.96,0.11
2018-09-10,Polonnaruwa,31.19,1.09
2018-09-17,Polonnaruwa,30.57,1.74
2018-09-24,Polonnaruwa,27.84,20.94
2018-10-01,Polonnaruwa,27.18,13.97
2018-10-08,Polonnaruwa,27.79,5.99
2018-10-15,Polonnaruwa,27.11,15.2
2018-10-22,Polonnaruwa,26.37,15.44
2018-10-29,Polonnaruwa,26.51,14.11
2018-11-05,Polonnaruwa,25.62,40.76
2018-11-12,Polonnaruwa,26.89,2.74
2018-11-19,Polonnaruwa,26.62,13.74
2018-11-26,Polonnaruwa,26.04,6.93
2018-12-03,Polonnaruwa,26.03,8.97
2018-12-10,Polonnaruwa,25.75,0.96
2018-12-17,Polonnaruwa,25.75,5.33
2018-12-24,Polonnaruwa,25.68,3.76
2018-12-31,Polonnaruwa,24.79,1.43
2019-01-07,Polonnaruwa,25.51,3.16
2019-01-14,Polonnaruwa,25.12,1.34
2019-01-21,Polonnaruwa,25.7,1.66
2019-01-28,Polonnaruwa,25.61,2.23
2019-02-04,Polonnaruwa,26.23,9.09
2019-02-11,Polonnaruwa,26.46,4.09
2019-02-18,Polonnaruwa,26.84,0.34
2019-02-25,Polonnaruwa,27.34,1.46
2019-03-04,Polonnaruwa,28.76,0.24
2019-03-11,Polonnaruwa,28.06,0.23
2019-03-18,Polonnaruwa,28.87,0.84
2019-03-25,Polonnaruwa,29.35,0.13
2019-04-01,Polonnaruwa,30.34,0.01
2019-04-08,Polonnaruwa,29.8,2.84
2019-04-15,Polonnaruwa,29.4,3.6
2019-04-22,Polonnaruwa,29.55,2.8
2019-04-29,Polonnaruwa,30.66,0.17
2019-05-06,Polonnaruwa,32.19,0.01
2019-05-13,Polonnaruwa,31.98,0.37
2019-05-20,Polonnaruwa,30.86,2.33
2019-05-27,Polonnaruwa,32.44,0.14
2019-06-03,Polonnaruwa,31.77,0.91
2019-06-10,Polonnaruwa,31.61,0.3
2019-06-17,Polonnaruwa,31.49,0.07
2019-06-24,Polonnaruwa,31.43,0.33
2019-07-01,Polonnaruwa,31.69,0.0
2019-07-08,Polonnaruwa,31.78,0.91
2019-07-15,Polonnaruwa,30.69,0.34
2019-07-22,Polonnaruwa,30.87,0.43
2019-07-29,Polonnaruwa,31.8,0.03
2019-08-05,Polonnaruwa,30.25,0.59
2019-08-12,Polonnaruwa,30.0,0.73
2019-08-19,Polonnaruwa,29.61,1.06
2019-08-26,Polonnaruwa,29.8,0.3
2019-09-02,Polonnaruwa,31.21,0.44
2019-09-09,Polonnaruwa,30.54,1.04
2019-09-16,Polonnaruwa,30.22,11.1
2019-09-23,Polonnaruwa,27.86,6.01
2019-09-30,Polonnaruwa,27.84,11.4
2019-10-07,Polonnaruwa,27.59,7.26
2019-10-14,Polonnaruwa,26.91,12.11
2019-10-21,Polonnaruwa,26.27,5.67
2019-10-28,Polonnaruwa,26.14,9.04
2019-11-04,Polonnaruwa,27.58,2.4
2019-11-11,Polonnaruwa,27.31,3.8
2019-11-18,Polonnaruwa,26.62,10.81
2019-11-25,Polonnaruwa,26.44,20.81
2019-12-02,Polonnaruwa,26.03,11.76
2019-12-09,Polonnaruwa,25.45,12.24
2019-12-16,Polonnaruwa,25.77,12.13
2019-12-23,Polonnaruwa,26.16,10.67
2019-12-30,Polonnaruwa,26.76,1.71
2020-01-06,Polonnaruwa,25.93,1.93
2020-01-13,Polonnaruwa,25.53,1.49
2020-01-20,Polonnaruwa,26.59,3.8
2020-01-27,Polonnaruwa,25.96,0.03
2020-02-03,Polonnaruwa,26.39,0.59
2020-02-10,Polonnaruwa,26.86,1.84
2020-02-17,Polonnaruwa,26.56,3.23
2020-02-24,Polonnaruwa,27.41,0.99
2020-03-02,Polonnaruwa,28.38,0.17
2020-03-09,Polonnaruwa,29.06,0.09
2020-03-16,Polonnaruwa,29.16,0.73
2020-03-23,Polonnaruwa,29.51,0.0
2020-03-30,Polonnaruwa,29.49,1.74
2020-04-06,Polonnaruwa,29.86,0.87
2020-04-13,Polonnaruwa,29.5,4.24
2020-04-20,Polonnaruwa,30.21,2.61
2020-04-27,Polonnaruwa,30.41,2.2
2020-05-04,Polonnaruwa,30.12,6.0
2020-05-11,Polonnaruwa,28.74,7.54
2020-05-18,Polonnaruwa,30.31,0.31
2020-05-25,Polonnaruwa,31.52,0.37
2020-06-01,Polonnaruwa,31.07,0.8
2020-06-08,Polonnaruwa,31.09,0.43
2020-06-15,Polonnaruwa,31.76,0.33
2020-06-22,Polonnaruwa,29.91,2.06
2020-06-29,Polonnaruwa,30.72,0.33
2020-07-06,Polonnaruwa,30.37,5.77
2020-07-13,Polonnaruwa,30.49,2.51
2020-07-20,Polonnaruwa,28.81,3.83
2020-07-27,Polonnaruwa,28.95,0.44
2020-08-03,Polonnaruwa,29.09,0.89
2020-08-10,Polonnaruwa,30.35,0.07
2020-08-17,Polonnaruwa,31.76,0.1
2020-08-24,Polonnaruwa,31.68,0.51
2020-08-31,Polonnaruwa,29.63,3.64
2020-09-07,Polonnaruwa,29.05,0.77
2020-09-14,Polonnaruwa,29.7,0.4
2020-09-21,Polonnaruwa,29.56,1.24
2020-09-28,Polonnaruwa,29.88,0.37
2020-10-05,Polonnaruwa,30.54,1.46
2020-10-12,Polonnaruwa,30.01,0.77
2020-10-19,Polonnaruwa,30.56,0.41
2020-10-26,Polonnaruwa,29.14,5.71
2020-11-02,Polonnaruwa,28.11,10.89
2020-11-09,Polonnaruwa,26.98,10.29
2020-11-16,Polonnaruwa,26.8,4.8
2020-11-23,Polonnaruwa,26.64,3.17
2020-11-30,Polonnaruwa,26.44,9.91
2020-12-07,Polonnaruwa,26.39,2.61
2020-12-14,Polonnaruwa,25.76,10.7
2020-12-21,Polonnaruwa,24.83,30.57
2020-12-28,Polonnaruwa,25.71,12.26
2021-01-04,Polonnaruwa,25.85,19.53
2021-01-11,Polonnaruwa,25.54,18.96
2021-01-18,Polonnaruwa,25.89,3.84
2021-01-25,Polonnaruwa,24.91,6.59
2021-02-01,Polonnaruwa,25.42,4.79
2021-02-08,Polonnaruwa,25.05,1.5
2021-02-15,Polonnaruwa,26.25,1.64
2021-02-22,Polonnaruwa,27.12,0.93
2021-03-01,Polonnaruwa,27.17,1.39
2021-03-08,Polonnaruwa,26.91,3.71
2021-03-15,Polonnaruwa,27.58,2.71
2021-03-22,Polonnaruwa,27.84,3.81
2021-03-29,Polonnaruwa,29.78,1.04
2021-04-05,Polonnaruwa,29.1,3.03
2021-04-12,Polonnaruwa,28.02,9.73
2021-04-19,Polonnaruwa,29.36,0.26
2021-04-26,Polonnaruwa,29.29,3.31
2021-05-03,Polonnaruwa,28.41,9.5
2021-05-10,Polonnaruwa,28.91,5.89
2021-05-17,Polonnaruwa,29.59,1.17
2021-05-24,Polonnaruwa,29.39,1.01
2021-05-31,Polonnaruwa,29.76,2.16
2021-06-07,Polonnaruwa,29.67,0.33
2021-06-14,Polonnaruwa,29.94,0.09
2021-06-21,Polonnaruwa,30.38,0.06
2021-06-28,Polonnaruwa,30.98,1.54
2021-07-05,Polonnaruwa,29.96,2.73
2021-07-12,Polonnaruwa,30.44,2.0
2021-07-19,Polonnaruwa,30.18,0.17
2021-07-26,Polonnaruwa,30.61,0.01
2021-08-02,Polonnaruwa,30.6,0.31
2021-08-09,Polonnaruwa,30.31,1.17
2021-08-16,Polonnaruwa,30.06,3.1
2021-08-23,Polonnaruwa,29.09,0.71
2021-08-30,Polonnaruwa,29.76,0.1
2021-09-06,Polonnaruwa,30.66,0.09
2021-09-13,Polonnaruwa,30.95,1.54
2021-09-20,Polonnaruwa,30.16,10.19
2021-09-27,Polonnaruwa,28.39,5.93
2021-10-04,Polonnaruwa,28.73,1.93
2021-10-11,Polonnaruwa,29.64,0.6
2021-10-18,Polonnaruwa,28.58,10.54
2021-10-25,Polonnaruwa,27.11,12.36
2021-11-01,Polonnaruwa,26.96,8.94
2021-11-08,Polonnaruwa,26.44,11.23
2021-11-15,Polonnaruwa,27.31,3.99
2021-11-22,Polonnaruwa,25.9,18.73
2021-11-29,Polonnaruwa,26.8,3.99
2021-12-06,Polonnaruwa,26.67,4.57
2021-12-13,Polonnaruwa,25.94,7.47
2021-12-20,Polonnaruwa,25.64,0.47
2021-12-27,Polonnaruwa,25.46,10.36
2022-01-03,Polonnaruwa,25.56,7.0
2022-01-10,Polonnaruwa,26.13,4.43
2022-01-17,Polonnaruwa,25.36,0.73
2022-01-24,Polonnaruwa,25.95,1.4
2022-01-31,Polonnaruwa,26.32,0.09
2022-02-07,Polonnaruwa,25.66,14.76
2022-02-14,Polonnaruwa,25.71,1.61
2022-02-21,Polonnaruwa,26.61,1.77
2022-02-28,Polonnaruwa,26.56,1.93
2022-03-07,Polonnaruwa,27.37,2.84
2022-03-14,Polonnaruwa,28.01,2.66
2022-03-21,Polonnaruwa,28.84,1.11
2022-03-28,Polonnaruwa,28.71,3.73
2022-04-04,Polonnaruwa,27.55,10.8
2022-04-11,Polonnaruwa,27.84,8.84
2022-04-18,Polonnaruwa,28.28,6.67
2022-04-25,Polonnaruwa,28.77,3.63
2022-05-02,Polonnaruwa,30.16,1.79
2022-05-09,Polonnaruwa,29.7,0.97
2022-05-16,Polonnaruwa,30.04,0.19
2022-05-23,Polonnaruwa,29.84,0.96
2022-05-30,Polonnaruwa,29.99,0.7
2022-06-06,Polonnaruwa,30.45,0.91
2022-06-13,Polonnaruwa,29.59,2.61
2022-06-20,Polonnaruwa,29.69,0.74
2022-06-27,Polonnaruwa,30.94,1.66
2022-07-04,Polonnaruwa,30.58,0.09
2022-07-11,Polonnaruwa,30.33,0.23
2022-07-18,Polonnaruwa,29.76,3.14
2022-07-25,Polonnaruwa,28.27,7.03
2022-08-01,Polonnaruwa,27.71,1.29
2022-08-08,Polonnaruwa,30.09,0.41
2022-08-15,Polonnaruwa,30.34,1.09
2022-08-22,Polonnaruwa,28.95,2.13
2022-08-29,Polonnaruwa,27.9,6.91
2022-09-05,Polonnaruwa,28.56,1.37
2022-09-12,Polonnaruwa,29.81,0.24
2022-09-19,Polonnaruwa,30.67,0.53
2022-09-26,Polonnaruwa,29.43,1.56
2022-10-03,Polonnaruwa,29.53,9.11
2022-10-10,Polonnaruwa,27.49,12.77
2022-10-17,Polonnaruwa,27.09,5.17
2022-10-24,Polonnaruwa,26.77,7.51
2022-10-31,Polonnaruwa,26.49,22.5
2022-11-07,Polonnaruwa,25.83,10.77
2022-11-14,Polonnaruwa,26.01,3.0
2022-11-21,Polonnaruwa,27.05,0.69
2022-11-28,Polonnaruwa,26.57,9.53
2022-12-05,Polonnaruwa,25.2,6.46
2022-12-12,Polonnaruwa,25.74,5.27
2022-12-19,Polonnaruwa,25.1,13.39
2022-12-26,Polonnaruwa,25.87,2.43
2023-01-02,Polonnaruwa,25.2,7.89
2023-01-09,Polonnaruwa,24.54,0.17
2023-01-16,Polonnaruwa,24.95,5.8
2023-01-23,Polonnaruwa,25.07,3.04
2023-01-30,Polonnaruwa,25.47,12.96
2023-02-06,Polonnaruwa,25.89,1.71
2023-02-13,Polonnaruwa,25.57,1.8
2023-02-20,Polonnaruwa,25.96,1.77
2023-02-27,Polonnaruwa,25.78,9.31
2023-03-06,Polonnaruwa,26.59,2.34
2023-03-13,Polonnaruwa,27.45,4.03
2023-03-20,Polonnaruwa,28.09,3.99
2023-03-27,Polonnaruwa,28.79,0.13
2023-04-03,Polonnaruwa,28.82,2.21
2023-04-10,Polonnaruwa,29.77,0.31
2023-04-17,Polonnaruwa,30.27,4.99
2023-04-24,Polonnaruwa,28.11,10.1
2023-05-01,Polonnaruwa,27.91,14.13
2023-05-08,Polonnaruwa,29.39,1.06
2023-05-15,Polonnaruwa,30.52,0.87
2023-05-22,Polonnaruwa,30.7,1.97
2023-05-29,Polonnaruwa,30.99,2.01
2023-06-05,Polonnaruwa,31.71,0.36
2023-06-12,Polonnaruwa,31.48,0.91
2023-06-19,Polonnaruwa,31.76,0.57
2023-06-26,Polonnaruwa,30.88,1.14
2023-07-03,Polonnaruwa,29.91,0.84
2023-07-10,Polonnaruwa,31.36,0.41
2023-07-17,Polonnaruwa,31.06,0.36
2023-07-24,Polonnaruwa,31.44,0.71
2023-07-31,Polonnaruwa,32.06,1.23
2023-08-07,Polonnaruwa,32.02,1.87
2023-08-14,Polonnaruwa,31.63,0.24
2023-08-21,Polonnaruwa,32.52,1.63
2023-08-28,Polonnaruwa,31.18,2.76
2023-09-04,Polonnaruwa,29.14,1.93
2023-09-11,Polonnaruwa,31.02,2.21
2023-09-18,Polonnaruwa,29.44,5.64
2023-09-25,Polonnaruwa,29.96,2.1
2023-10-02,Polonnaruwa,29.21,8.19
2023-10-09,Polonnaruwa,27.58,9.64
2023-10-16,Polonnaruwa,27.45,21.69
2023-10-23,Polonnaruwa,27.3,7.96
2023-10-30,Polonnaruwa,26.92,18.51
2023-11-06,Polonnaruwa,26.58,17.26
2023-11-13,Polonnaruwa,26.96,20.41
2023-11-20,Polonnaruwa,26.9,13.97
2023-11-27,Polonnaruwa,26.09,14.94
2023-12-04,Polonnaruwa,26.86,11.99
2023-12-11,Polonnaruwa,26.11,23.43
2023-12-18,Polonnaruwa,26.25,6.47
2023-12-25,Polonnaruwa,25.72,11.1
2024-01-01,Polonnaruwa,26.22,10.54
2024-01-08,Polonnaruwa,25.75,11.09
2024-01-15,Polonnaruwa,25.46,2.77
2024-01-22,Polonnaruwa,25.71,1.3
2024-01-29,Polonnaruwa,26.46,8.06
2024-02-05,Polonnaruwa,26.33,0.4
2024-02-12,Polonnaruwa,27.21,1.63
2024-02-19,Polonnaruwa,27.89,0.09
2024-02-26,Polonnaruwa,28.11,0.86
2024-03-04,Polonnaruwa,28.15,0.0
2024-03-11,Polonnaruwa,29.45,0.07
2024-03-18,Polonnaruwa,28.71,1.86
2024-03-25,Polonnaruwa,28.82,4.46
2024-04-01,Polonnaruwa,30.74,0.63
2024-04-08,Polonnaruwa,29.78,5.0
2024-04-15,Polonnaruwa,30.62,0.99
2024-04-22,Polonnaruwa,32.17,0.13
2024-04-29,Polonnaruwa,32.51,1.57
2024-05-06,Polonnaruwa,31.44,11.69
2024-05-13,Polonnaruwa,28.65,16.51
2024-05-20,Polonnaruwa,28.69,1.39
2024-05-27,Polonnaruwa,30.24,1.11
2024-06-03,Polonnaruwa,29.62,2.17
2024-06-10,Polonnaruwa,30.67,0.09
2024-06-17,Polonnaruwa,30.77,0.51
2024-06-24,Polonnaruwa,30.26,0.7
2024-07-01,Polonnaruwa,30.91,1.0
2024-07-08,Polonnaruwa,30.82,0.91
2024-07-15,Polonnaruwa,30.28,0.14
2024-07-22,Polonnaruwa,31.79,0.23
2024-07-29,Polonnaruwa,31.12,1.49
2024-08-05,Polonnaruwa,30.4,2.56
2024-08-12,Polonnaruwa,29.48,8.06
2024-08-19,Polonnaruwa,28.96,3.57
2024-08-26,Polonnaruwa,30.37,0.61
2024-09-02,Polonnaruwa,30.7,0.61
2024-09-09,Polonnaruwa,31.34,0.93
2024-09-16,Polonnaruwa,31.22,0.17
2024-09-23,Polonnaruwa,30.77,1.74
2024-09-30,Polonnaruwa,30.69,3.2
2024-10-07,Polonnaruwa,27.57,14.11
2024-10-14,Polonnaruwa,28.35,3.8
2024-10-21,Polonnaruwa,27.82,8.01
2024-10-28,Polonnaruwa,27.59,18.37
2024-11-04,Polonnaruwa,26.61,5.4
2024-11-11,Polonnaruwa,26.98,10.26
2024-11-18,Polonnaruwa,26.24,16.53
2024-11-25,Polonnaruwa,25.19,37.37
2024-12-02,Polonnaruwa,26.42,0.91
2024-12-09,Polonnaruwa,25.99,14.4
2024-12-16,Polonnaruwa,26.41,15.69
2024-12-23,Polonnaruwa,26.0,3.09
2024-12-30,Polonnaruwa,25.16,12.5
2025-01-06,Polonnaruwa,25.29,17.81
2025-01-13,Polonnaruwa,24.71,20.07
2025-01-20,Polonnaruwa,25.49,7.33
2025-01-27,Polonnaruwa,25.69,4.46
2025-02-03,Polonnaruwa,25.39,0.8
2025-02-10,Polonnaruwa,25.64,0.59
2025-02-17,Polonnaruwa,26.56,0.06
2025-02-24,Polonnaruwa,26.11,13.07
2025-03-03,Polonnaruwa,26.4,0.1
2025-03-10,Polonnaruwa,26.49,10.19
2025-03-17,Polonnaruwa,27.74,3.47
2025-03-24,Polonnaruwa,27.96,2.89
2025-03-31,Polonnaruwa,27.75,15.96
2025-04-07,Polonnaruwa,28.4,4.77
2025-04-14,Polonnaruwa,28.99,2.46
2025-04-21,Polonnaruwa,28.89,7.81
2025-04-28,Polonnaruwa,28.45,14.61
2025-05-05,Polonnaruwa,29.24,4.33
2025-05-12,Polonnaruwa,29.79,0.31
2025-05-19,Polonnaruwa,29.79,0.13
2025-05-26,Polonnaruwa,29.85,0.5
2025-06-02,Polonnaruwa,30.76,0.49
2025-06-09,Polonnaruwa,29.4,0.8
2025-06-16,Polonnaruwa,30.07,0.29
2025-06-23,Polonnaruwa,30.63,0.26
2025-06-30,Polonnaruwa,30.95,0.01
2025-07-07,Polonnaruwa,31.19,0.53
2025-07-14,Polonnaruwa,30.05,0.36
2025-07-21,Polonnaruwa,29.07,0.34
2025-07-28,Polonnaruwa,30.66,5.84
2025-08-04,Polonnaruwa,29.99,2.17
2025-08-11,Polonnaruwa,29.66,0.36
2025-08-18,Polonnaruwa,31.04,0.16
2025-08-25,Polonnaruwa,30.41,1.4
2025-09-01,Polonnaruwa,31.34,3.07
2025-09-08,Polonnaruwa,30.27,2.36
2025-09-15,Polonnaruwa,30.31,1.83
2025-09-22,Polonnaruwa,30.5,0.8
2025-09-29,Polonnaruwa,30.71,5.34
2025-10-06,Polonnaruwa,28.38,4.9
2025-10-13,Polonnaruwa,27.77,19.14
2025-10-20,Polonnaruwa,26.81,22.17
2025-10-27,Polonnaruwa,28.4,0.31
2025-11-03,Polonnaruwa,28.51,4.97
2025-11-10,Polonnaruwa,26.37,17.01
2025-11-17,Polonnaruwa,26.11,24.24
2025-11-24,Polonnaruwa,24.49,48.11
2025-12-01,Polonnaruwa,26.22,7.59
2025-12-08,Polonnaruwa,25.17,14.3
2025-12-15,Polonnaruwa,25.26,11.69
2025-12-22,Polonnaruwa,25.26,2.41
2025-12-29,Polonnaruwa,25.63,6.3
2026-01-05,Polonnaruwa,24.94,14.47
2026-01-12,Polonnaruwa,24.96,3.43
2026-01-19,Polonnaruwa,24.54,2.54
2026-01-26,Polonnaruwa,24.94,5.51
2026-02-02,Polonnaruwa,25.51,6.13
2026-02-09,Polonnaruwa,24.71,7.07
2026-02-16,Polonnaruwa,24.83,15.94
2026-02-23,Polonnaruwa,26.55,0.23
2026-03-02,Polonnaruwa,25.99,0.66
2026-03-09,Polonnaruwa,26.81,1.06
2026-03-16,Polonnaruwa,27.88,5.36
2026-03-23,Polonnaruwa,28.66,0.07
2026-03-30,Polonnaruwa,28.66,4.59
2026-04-06,Polonnaruwa,29.61,2.5
2026-04-13,Polonnaruwa,29.95,0.83
2026-04-20,Polonnaruwa,29.76,4.47
2026-04-27,Polonnaruwa,30.82,10.07
2026-05-04,Polonnaruwa,29.29,13.77
2026-05-11,Polonnaruwa,28.23,8.2
2026-05-18,Polonnaruwa,30.39,0.37
2026-05-25,Polonnaruwa,31.18,0.83
2026-06-01,Polonnaruwa,30.79,1.36
2026-06-08,Polonnaruwa,29.65,3.71
2026-06-15,Polonnaruwa,31.11,1.64
2026-06-22,Polonnaruwa,30.74,2.04
2026-06-29,Polonnaruwa,30.51,0.31
2026-07-06,Polonnaruwa,31.15,0.23
2026-07-13,Polonnaruwa,30.85,0.17
2026-07-20,Polonnaruwa,31.51,0.19
2026-07-27,Polonnaruwa,31.09,0.38
2013-12-30,Puttalam,25.77,3.22
2014-01-06,Puttalam,25.63,7.87
2014-01-13,Puttalam,25.64,6.36
2014-01-20,Puttalam,25.73,0.14
2014-01-27,Puttalam,26.24,0.57
2014-02-03,Puttalam,25.78,0.0
2014-02-10,Puttalam,26.12,0.24
2014-02-17,Puttalam,28.0,0.29
2014-02-24,Puttalam,28.61,0.23
2014-03-03,Puttalam,29.14,0.46
2014-03-10,Puttalam,28.83,0.0
2014-03-17,Puttalam,29.11,1.63
2014-03-24,Puttalam,29.67,0.03
2014-03-31,Puttalam,28.83,7.17
2014-04-07,Puttalam,28.46,2.69
2014-04-14,Puttalam,28.42,2.07
2014-04-21,Puttalam,28.26,6.94
2014-04-28,Puttalam,27.84,12.46
2014-05-05,Puttalam,27.69,13.69
2014-05-12,Puttalam,28.66,1.64
2014-05-19,Puttalam,28.5,0.53
2014-05-26,Puttalam,28.23,2.61
2014-06-02,Puttalam,28.29,2.56
2014-06-09,Puttalam,28.46,0.71
2014-06-16,Puttalam,28.29,0.63
2014-06-23,Puttalam,28.19,0.81
2014-06-30,Puttalam,28.16,1.0
2014-07-07,Puttalam,27.84,0.81
2014-07-14,Puttalam,28.04,0.94
2014-07-21,Puttalam,28.34,0.89
2014-07-28,Puttalam,28.08,0.84
2014-08-04,Puttalam,28.06,1.56
2014-08-11,Puttalam,27.55,2.36
2014-08-18,Puttalam,26.96,8.43
2014-08-25,Puttalam,27.36,1.3
2014-09-01,Puttalam,26.85,4.1
2014-09-08,Puttalam,27.36,2.11
2014-09-15,Puttalam,27.84,1.21
2014-09-22,Puttalam,27.61,5.81
2014-09-29,Puttalam,27.15,10.97
2014-10-06,Puttalam,27.46,4.14
2014-10-13,Puttalam,26.86,20.37
2014-10-20,Puttalam,26.49,12.34
2014-10-27,Puttalam,26.51,7.46
2014-11-03,Puttalam,26.49,18.91
2014-11-10,Puttalam,27.0,6.74
2014-11-17,Puttalam,26.33,13.56
2014-11-24,Puttalam,25.34,13.63
2014-12-01,Puttalam,26.1,3.59
2014-12-08,Puttalam,26.55,7.03
2014-12-15,Puttalam,25.89,13.23
2014-12-22,Puttalam,24.58,19.41
2014-12-29,Puttalam,26.01,0.56
2015-01-05,Puttalam,25.88,0.13
2015-01-12,Puttalam,25.99,0.07
2015-01-19,Puttalam,26.61,0.03
2015-01-26,Puttalam,26.74,1.54
2015-02-02,Puttalam,26.43,1.64
2015-02-09,Puttalam,26.85,2.26
2015-02-16,Puttalam,26.57,0.09
2015-02-23,Puttalam,26.91,5.73
2015-03-02,Puttalam,27.81,1.2
2015-03-09,Puttalam,27.95,5.06
2015-03-16,Puttalam,27.91,0.04
2015-03-23,Puttalam,28.99,2.64
2015-03-30,Puttalam,28.58,4.66
2015-04-06,Puttalam,28.24,3.64
2015-04-13,Puttalam,27.81,5.19
2015-04-20,Puttalam,27.74,8.66
2015-04-27,Puttalam,28.15,3.87
2015-05-04,Puttalam,27.96,8.99
2015-05-11,Puttalam,27.35,12.26
2015-05-18,Puttalam,28.27,2.97
2015-05-25,Puttalam,28.33,3.31
2015-06-01,Puttalam,27.72,5.01
2015-06-08,Puttalam,27.86,2.11
2015-06-15,Puttalam,28.14,3.89
2015-06-22,Puttalam,27.84,3.57
2015-06-29,Puttalam,27.8,2.5
2015-07-06,Puttalam,27.92,1.33
2015-07-13,Puttalam,27.84,1.7
2015-07-20,Puttalam,27.56,1.9
2015-07-27,Puttalam,27.67,0.41
2015-08-03,Puttalam,27.81,1.29
2015-08-10,Puttalam,28.46,5.16
2015-08-17,Puttalam,27.69,3.86
2015-08-24,Puttalam,27.81,1.79
2015-08-31,Puttalam,27.71,2.84
2015-09-07,Puttalam,27.1,4.31
2015-09-14,Puttalam,27.58,3.89
2015-09-21,Puttalam,27.53,4.27
2015-09-28,Puttalam,27.0,5.29
2015-10-05,Puttalam,27.41,4.1
2015-10-12,Puttalam,27.21,14.43
2015-10-19,Puttalam,27.26,15.66
2015-10-26,Puttalam,26.31,15.63
2015-11-02,Puttalam,26.57,11.33
2015-11-09,Puttalam,26.14,27.03
2015-11-16,Puttalam,26.86,4.76
2015-11-23,Puttalam,26.96,4.13
2015-11-30,Puttalam,26.48,13.87
2015-12-07,Puttalam,27.09,15.01
2015-12-14,Puttalam,27.06,5.04
2015-12-21,Puttalam,26.81,0.47
2015-12-28,Puttalam,26.76,1.9
2016-01-04,Puttalam,26.79,0.43
2016-01-11,Puttalam,26.34,0.0
2016-01-18,Puttalam,27.38,0.96
2016-01-25,Puttalam,27.34,0.0
2016-02-01,Puttalam,27.64,0.0
2016-02-08,Puttalam,28.26,0.0
2016-02-15,Puttalam,28.15,3.26
2016-02-22,Puttalam,28.81,0.43
2016-02-29,Puttalam,29.52,0.03
2016-03-07,Puttalam,29.76,0.3
2016-03-14,Puttalam,29.56,0.34
2016-03-21,Puttalam,30.26,0.04
2016-03-28,Puttalam,29.29,4.47
2016-04-04,Puttalam,29.39,2.8
2016-04-11,Puttalam,29.88,0.63
2016-04-18,Puttalam,29.73,2.31
2016-04-25,Puttalam,29.87,2.69
2016-05-02,Puttalam,29.22,3.76
2016-05-09,Puttalam,28.0,21.11
2016-05-16,Puttalam,27.91,41.4
2016-05-23,Puttalam,28.26,3.27
2016-05-30,Puttalam,28.23,2.44
2016-06-06,Puttalam,27.54,6.24
2016-06-13,Puttalam,28.07,2.0
2016-06-20,Puttalam,27.96,2.17
2016-06-27,Puttalam,27.79,1.11
2016-07-04,Puttalam,28.09,1.1
2016-07-11,Puttalam,27.73,1.11
2016-07-18,Puttalam,27.52,1.43
2016-07-25,Puttalam,27.17,2.57
2016-08-01,Puttalam,27.85,0.14
2016-08-08,Puttalam,28.24,0.56
2016-08-15,Puttalam,28.08,0.14
2016-08-22,Puttalam,27.61,1.8
2016-08-29,Puttalam,27.08,2.24
2016-09-05,Puttalam,27.38,0.37
2016-09-12,Puttalam,27.87,0.8
2016-09-19,Puttalam,28.08,0.14
2016-09-26,Puttalam,27.82,0.44
2016-10-03,Puttalam,28.24,0.11
2016-10-10,Puttalam,28.1,2.59
2016-10-17,Puttalam,27.84,1.34
2016-10-24,Puttalam,27.42,2.86
2016-10-31,Puttalam,26.6,11.39
2016-11-07,Puttalam,27.22,2.24
2016-11-14,Puttalam,27.05,13.07
2016-11-21,Puttalam,26.83,6.44
2016-11-28,Puttalam,25.34,1.57
2016-12-05,Puttalam,26.49,1.1
2016-12-12,Puttalam,26.91,0.57
2016-12-19,Puttalam,25.99,0.94
2016-12-26,Puttalam,26.85,2.51
2017-01-02,Puttalam,25.41,0.14
2017-01-09,Puttalam,25.25,0.01
2017-01-16,Puttalam,26.16,0.51
2017-01-23,Puttalam,25.92,10.26
2017-01-30,Puttalam,25.69,0.23
2017-02-06,Puttalam,24.86,0.0
2017-02-13,Puttalam,27.32,0.7
2017-02-20,Puttalam,27.14,0.5
2017-02-27,Puttalam,27.42,3.24
2017-03-06,Puttalam,27.54,7.7
2017-03-13,Puttalam,27.66,3.59
2017-03-20,Puttalam,27.35,1.27
2017-03-27,Puttalam,27.63,4.7
2017-04-03,Puttalam,28.32,2.9
2017-04-10,Puttalam,28.61,4.97
2017-04-17,Puttalam,29.38,0.8
2017-04-24,Puttalam,29.31,0.97
2017-05-01,Puttalam,28.36,7.64
2017-05-08,Puttalam,28.52,3.31
2017-05-15,Puttalam,29.07,2.36
2017-05-22,Puttalam,28.39,6.73
2017-05-29,Puttalam,27.82,9.34
2017-06-05,Puttalam,28.0,3.61
2017-06-12,Puttalam,27.86,2.56
2017-06-19,Puttalam,27.52,12.01
2017-06-26,Puttalam,27.78,3.24
2017-07-03,Puttalam,28.11,2.61
2017-07-10,Puttalam,27.86,0.97
2017-07-17,Puttalam,27.84,2.69
2017-07-24,Puttalam,28.61,1.0
2017-07-31,Puttalam,27.69,3.06
2017-08-07,Puttalam,27.85,4.23
2017-08-14,Puttalam,27.09,5.33
2017-08-21,Puttalam,27.69,1.41
2017-08-28,Puttalam,27.46,6.23
2017-09-04,Puttalam,26.61,6.8
2017-09-11,Puttalam,27.2,4.66
2017-09-18,Puttalam,27.55,1.79
2017-09-25,Puttalam,27.09,3.94
2017-10-02,Puttalam,27.13,7.09
2017-10-09,Puttalam,26.6,16.9
2017-10-16,Puttalam,26.98,5.19
2017-10-23,Puttalam,26.93,8.16
2017-10-30,Puttalam,26.29,16.67
2017-11-06,Puttalam,26.33,10.33
2017-11-13,Puttalam,26.83,1.19
2017-11-20,Puttalam,26.67,8.1
2017-11-27,Puttalam,25.86,12.56
2017-12-04,Puttalam,25.96,0.76
2017-12-11,Puttalam,26.71,2.47
2017-12-18,Puttalam,25.95,1.99
2017-12-25,Puttalam,25.49,1.49
2018-01-01,Puttalam,25.34,0.0
2018-01-08,Puttalam,25.72,2.07
2018-01-15,Puttalam,25.55,0.04
2018-01-22,Puttalam,25.23,0.03
2018-01-29,Puttalam,26.62,0.39
2018-02-05,Puttalam,27.36,0.76
2018-02-12,Puttalam,27.24,0.44
2018-02-19,Puttalam,26.58,0.19
2018-02-26,Puttalam,27.82,1.91
2018-03-05,Puttalam,27.88,0.59
2018-03-12,Puttalam,28.19,5.23
2018-03-19,Puttalam,28.64,0.8
2018-03-26,Puttalam,28.43,3.97
2018-04-02,Puttalam,27.88,4.81
2018-04-09,Puttalam,28.51,11.14
2018-04-16,Puttalam,28.47,3.24
2018-04-23,Puttalam,28.26,3.36
2018-04-30,Puttalam,28.19,7.07
2018-05-07,Puttalam,27.54,9.81
2018-05-14,Puttalam,26.8,12.34
2018-05-21,Puttalam,26.61,11.61
2018-05-28,Puttalam,27.85,8.23
2018-06-04,Puttalam,27.56,6.61
2018-06-11,Puttalam,27.59,3.11
2018-06-18,Puttalam,27.3,2.94
2018-06-25,Puttalam,27.06,1.13
2018-07-02,Puttalam,27.39,1.24
2018-07-09,Puttalam,27.1,1.2
2018-07-16,Puttalam,27.19,0.03
2018-07-23,Puttalam,27.21,0.23
2018-07-30,Puttalam,27.0,1.0
2018-08-06,Puttalam,26.8,0.76
2018-08-13,Puttalam,26.46,4.26
2018-08-20,Puttalam,27.17,0.0
2018-08-27,Puttalam,27.49,0.16
2018-09-03,Puttalam,27.46,0.04
2018-09-10,Puttalam,27.93,0.0
2018-09-17,Puttalam,27.76,3.2
2018-09-24,Puttalam,26.95,12.19
2018-10-01,Puttalam,26.81,26.09
2018-10-08,Puttalam,26.61,4.21
2018-10-15,Puttalam,26.31,6.16
2018-10-22,Puttalam,26.27,16.1
2018-10-29,Puttalam,26.76,17.71
2018-11-05,Puttalam,25.96,26.64
2018-11-12,Puttalam,26.02,4.39
2018-11-19,Puttalam,26.3,8.87
2018-11-26,Puttalam,26.57,6.69
2018-12-03,Puttalam,26.82,2.86
2018-12-10,Puttalam,25.45,0.23
2018-12-17,Puttalam,25.89,7.14
2018-12-24,Puttalam,26.23,2.09
2018-12-31,Puttalam,24.92,0.17
2019-01-07,Puttalam,25.7,0.34
2019-01-14,Puttalam,25.56,0.4
2019-01-21,Puttalam,26.53,0.17
2019-01-28,Puttalam,26.94,0.33
2019-02-04,Puttalam,26.99,8.81
2019-02-11,Puttalam,27.31,1.51
2019-02-18,Puttalam,27.71,0.19
2019-02-25,Puttalam,28.09,0.6
2019-03-04,Puttalam,28.16,0.71
2019-03-11,Puttalam,28.83,0.34
2019-03-18,Puttalam,28.89,1.39
2019-03-25,Puttalam,28.84,0.11
2019-04-01,Puttalam,28.71,0.37
2019-04-08,Puttalam,29.39,1.04
2019-04-15,Puttalam,28.29,10.86
2019-04-22,Puttalam,28.24,4.24
2019-04-29,Puttalam,28.75,2.67
2019-05-06,Puttalam,29.34,0.46
2019-05-13,Puttalam,28.91,1.33
2019-05-20,Puttalam,28.51,1.89
2019-05-27,Puttalam,29.26,1.04
2019-06-03,Puttalam,28.34,5.94
2019-06-10,Puttalam,28.54,3.01
2019-06-17,Puttalam,28.91,1.16
2019-06-24,Puttalam,28.78,1.61
2019-07-01,Puttalam,28.71,1.36
2019-07-08,Puttalam,28.28,1.97
2019-07-15,Puttalam,28.31,2.34
2019-07-22,Puttalam,28.2,1.06
2019-07-29,Puttalam,28.51,1.04
2019-08-05,Puttalam,27.3,8.93
2019-08-12,Puttalam,27.91,4.77
2019-08-19,Puttalam,27.1,9.19
2019-08-26,Puttalam,26.99,4.99
2019-09-02,Puttalam,27.74,1.8
2019-09-09,Puttalam,27.51,5.34
2019-09-16,Puttalam,26.94,5.79
2019-09-23,Puttalam,26.6,11.36
2019-09-30,Puttalam,26.44,16.39
2019-10-07,Puttalam,26.49,22.44
2019-10-14,Puttalam,26.84,38.11
2019-10-21,Puttalam,26.19,8.69
2019-10-28,Puttalam,26.21,11.39
2019-11-04,Puttalam,26.91,3.19
2019-11-11,Puttalam,27.13,3.39
2019-11-18,Puttalam,27.12,5.31
2019-11-25,Puttalam,26.84,11.2
2019-12-02,Puttalam,26.7,7.7
2019-12-09,Puttalam,26.56,2.54
2019-12-16,Puttalam,26.53,6.63
2019-12-23,Puttalam,26.51,0.9
2019-12-30,Puttalam,27.22,0.8
2020-01-06,Puttalam,26.56,0.17
2020-01-13,Puttalam,25.96,0.54
2020-01-20,Puttalam,27.28,0.5
2020-01-27,Puttalam,26.79,0.0
2020-02-03,Puttalam,27.7,0.0
2020-02-10,Puttalam,27.95,0.37
2020-02-17,Puttalam,28.12,0.34
2020-02-24,Puttalam,28.87,0.0
2020-03-02,Puttalam,27.55,1.49
2020-03-09,Puttalam,28.99,0.0
2020-03-16,Puttalam,29.45,1.93
2020-03-23,Puttalam,28.98,0.86
2020-03-30,Puttalam,28.91,2.33
2020-04-06,Puttalam,28.56,3.17
2020-04-13,Puttalam,28.56,4.74
2020-04-20,Puttalam,28.67,6.86
2020-04-27,Puttalam,29.02,1.74
2020-05-04,Puttalam,28.76,4.39
2020-05-11,Puttalam,28.46,5.61
2020-05-18,Puttalam,28.81,5.69
2020-05-25,Puttalam,28.49,2.36
2020-06-01,Puttalam,27.94,7.5
2020-06-08,Puttalam,28.36,4.3
2020-06-15,Puttalam,28.61,1.26
2020-06-22,Puttalam,28.21,3.63
2020-06-29,Puttalam,28.14,2.2
2020-07-06,Puttalam,28.16,2.87
2020-07-13,Puttalam,28.17,1.53
2020-07-20,Puttalam,27.24,3.31
2020-07-27,Puttalam,27.55,4.76
2020-08-03,Puttalam,26.98,7.8
2020-08-10,Puttalam,27.58,0.5
2020-08-17,Puttalam,27.81,0.69
2020-08-24,Puttalam,28.19,0.57
2020-08-31,Puttalam,26.88,9.47
2020-09-07,Puttalam,26.89,5.21
2020-09-14,Puttalam,27.41,6.26
2020-09-21,Puttalam,27.01,4.34
2020-09-28,Puttalam,27.15,4.66
2020-10-05,Puttalam,27.51,2.99
2020-10-12,Puttalam,27.31,3.64
2020-10-19,Puttalam,27.63,0.64
2020-10-26,Puttalam,27.19,1.33
2020-11-02,Puttalam,27.54,7.61
2020-11-09,Puttalam,27.14,13.94
2020-11-16,Puttalam,26.86,8.99
2020-11-23,Puttalam,26.42,2.51
2020-11-30,Puttalam,26.06,16.34
2020-12-07,Puttalam,26.64,0.89
2020-12-14,Puttalam,25.91,5.14
2020-12-21,Puttalam,25.07,25.97
2020-12-28,Puttalam,26.29,4.86
2021-01-04,Puttalam,26.26,7.83
2021-01-11,Puttalam,26.21,8.17
2021-01-18,Puttalam,26.04,0.64
2021-01-25,Puttalam,25.39,1.49
2021-02-01,Puttalam,26.03,1.26
2021-02-08,Puttalam,25.61,0.06
2021-02-15,Puttalam,26.64,0.54
2021-02-22,Puttalam,26.94,0.04
2021-03-01,Puttalam,27.56,0.84
2021-03-08,Puttalam,28.16,2.51
2021-03-15,Puttalam,27.79,1.71
2021-03-22,Puttalam,28.39,6.59
2021-03-29,Puttalam,28.59,0.1
2021-04-05,Puttalam,28.37,3.07
2021-04-12,Puttalam,27.41,6.31
2021-04-19,Puttalam,28.14,2.37
2021-04-26,Puttalam,28.09,4.61
2021-05-03,Puttalam,27.52,9.7
2021-05-10,Puttalam,27.82,10.06
2021-05-17,Puttalam,27.85,6.51
2021-05-24,Puttalam,27.68,9.63
2021-05-31,Puttalam,27.57,7.13
2021-06-07,Puttalam,27.85,2.69
2021-06-14,Puttalam,27.91,0.76
2021-06-21,Puttalam,27.93,2.91
2021-06-28,Puttalam,27.36,2.91
2021-07-05,Puttalam,27.5,4.5
2021-07-12,Puttalam,27.8,0.8
2021-07-19,Puttalam,27.59,2.69
2021-07-26,Puttalam,27.68,0.54
2021-08-02,Puttalam,27.79,1.27
2021-08-09,Puttalam,27.73,1.71
2021-08-16,Puttalam,27.37,1.19
2021-08-23,Puttalam,27.31,2.84
2021-08-30,Puttalam,27.3,2.84
2021-09-06,Puttalam,27.69,1.43
2021-09-13,Puttalam,27.82,3.3
2021-09-20,Puttalam,27.85,3.4
2021-09-27,Puttalam,26.96,4.57
2021-10-04,Puttalam,26.81,12.14
2021-10-11,Puttalam,27.25,7.61
2021-10-18,Puttalam,26.71,7.57
2021-10-25,Puttalam,26.08,18.66
2021-11-01,Puttalam,25.96,18.04
2021-11-08,Puttalam,25.34,38.96
2021-11-15,Puttalam,26.64,9.13
2021-11-22,Puttalam,26.26,12.43
2021-11-29,Puttalam,26.39,6.93
2021-12-06,Puttalam,27.11,2.06
2021-12-13,Puttalam,26.36,6.77
2021-12-20,Puttalam,25.67,0.21
2021-12-27,Puttalam,26.18,2.37
2022-01-03,Puttalam,26.39,3.1
2022-01-10,Puttalam,26.84,1.71
2022-01-17,Puttalam,25.89,0.26
2022-01-24,Puttalam,26.52,1.03
2022-01-31,Puttalam,26.51,0.13
2022-02-07,Puttalam,26.44,5.47
2022-02-14,Puttalam,26.26,0.53
2022-02-21,Puttalam,27.39,0.73
2022-02-28,Puttalam,26.96,0.26
2022-03-07,Puttalam,27.42,1.03
2022-03-14,Puttalam,27.68,1.17
2022-03-21,Puttalam,27.98,2.21
2022-03-28,Puttalam,27.8,2.24
2022-04-04,Puttalam,26.6,12.43
2022-04-11,Puttalam,27.39,7.09
2022-04-18,Puttalam,27.64,4.86
2022-04-25,Puttalam,28.27,2.94
2022-05-02,Puttalam,28.96,0.86
2022-05-09,Puttalam,28.01,11.44
2022-05-16,Puttalam,27.48,5.43
2022-05-23,Puttalam,27.08,5.74
2022-05-30,Puttalam,27.36,5.14
2022-06-06,Puttalam,27.15,3.63
2022-06-13,Puttalam,27.35,2.67
2022-06-20,Puttalam,27.71,3.17
2022-06-27,Puttalam,28.04,0.96
2022-07-04,Puttalam,27.55,0.17
2022-07-11,Puttalam,27.36,0.69
2022-07-18,Puttalam,27.67,2.64
2022-07-25,Puttalam,27.19,3.74
2022-08-01,Puttalam,26.7,5.86
2022-08-08,Puttalam,27.48,0.34
2022-08-15,Puttalam,27.79,1.14
2022-08-22,Puttalam,26.91,4.57
2022-08-29,Puttalam,26.33,8.76
2022-09-05,Puttalam,26.86,1.74
2022-09-12,Puttalam,26.99,0.93
2022-09-19,Puttalam,27.64,0.67
2022-09-26,Puttalam,27.68,2.94
2022-10-03,Puttalam,27.38,2.04
2022-10-10,Puttalam,26.51,6.61
2022-10-17,Puttalam,26.0,12.19
2022-10-24,Puttalam,26.26,6.13
2022-10-31,Puttalam,25.86,11.94
2022-11-07,Puttalam,25.92,15.17
2022-11-14,Puttalam,25.46,2.19
2022-11-21,Puttalam,26.01,0.54
2022-11-28,Puttalam,27.09,5.46
2022-12-05,Puttalam,25.77,4.04
2022-12-12,Puttalam,25.98,1.96
2022-12-19,Puttalam,25.39,12.23
2022-12-26,Puttalam,26.14,3.19
2023-01-02,Puttalam,25.68,3.9
2023-01-09,Puttalam,24.8,0.0
2023-01-16,Puttalam,25.21,3.61
2023-01-23,Puttalam,25.66,2.19
2023-01-30,Puttalam,26.03,11.21
2023-02-06,Puttalam,26.16,0.47
2023-02-13,Puttalam,25.67,1.33
2023-02-20,Puttalam,26.62,0.57
2023-02-27,Puttalam,27.2,2.31
2023-03-06,Puttalam,27.83,0.74
2023-03-13,Puttalam,27.74,4.26
2023-03-20,Puttalam,27.29,3.21
2023-03-27,Puttalam,27.91,1.8
2023-04-03,Puttalam,28.06,3.61
2023-04-10,Puttalam,28.71,3.14
2023-04-17,Puttalam,28.66,2.06
2023-04-24,Puttalam,28.01,12.76
2023-05-01,Puttalam,26.99,15.96
2023-05-08,Puttalam,28.38,3.53
2023-05-15,Puttalam,28.79,0.77
2023-05-22,Puttalam,28.84,0.8
2023-05-29,Puttalam,28.74,1.19
2023-06-05,Puttalam,28.81,2.26
2023-06-12,Puttalam,28.66,3.09
2023-06-19,Puttalam,28.09,3.73
2023-06-26,Puttalam,27.89,4.94
2023-07-03,Puttalam,27.88,1.91
2023-07-10,Puttalam,28.19,0.84
2023-07-17,Puttalam,28.75,0.53
2023-07-24,Puttalam,28.44,0.54
2023-07-31,Puttalam,29.17,0.0
2023-08-07,Puttalam,29.09,0.63
2023-08-14,Puttalam,28.9,0.17
2023-08-21,Puttalam,29.52,0.09
2023-08-28,Puttalam,28.08,5.74
2023-09-04,Puttalam,27.19,11.11
2023-09-11,Puttalam,27.73,3.37
2023-09-18,Puttalam,27.38,2.67
2023-09-25,Puttalam,27.19,15.03
2023-10-02,Puttalam,27.19,4.24
2023-10-09,Puttalam,26.95,8.37
2023-10-16,Puttalam,26.4,10.29
2023-10-23,Puttalam,26.65,13.09
2023-10-30,Puttalam,26.5,18.9
2023-11-06,Puttalam,26.46,20.74
2023-11-13,Puttalam,26.31,13.31
2023-11-20,Puttalam,26.76,15.8
2023-11-27,Puttalam,26.77,14.13
2023-12-04,Puttalam,26.81,9.84
2023-12-11,Puttalam,26.66,10.83
2023-12-18,Puttalam,26.81,4.34
2023-12-25,Puttalam,27.01,1.73
2024-01-01,Puttalam,26.76,7.37
2024-01-08,Puttalam,26.43,6.09
2024-01-15,Puttalam,26.14,4.77
2024-01-22,Puttalam,26.46,0.3
2024-01-29,Puttalam,27.12,5.73
2024-02-05,Puttalam,27.08,0.23
2024-02-12,Puttalam,28.27,0.77
2024-02-19,Puttalam,28.44,0.67
2024-02-26,Puttalam,29.19,0.24
2024-03-04,Puttalam,28.24,0.19
2024-03-11,Puttalam,28.99,0.13
2024-03-18,Puttalam,29.69,3.4
2024-03-25,Puttalam,29.29,3.87
2024-04-01,Puttalam,28.94,2.5
2024-04-08,Puttalam,29.67,5.01
2024-04-15,Puttalam,28.91,5.06
2024-04-22,Puttalam,29.64,2.47
2024-04-29,Puttalam,29.86,2.7
2024-05-06,Puttalam,29.44,6.64
2024-05-13,Puttalam,27.76,26.3
2024-05-20,Puttalam,27.65,23.63
2024-05-27,Puttalam,28.32,5.39
2024-06-03,Puttalam,27.66,3.87
2024-06-10,Puttalam,28.28,3.2
2024-06-17,Puttalam,27.94,5.61
2024-06-24,Puttalam,27.76,3.21
2024-07-01,Puttalam,27.64,3.1
2024-07-08,Puttalam,27.78,3.46
2024-07-15,Puttalam,28.04,3.17
2024-07-22,Puttalam,28.38,0.59
2024-07-29,Puttalam,28.01,2.51
2024-08-05,Puttalam,28.52,3.19
2024-08-12,Puttalam,27.49,12.59
2024-08-19,Puttalam,27.34,6.2
2024-08-26,Puttalam,27.61,6.14
2024-09-02,Puttalam,27.91,4.66
2024-09-09,Puttalam,27.85,6.14
2024-09-16,Puttalam,28.24,1.41
2024-09-23,Puttalam,28.66,2.91
2024-09-30,Puttalam,27.97,3.06
2024-10-07,Puttalam,26.55,11.09
2024-10-14,Puttalam,27.24,4.53
2024-10-21,Puttalam,26.63,11.76
2024-10-28,Puttalam,26.87,11.17
2024-11-04,Puttalam,26.36,8.24
2024-11-11,Puttalam,26.8,7.2
2024-11-18,Puttalam,26.54,11.9
2024-11-25,Puttalam,25.64,25.87
2024-12-02,Puttalam,27.09,1.16
2024-12-09,Puttalam,26.25,6.03
2024-12-16,Puttalam,26.15,5.43
2024-12-23,Puttalam,25.99,1.56
2024-12-30,Puttalam,26.06,4.83
2025-01-06,Puttalam,26.0,7.1
2025-01-13,Puttalam,25.51,9.04
2025-01-20,Puttalam,25.81,3.71
2025-01-27,Puttalam,26.21,5.41
2025-02-03,Puttalam,26.23,0.07
2025-02-10,Puttalam,26.56,0.3
2025-02-17,Puttalam,27.36,0.01
2025-02-24,Puttalam,27.74,7.8
2025-03-03,Puttalam,27.41,0.84
2025-03-10,Puttalam,27.01,9.17
2025-03-17,Puttalam,28.16,4.19
2025-03-24,Puttalam,28.06,1.34
2025-03-31,Puttalam,27.61,9.64
2025-04-07,Puttalam,27.44,3.5
2025-04-14,Puttalam,29.06,2.57
2025-04-21,Puttalam,28.91,2.64
2025-04-28,Puttalam,28.68,4.96
2025-05-05,Puttalam,29.97,2.34
2025-05-12,Puttalam,29.7,6.36
2025-05-19,Puttalam,28.77,4.1
2025-05-26,Puttalam,28.96,2.36
2025-06-02,Puttalam,29.29,0.76
2025-06-09,Puttalam,28.4,7.26
2025-06-16,Puttalam,28.53,1.54
2025-06-23,Puttalam,28.95,1.56
2025-06-30,Puttalam,29.3,0.07
2025-07-07,Puttalam,29.99,0.03
2025-07-14,Puttalam,28.92,0.81
2025-07-21,Puttalam,27.85,2.19
2025-07-28,Puttalam,29.16,0.69
2025-08-04,Puttalam,28.46,0.97
2025-08-11,Puttalam,27.96,3.04
2025-08-18,Puttalam,28.96,0.74
2025-08-25,Puttalam,28.94,1.71
2025-09-01,Puttalam,29.06,0.59
2025-09-08,Puttalam,29.61,1.37
2025-09-15,Puttalam,28.07,4.89
2025-09-22,Puttalam,28.06,7.16
2025-09-29,Puttalam,28.33,1.47
2025-10-06,Puttalam,28.71,1.89
2025-10-13,Puttalam,27.63,21.91
2025-10-20,Puttalam,26.54,14.77
2025-10-27,Puttalam,28.02,1.9
2025-11-03,Puttalam,27.25,2.76
2025-11-10,Puttalam,26.74,6.7
2025-11-17,Puttalam,26.43,15.67
2025-11-24,Puttalam,24.8,70.27
2025-12-01,Puttalam,26.41,4.84
2025-12-08,Puttalam,25.81,6.44
2025-12-15,Puttalam,25.88,5.31
2025-12-22,Puttalam,25.68,0.97
2025-12-29,Puttalam,26.12,3.86
2026-01-05,Puttalam,25.17,3.91
2026-01-12,Puttalam,25.39,2.51
2026-01-19,Puttalam,24.61,1.04
2026-01-26,Puttalam,25.91,1.56
2026-02-02,Puttalam,26.46,3.87
2026-02-09,Puttalam,26.08,1.97
2026-02-16,Puttalam,26.04,8.24
2026-02-23,Puttalam,26.99,1.03
2026-03-02,Puttalam,27.12,0.91
2026-03-09,Puttalam,28.71,2.09
2026-03-16,Puttalam,28.31,2.57
2026-03-23,Puttalam,29.94,0.17
2026-03-30,Puttalam,29.17,2.17
2026-04-06,Puttalam,29.62,3.19
2026-04-13,Puttalam,29.04,2.64
2026-04-20,Puttalam,28.95,4.81
2026-04-27,Puttalam,29.22,4.31
2026-05-04,Puttalam,28.58,10.04
2026-05-11,Puttalam,27.36,12.89
2026-05-18,Puttalam,28.87,3.23
2026-05-25,Puttalam,29.34,0.8
2026-06-01,Puttalam,29.29,1.73
2026-06-08,Puttalam,28.53,6.14
2026-06-15,Puttalam,28.6,2.23
2026-06-22,Puttalam,28.93,3.01
2026-06-29,Puttalam,29.25,0.83
2026-07-06,Puttalam,29.46,0.34
2026-07-13,Puttalam,29.16,0.39
2026-07-20,Puttalam,29.59,0.33
2026-07-27,Puttalam,29.77,0.65
2013-12-30,Ratnapura,25.55,6.04
2014-01-06,Ratnapura,25.49,6.16
2014-01-13,Ratnapura,25.66,10.0
2014-01-20,Ratnapura,25.48,1.9
2014-01-27,Ratnapura,25.73,9.29
2014-02-03,Ratnapura,24.64,1.27
2014-02-10,Ratnapura,25.1,0.07
2014-02-17,Ratnapura,26.74,6.29
2014-02-24,Ratnapura,26.96,1.36
2014-03-03,Ratnapura,26.9,12.57
2014-03-10,Ratnapura,26.61,0.47
2014-03-17,Ratnapura,26.94,19.84
2014-03-24,Ratnapura,26.99,1.84
2014-03-31,Ratnapura,27.04,22.11
2014-04-07,Ratnapura,26.58,9.63
2014-04-14,Ratnapura,26.28,8.26
2014-04-21,Ratnapura,26.7,28.77
2014-04-28,Ratnapura,26.48,16.97
2014-05-05,Ratnapura,26.61,7.33
2014-05-12,Ratnapura,26.51,3.94
2014-05-19,Ratnapura,26.64,4.44
2014-05-26,Ratnapura,26.64,7.39
2014-06-02,Ratnapura,26.4,12.47
2014-06-09,Ratnapura,26.29,6.73
2014-06-16,Ratnapura,26.09,4.9
2014-06-23,Ratnapura,25.92,4.93
2014-06-30,Ratnapura,25.89,8.84
2014-07-07,Ratnapura,25.89,9.1
2014-07-14,Ratnapura,25.77,3.74
2014-07-21,Ratnapura,25.71,4.99
2014-07-28,Ratnapura,25.52,7.59
2014-08-04,Ratnapura,25.52,4.9
2014-08-11,Ratnapura,25.14,9.11
2014-08-18,Ratnapura,25.5,10.97
2014-08-25,Ratnapura,25.46,2.11
2014-09-01,Ratnapura,25.36,6.66
2014-09-08,Ratnapura,25.41,6.33
2014-09-15,Ratnapura,25.52,6.51
2014-09-22,Ratnapura,25.86,9.3
2014-09-29,Ratnapura,25.82,27.29
2014-10-06,Ratnapura,25.74,5.67
2014-10-13,Ratnapura,25.8,54.11
2014-10-20,Ratnapura,25.94,22.81
2014-10-27,Ratnapura,25.29,22.54
2014-11-03,Ratnapura,25.38,3.0
2014-11-10,Ratnapura,25.76,22.04
2014-11-17,Ratnapura,25.61,30.69
2014-11-24,Ratnapura,24.99,16.83
2014-12-01,Ratnapura,25.76,13.2
2014-12-08,Ratnapura,25.61,26.76
2014-12-15,Ratnapura,25.46,36.26
2014-12-22,Ratnapura,23.87,52.9
2014-12-29,Ratnapura,25.39,1.69
2015-01-05,Ratnapura,25.46,5.99
2015-01-12,Ratnapura,25.21,3.53
2015-01-19,Ratnapura,25.35,6.96
2015-01-26,Ratnapura,25.77,10.41
2015-02-02,Ratnapura,25.96,9.03
2015-02-09,Ratnapura,25.48,16.73
2015-02-16,Ratnapura,24.21,0.63
2015-02-23,Ratnapura,25.94,16.37
2015-03-02,Ratnapura,25.79,4.5
2015-03-09,Ratnapura,25.84,13.13
2015-03-16,Ratnapura,26.08,2.44
2015-03-23,Ratnapura,26.71,20.6
2015-03-30,Ratnapura,26.76,20.13
2015-04-06,Ratnapura,26.67,22.31
2015-04-13,Ratnapura,26.51,9.63
2015-04-20,Ratnapura,26.48,26.01
2015-04-27,Ratnapura,26.85,12.4
2015-05-04,Ratnapura,26.68,15.69
2015-05-11,Ratnapura,26.53,4.1
2015-05-18,Ratnapura,26.53,6.16
2015-05-25,Ratnapura,26.81,4.6
2015-06-01,Ratnapura,26.51,5.91
2015-06-08,Ratnapura,26.39,2.53
2015-06-15,Ratnapura,26.27,4.91
2015-06-22,Ratnapura,26.2,6.51
2015-06-29,Ratnapura,26.14,6.83
2015-07-06,Ratnapura,25.78,6.44
2015-07-13,Ratnapura,25.79,15.16
2015-07-20,Ratnapura,25.58,6.79
2015-07-27,Ratnapura,25.54,1.63
2015-08-03,Ratnapura,25.76,7.84
2015-08-10,Ratnapura,26.05,9.37
2015-08-17,Ratnapura,26.34,10.23
2015-08-24,Ratnapura,25.69,7.67
2015-08-31,Ratnapura,26.35,5.21
2015-09-07,Ratnapura,25.75,3.13
2015-09-14,Ratnapura,25.99,10.39
2015-09-21,Ratnapura,26.01,9.87
2015-09-28,Ratnapura,25.79,7.06
2015-10-05,Ratnapura,26.02,3.56
2015-10-12,Ratnapura,26.34,52.36
2015-10-19,Ratnapura,26.07,69.3
2015-10-26,Ratnapura,25.67,19.4
2015-11-02,Ratnapura,25.78,44.66
2015-11-09,Ratnapura,25.37,21.69
2015-11-16,Ratnapura,26.01,12.79
2015-11-23,Ratnapura,26.01,19.76
2015-11-30,Ratnapura,25.88,19.91
2015-12-07,Ratnapura,26.24,29.64
2015-12-14,Ratnapura,25.66,22.09
2015-12-21,Ratnapura,25.55,3.73
2015-12-28,Ratnapura,26.41,11.06
2016-01-04,Ratnapura,26.23,12.79
2016-01-11,Ratnapura,25.68,1.23
2016-01-18,Ratnapura,26.19,5.74
2016-01-25,Ratnapura,26.38,3.16
2016-02-01,Ratnapura,25.35,1.19
2016-02-08,Ratnapura,27.07,2.43
2016-02-15,Ratnapura,26.52,18.9
2016-02-22,Ratnapura,26.19,10.6
2016-02-29,Ratnapura,27.05,4.44
2016-03-07,Ratnapura,27.46,6.94
2016-03-14,Ratnapura,27.66,4.24
2016-03-21,Ratnapura,27.58,4.03
2016-03-28,Ratnapura,27.74,12.51
2016-04-04,Ratnapura,27.84,9.59
2016-04-11,Ratnapura,27.94,6.36
2016-04-18,Ratnapura,27.91,11.01
2016-04-25,Ratnapura,27.7,13.03
2016-05-02,Ratnapura,27.41,18.5
2016-05-09,Ratnapura,26.38,69.07
2016-05-16,Ratnapura,26.58,31.14
2016-05-23,Ratnapura,26.59,10.64
2016-05-30,Ratnapura,26.39,6.79
2016-06-06,Ratnapura,26.43,7.39
2016-06-13,Ratnapura,26.0,8.74
2016-06-20,Ratnapura,26.04,8.19
2016-06-27,Ratnapura,26.23,4.56
2016-07-04,Ratnapura,26.22,3.26
2016-07-11,Ratnapura,25.79,7.0
2016-07-18,Ratnapura,25.38,5.31
2016-07-25,Ratnapura,25.51,8.43
2016-08-01,Ratnapura,25.8,1.77
2016-08-08,Ratnapura,25.55,4.81
2016-08-15,Ratnapura,25.59,7.37
2016-08-22,Ratnapura,25.56,10.51
2016-08-29,Ratnapura,25.34,6.73
2016-09-05,Ratnapura,25.06,2.44
2016-09-12,Ratnapura,25.26,6.0
2016-09-19,Ratnapura,25.4,4.51
2016-09-26,Ratnapura,25.54,5.39
2016-10-03,Ratnapura,25.16,2.1
2016-10-10,Ratnapura,25.51,5.26
2016-10-17,Ratnapura,25.7,6.64
2016-10-24,Ratnapura,25.59,6.74
2016-10-31,Ratnapura,25.67,15.74
2016-11-07,Ratnapura,25.89,13.27
2016-11-14,Ratnapura,25.56,50.71
2016-11-21,Ratnapura,26.19,20.97
2016-11-28,Ratnapura,24.9,2.39
2016-12-05,Ratnapura,25.77,1.93
2016-12-12,Ratnapura,25.25,4.47
2016-12-19,Ratnapura,24.93,8.34
2016-12-26,Ratnapura,25.56,16.93
2017-01-02,Ratnapura,25.48,0.61
2017-01-09,Ratnapura,25.79,0.11
2017-01-16,Ratnapura,26.9,1.67
2017-01-23,Ratnapura,26.2,11.41
2017-01-30,Ratnapura,25.36,3.73
2017-02-06,Ratnapura,26.87,0.26
2017-02-13,Ratnapura,26.69,3.13
2017-02-20,Ratnapura,26.34,1.96
2017-02-27,Ratnapura,26.81,3.49
2017-03-06,Ratnapura,27.55,3.61
2017-03-13,Ratnapura,27.17,3.06
2017-03-20,Ratnapura,27.71,1.27
2017-03-27,Ratnapura,27.94,10.24
2017-04-03,Ratnapura,27.7,5.47
2017-04-10,Ratnapura,27.29,16.56
2017-04-17,Ratnapura,27.95,3.13
2017-04-24,Ratnapura,28.0,4.43
2017-05-01,Ratnapura,27.68,4.61
2017-05-08,Ratnapura,27.67,8.21
2017-05-15,Ratnapura,27.37,11.0
2017-05-22,Ratnapura,26.49,19.93
2017-05-29,Ratnapura,26.16,25.17
2017-06-05,Ratnapura,26.78,9.91
2017-06-12,Ratnapura,26.79,10.21
2017-06-19,Ratnapura,26.23,19.36
2017-06-26,Ratnapura,26.48,9.07
2017-07-03,Ratnapura,26.47,10.91
2017-07-10,Ratnapura,26.57,9.21
2017-07-17,Ratnapura,26.78,10.17
2017-07-24,Ratnapura,26.62,11.13
2017-07-31,Ratnapura,26.04,22.36
2017-08-07,Ratnapura,26.35,13.04
2017-08-14,Ratnapura,26.15,16.56
2017-08-21,Ratnapura,26.31,14.04
2017-08-28,Ratnapura,26.54,17.77
2017-09-04,Ratnapura,25.71,26.77
2017-09-11,Ratnapura,26.56,11.67
2017-09-18,Ratnapura,26.51,10.23
2017-09-25,Ratnapura,26.31,15.21
2017-10-02,Ratnapura,26.5,11.89
2017-10-09,Ratnapura,25.91,19.36
2017-10-16,Ratnapura,26.45,12.59
2017-10-23,Ratnapura,26.57,9.74
2017-10-30,Ratnapura,25.94,13.27
2017-11-06,Ratnapura,25.92,13.07
2017-11-13,Ratnapura,26.23,1.66
2017-11-20,Ratnapura,25.53,11.4
2017-11-27,Ratnapura,25.29,30.09
2017-12-04,Ratnapura,25.95,0.87
2017-12-11,Ratnapura,26.21,3.23
2017-12-18,Ratnapura,25.69,3.49
2017-12-25,Ratnapura,26.09,1.74
2018-01-01,Ratnapura,25.52,0.39
2018-01-08,Ratnapura,25.69,1.96
2018-01-15,Ratnapura,25.81,0.07
2018-01-22,Ratnapura,27.04,0.03
2018-01-29,Ratnapura,26.66,2.76
2018-02-05,Ratnapura,26.82,5.29
2018-02-12,Ratnapura,27.3,0.83
2018-02-19,Ratnapura,27.45,1.69
2018-02-26,Ratnapura,26.78,11.96
2018-03-05,Ratnapura,26.4,3.86
2018-03-12,Ratnapura,27.76,3.31
2018-03-19,Ratnapura,28.06,1.33
2018-03-26,Ratnapura,27.91,6.04
2018-04-02,Ratnapura,27.64,5.51
2018-04-09,Ratnapura,27.49,11.86
2018-04-16,Ratnapura,27.55,5.19
2018-04-23,Ratnapura,27.68,7.73
2018-04-30,Ratnapura,27.44,7.84
2018-05-07,Ratnapura,27.16,15.66
2018-05-14,Ratnapura,26.59,19.54
2018-05-21,Ratnapura,25.86,29.17
2018-05-28,Ratnapura,26.69,17.61
2018-06-04,Ratnapura,26.62,22.96
2018-06-11,Ratnapura,26.44,19.77
2018-06-18,Ratnapura,26.19,17.43
2018-06-25,Ratnapura,26.34,15.29
2018-07-02,Ratnapura,26.32,12.14
2018-07-09,Ratnapura,25.81,21.04
2018-07-16,Ratnapura,26.69,9.34
2018-07-23,Ratnapura,26.19,8.81
2018-07-30,Ratnapura,26.26,13.76
2018-08-06,Ratnapura,25.64,15.97
2018-08-13,Ratnapura,25.69,21.9
2018-08-20,Ratnapura,26.17,3.36
2018-08-27,Ratnapura,26.35,6.2
2018-09-03,Ratnapura,26.24,1.89
2018-09-10,Ratnapura,26.99,1.03
2018-09-17,Ratnapura,26.41,19.71
2018-09-24,Ratnapura,26.44,18.76
2018-10-01,Ratnapura,26.46,20.43
2018-10-08,Ratnapura,25.91,13.37
2018-10-15,Ratnapura,26.11,10.37
2018-10-22,Ratnapura,26.32,32.36
2018-10-29,Ratnapura,26.25,8.59
2018-11-05,Ratnapura,25.76,16.27
2018-11-12,Ratnapura,25.94,5.4
2018-11-19,Ratnapura,26.05,13.59
2018-11-26,Ratnapura,26.24,2.04
2018-12-03,Ratnapura,26.31,7.7
2018-12-10,Ratnapura,25.3,0.09
2018-12-17,Ratnapura,25.86,4.43
2018-12-24,Ratnapura,25.96,9.46
2018-12-31,Ratnapura,25.93,0.36
2019-01-07,Ratnapura,25.85,1.91
2019-01-14,Ratnapura,25.42,5.73
2019-01-21,Ratnapura,26.2,0.63
2019-01-28,Ratnapura,26.84,0.94
2019-02-04,Ratnapura,26.64,16.93
2019-02-11,Ratnapura,26.86,9.17
2019-02-18,Ratnapura,26.91,0.53
2019-02-25,Ratnapura,27.11,4.73
2019-03-04,Ratnapura,27.13,5.76
2019-03-11,Ratnapura,27.29,0.69
2019-03-18,Ratnapura,27.43,3.9
2019-03-25,Ratnapura,27.88,0.59
2019-04-01,Ratnapura,28.55,0.33
2019-04-08,Ratnapura,28.59,4.56
2019-04-15,Ratnapura,28.11,14.34
2019-04-22,Ratnapura,27.72,10.06
2019-04-29,Ratnapura,27.21,14.54
2019-05-06,Ratnapura,27.7,2.71
2019-05-13,Ratnapura,27.62,6.97
2019-05-20,Ratnapura,27.4,8.91
2019-05-27,Ratnapura,27.61,10.79
2019-06-03,Ratnapura,26.86,21.7
2019-06-10,Ratnapura,27.52,11.87
2019-06-17,Ratnapura,27.08,15.59
2019-06-24,Ratnapura,27.32,10.77
2019-07-01,Ratnapura,27.42,5.69
2019-07-08,Ratnapura,26.95,8.03
2019-07-15,Ratnapura,26.67,21.54
2019-07-22,Ratnapura,26.54,8.76
2019-07-29,Ratnapura,26.88,7.19
2019-08-05,Ratnapura,26.26,24.83
2019-08-12,Ratnapura,26.04,25.41
2019-08-19,Ratnapura,26.01,25.71
2019-08-26,Ratnapura,26.08,22.17
2019-09-02,Ratnapura,26.82,10.57
2019-09-09,Ratnapura,26.25,16.79
2019-09-16,Ratnapura,26.26,25.64
2019-09-23,Ratnapura,25.9,15.14
2019-09-30,Ratnapura,26.33,20.66
2019-10-07,Ratnapura,26.18,21.67
2019-10-14,Ratnapura,26.58,36.1
2019-10-21,Ratnapura,25.44,18.44
2019-10-28,Ratnapura,25.92,7.97
2019-11-04,Ratnapura,26.56,8.06
2019-11-11,Ratnapura,26.64,6.7
2019-11-18,Ratnapura,26.36,13.24
2019-11-25,Ratnapura,26.08,8.83
2019-12-02,Ratnapura,25.89,7.73
2019-12-09,Ratnapura,25.86,4.54
2019-12-16,Ratnapura,25.81,9.2
2019-12-23,Ratnapura,26.39,4.1
2019-12-30,Ratnapura,26.89,0.87
2020-01-06,Ratnapura,26.28,1.01
2020-01-13,Ratnapura,25.99,0.4
2020-01-20,Ratnapura,27.0,0.31
2020-01-27,Ratnapura,26.79,0.26
2020-02-03,Ratnapura,27.25,1.61
2020-02-10,Ratnapura,27.79,4.1
2020-02-17,Ratnapura,27.52,0.39
2020-02-24,Ratnapura,28.66,0.89
2020-03-02,Ratnapura,28.89,1.23
2020-03-09,Ratnapura,29.19,0.7
2020-03-16,Ratnapura,28.19,2.11
2020-03-23,Ratnapura,28.69,2.61
2020-03-30,Ratnapura,28.35,3.33
2020-04-06,Ratnapura,28.39,5.94
2020-04-13,Ratnapura,28.22,10.19
2020-04-20,Ratnapura,28.18,12.47
2020-04-27,Ratnapura,28.41,5.69
2020-05-04,Ratnapura,27.76,7.4
2020-05-11,Ratnapura,27.55,14.99
2020-05-18,Ratnapura,26.95,22.3
2020-05-25,Ratnapura,27.39,13.61
2020-06-01,Ratnapura,27.06,11.06
2020-06-08,Ratnapura,27.24,16.66
2020-06-15,Ratnapura,27.48,11.33
2020-06-22,Ratnapura,26.82,12.46
2020-06-29,Ratnapura,26.93,12.73
2020-07-06,Ratnapura,26.71,14.09
2020-07-13,Ratnapura,27.04,14.56
2020-07-20,Ratnapura,26.27,12.06
2020-07-27,Ratnapura,26.23,23.6
2020-08-03,Ratnapura,26.19,28.74
2020-08-10,Ratnapura,26.64,6.31
2020-08-17,Ratnapura,26.99,3.66
2020-08-24,Ratnapura,27.23,3.11
2020-08-31,Ratnapura,26.21,21.49
2020-09-07,Ratnapura,25.99,17.97
2020-09-14,Ratnapura,25.88,21.63
2020-09-21,Ratnapura,26.24,16.87
2020-09-28,Ratnapura,26.23,11.97
2020-10-05,Ratnapura,26.39,8.59
2020-10-12,Ratnapura,26.21,13.01
2020-10-19,Ratnapura,26.5,8.91
2020-10-26,Ratnapura,26.57,4.29
2020-11-02,Ratnapura,26.84,42.71
2020-11-09,Ratnapura,26.66,13.46
2020-11-16,Ratnapura,26.25,8.63
2020-11-23,Ratnapura,26.17,1.37
2020-11-30,Ratnapura,26.07,5.99
2020-12-07,Ratnapura,26.29,1.56
2020-12-14,Ratnapura,25.74,3.16
2020-12-21,Ratnapura,25.49,5.53
2020-12-28,Ratnapura,25.79,5.09
2021-01-04,Ratnapura,25.71,8.47
2021-01-11,Ratnapura,25.71,13.43
2021-01-18,Ratnapura,26.15,4.8
2021-01-25,Ratnapura,25.53,3.84
2021-02-01,Ratnapura,25.94,4.36
2021-02-08,Ratnapura,25.89,1.89
2021-02-15,Ratnapura,26.69,0.5
2021-02-22,Ratnapura,26.9,1.79
2021-03-01,Ratnapura,26.51,1.93
2021-03-08,Ratnapura,26.61,8.43
2021-03-15,Ratnapura,26.44,3.99
2021-03-22,Ratnapura,26.62,22.34
2021-03-29,Ratnapura,27.15,3.0
2021-04-05,Ratnapura,27.27,4.77
2021-04-12,Ratnapura,26.98,13.59
2021-04-19,Ratnapura,27.11,6.0
2021-04-26,Ratnapura,27.51,8.57
2021-05-03,Ratnapura,27.46,47.76
2021-05-10,Ratnapura,27.52,15.21
2021-05-17,Ratnapura,27.36,8.67
2021-05-24,Ratnapura,26.51,33.34
2021-05-31,Ratnapura,26.61,19.29
2021-06-07,Ratnapura,26.61,17.34
2021-06-14,Ratnapura,26.91,4.4
2021-06-21,Ratnapura,26.31,12.2
2021-06-28,Ratnapura,26.74,12.21
2021-07-05,Ratnapura,26.48,20.61
2021-07-12,Ratnapura,26.95,10.73
2021-07-19,Ratnapura,26.57,20.86
2021-07-26,Ratnapura,26.54,12.21
2021-08-02,Ratnapura,26.34,21.5
2021-08-09,Ratnapura,26.24,19.4
2021-08-16,Ratnapura,26.22,10.0
2021-08-23,Ratnapura,26.04,21.54
2021-08-30,Ratnapura,26.17,15.43
2021-09-06,Ratnapura,26.59,12.14
2021-09-13,Ratnapura,26.61,15.43
2021-09-20,Ratnapura,26.91,17.74
2021-09-27,Ratnapura,26.21,14.99
2021-10-04,Ratnapura,26.43,15.76
2021-10-11,Ratnapura,26.54,10.27
2021-10-18,Ratnapura,26.35,12.69
2021-10-25,Ratnapura,25.64,15.99
2021-11-01,Ratnapura,25.67,20.97
2021-11-08,Ratnapura,25.46,11.49
2021-11-15,Ratnapura,25.59,10.4
2021-11-22,Ratnapura,25.64,19.2
2021-11-29,Ratnapura,25.79,11.56
2021-12-06,Ratnapura,26.14,4.54
2021-12-13,Ratnapura,25.7,10.41
2021-12-20,Ratnapura,25.51,1.27
2021-12-27,Ratnapura,25.22,1.16
2022-01-03,Ratnapura,25.91,10.03
2022-01-10,Ratnapura,26.1,1.66
2022-01-17,Ratnapura,25.56,0.33
2022-01-24,Ratnapura,25.85,0.36
2022-01-31,Ratnapura,26.51,0.79
2022-02-07,Ratnapura,26.53,7.19
2022-02-14,Ratnapura,26.76,0.69
2022-02-21,Ratnapura,26.94,3.76
2022-02-28,Ratnapura,27.46,0.97
2022-03-07,Ratnapura,27.64,3.03
2022-03-14,Ratnapura,26.74,4.57
2022-03-21,Ratnapura,27.37,2.6
2022-03-28,Ratnapura,27.29,7.56
2022-04-04,Ratnapura,26.11,18.77
2022-04-11,Ratnapura,27.15,10.81
2022-04-18,Ratnapura,26.88,6.64
2022-04-25,Ratnapura,27.23,11.44
2022-05-02,Ratnapura,27.41,6.71
2022-05-09,Ratnapura,26.16,44.83
2022-05-16,Ratnapura,26.6,13.54
2022-05-23,Ratnapura,25.91,18.2
2022-05-30,Ratnapura,25.71,24.33
2022-06-06,Ratnapura,26.29,6.1
2022-06-13,Ratnapura,26.35,13.46
2022-06-20,Ratnapura,26.16,11.94
2022-06-27,Ratnapura,26.5,16.0
2022-07-04,Ratnapura,26.56,4.33
2022-07-11,Ratnapura,26.35,8.61
2022-07-18,Ratnapura,26.36,11.94
2022-07-25,Ratnapura,26.41,8.39
2022-08-01,Ratnapura,25.34,22.73
2022-08-08,Ratnapura,26.49,3.2
2022-08-15,Ratnapura,26.61,3.34
2022-08-22,Ratnapura,25.66,19.43
2022-08-29,Ratnapura,25.67,21.29
2022-09-05,Ratnapura,26.06,12.81
2022-09-12,Ratnapura,26.04,2.4
2022-09-19,Ratnapura,26.44,3.64
2022-09-26,Ratnapura,25.72,17.76
2022-10-03,Ratnapura,25.59,13.0
2022-10-10,Ratnapura,25.72,18.8
2022-10-17,Ratnapura,24.94,17.57
2022-10-24,Ratnapura,26.06,6.83
2022-10-31,Ratnapura,25.41,18.57
2022-11-07,Ratnapura,25.44,15.73
2022-11-14,Ratnapura,25.43,5.03
2022-11-21,Ratnapura,25.71,1.9
2022-11-28,Ratnapura,26.19,15.53
2022-12-05,Ratnapura,25.04,6.36
2022-12-12,Ratnapura,25.32,1.96
2022-12-19,Ratnapura,25.3,11.97
2022-12-26,Ratnapura,25.36,1.19
2023-01-02,Ratnapura,25.34,5.07
2023-01-09,Ratnapura,24.74,1.79
2023-01-16,Ratnapura,25.14,1.49
2023-01-23,Ratnapura,25.26,3.93
2023-01-30,Ratnapura,25.6,9.2
2023-02-06,Ratnapura,25.86,2.19
2023-02-13,Ratnapura,26.06,2.5
2023-02-20,Ratnapura,25.94,8.34
2023-02-27,Ratnapura,25.99,3.19
2023-03-06,Ratnapura,26.45,2.49
2023-03-13,Ratnapura,27.21,4.04
2023-03-20,Ratnapura,27.24,6.5
2023-03-27,Ratnapura,27.77,2.04
2023-04-03,Ratnapura,27.38,3.64
2023-04-10,Ratnapura,27.9,2.39
2023-04-17,Ratnapura,28.41,4.39
2023-04-24,Ratnapura,27.77,10.67
2023-05-01,Ratnapura,26.62,18.04
2023-05-08,Ratnapura,26.85,11.6
2023-05-15,Ratnapura,27.71,6.29
2023-05-22,Ratnapura,27.36,4.89
2023-05-29,Ratnapura,27.24,8.06
2023-06-05,Ratnapura,26.86,7.67
2023-06-12,Ratnapura,26.82,9.0
2023-06-19,Ratnapura,26.71,10.21
2023-06-26,Ratnapura,26.24,23.07
2023-07-03,Ratnapura,25.98,25.04
2023-07-10,Ratnapura,26.8,7.54
2023-07-17,Ratnapura,26.81,7.97
2023-07-24,Ratnapura,26.45,7.26
2023-07-31,Ratnapura,26.96,3.61
2023-08-07,Ratnapura,27.06,4.49
2023-08-14,Ratnapura,26.77,3.26
2023-08-21,Ratnapura,27.41,3.4
2023-08-28,Ratnapura,26.34,29.51
2023-09-04,Ratnapura,25.84,34.17
2023-09-11,Ratnapura,26.39,22.71
2023-09-18,Ratnapura,26.43,16.6
2023-09-25,Ratnapura,26.18,23.41
2023-10-02,Ratnapura,26.44,36.79
2023-10-09,Ratnapura,26.26,20.04
2023-10-16,Ratnapura,25.77,19.69
2023-10-23,Ratnapura,26.49,15.4
2023-10-30,Ratnapura,26.24,22.77
2023-11-06,Ratnapura,26.26,25.03
2023-11-13,Ratnapura,26.34,14.83
2023-11-20,Ratnapura,26.46,25.46
2023-11-27,Ratnapura,26.05,17.43
2023-12-04,Ratnapura,26.17,28.03
2023-12-11,Ratnapura,26.2,11.76
2023-12-18,Ratnapura,26.44,15.93
2023-12-25,Ratnapura,26.13,3.46
2024-01-01,Ratnapura,26.44,14.01
2024-01-08,Ratnapura,25.76,3.6
2024-01-15,Ratnapura,25.48,1.16
2024-01-22,Ratnapura,26.51,0.04
2024-01-29,Ratnapura,26.99,5.17
2024-02-05,Ratnapura,26.05,0.37
2024-02-12,Ratnapura,27.44,1.07
2024-02-19,Ratnapura,28.18,0.59
2024-02-26,Ratnapura,28.42,0.47
2024-03-04,Ratnapura,28.44,0.64
2024-03-11,Ratnapura,28.99,0.61
2024-03-18,Ratnapura,28.84,6.54
2024-03-25,Ratnapura,28.33,5.7
2024-04-01,Ratnapura,29.06,9.71
2024-04-08,Ratnapura,28.82,6.06
2024-04-15,Ratnapura,28.54,4.21
2024-04-22,Ratnapura,29.26,3.77
2024-04-29,Ratnapura,29.06,5.07
2024-05-06,Ratnapura,28.61,13.8
2024-05-13,Ratnapura,27.73,21.1
2024-05-20,Ratnapura,26.69,38.29
2024-05-27,Ratnapura,26.56,41.99
2024-06-03,Ratnapura,27.16,7.64
2024-06-10,Ratnapura,27.32,5.21
2024-06-17,Ratnapura,26.78,21.2
2024-06-24,Ratnapura,26.59,12.4
2024-07-01,Ratnapura,26.83,12.67
2024-07-08,Ratnapura,26.87,8.66
2024-07-15,Ratnapura,27.04,11.27
2024-07-22,Ratnapura,27.61,8.97
2024-07-29,Ratnapura,26.69,15.83
2024-08-05,Ratnapura,26.82,10.2
2024-08-12,Ratnapura,26.53,26.9
2024-08-19,Ratnapura,26.56,10.53
2024-08-26,Ratnapura,26.54,13.83
2024-09-02,Ratnapura,26.42,20.23
2024-09-09,Ratnapura,26.67,8.46
2024-09-16,Ratnapura,26.7,9.29
2024-09-23,Ratnapura,26.66,14.39
2024-09-30,Ratnapura,27.46,3.46
2024-10-07,Ratnapura,26.07,30.41
2024-10-14,Ratnapura,26.25,10.21
2024-10-21,Ratnapura,26.13,12.59
2024-10-28,Ratnapura,26.41,10.79
2024-11-04,Ratnapura,26.29,9.26
2024-11-11,Ratnapura,26.83,14.11
2024-11-18,Ratnapura,26.49,17.84
2024-11-25,Ratnapura,25.59,13.74
2024-12-02,Ratnapura,27.08,2.59
2024-12-09,Ratnapura,26.91,6.81
2024-12-16,Ratnapura,26.44,7.14
2024-12-23,Ratnapura,26.36,2.06
2024-12-30,Ratnapura,25.79,11.19
2025-01-06,Ratnapura,26.25,8.19
2025-01-13,Ratnapura,25.16,13.36
2025-01-20,Ratnapura,26.04,3.2
2025-01-27,Ratnapura,26.9,2.71
2025-02-03,Ratnapura,26.31,0.33
2025-02-10,Ratnapura,27.15,0.53
2025-02-17,Ratnapura,27.27,0.83
2025-02-24,Ratnapura,27.28,13.21
2025-03-03,Ratnapura,27.18,2.6
2025-03-10,Ratnapura,27.12,3.44
2025-03-17,Ratnapura,27.63,3.14
2025-03-24,Ratnapura,28.01,5.16
2025-03-31,Ratnapura,27.36,14.56
2025-04-07,Ratnapura,26.67,16.8
2025-04-14,Ratnapura,27.84,4.57
2025-04-21,Ratnapura,27.79,10.1
2025-04-28,Ratnapura,27.62,11.73
2025-05-05,Ratnapura,27.76,7.21
2025-05-12,Ratnapura,27.23,11.31
2025-05-19,Ratnapura,27.0,15.17
2025-05-26,Ratnapura,26.67,17.46
2025-06-02,Ratnapura,27.66,4.6
2025-06-09,Ratnapura,25.72,37.87
2025-06-16,Ratnapura,26.66,10.31
2025-06-23,Ratnapura,26.53,10.17
2025-06-30,Ratnapura,27.03,9.11
2025-07-07,Ratnapura,26.97,8.29
2025-07-14,Ratnapura,25.84,26.57
2025-07-21,Ratnapura,26.04,19.79
2025-07-28,Ratnapura,27.04,7.14
2025-08-04,Ratnapura,26.74,5.53
2025-08-11,Ratnapura,25.8,12.66
2025-08-18,Ratnapura,26.99,2.91
2025-08-25,Ratnapura,26.74,17.13
2025-09-01,Ratnapura,26.79,5.59
2025-09-08,Ratnapura,27.27,8.56
2025-09-15,Ratnapura,26.22,16.01
2025-09-22,Ratnapura,25.81,21.87
2025-09-29,Ratnapura,26.8,5.43
2025-10-06,Ratnapura,27.14,4.63
2025-10-13,Ratnapura,27.17,20.53
2025-10-20,Ratnapura,25.95,14.27
2025-10-27,Ratnapura,27.54,2.1
2025-11-03,Ratnapura,26.52,7.74
2025-11-10,Ratnapura,26.67,11.26
2025-11-17,Ratnapura,26.78,13.07
2025-11-24,Ratnapura,24.61,47.74
2025-12-01,Ratnapura,26.6,3.7
2025-12-08,Ratnapura,26.53,9.97
2025-12-15,Ratnapura,26.3,5.06
2025-12-22,Ratnapura,26.35,1.2
2025-12-29,Ratnapura,26.77,2.67
2026-01-05,Ratnapura,26.06,7.16
2026-01-12,Ratnapura,26.39,2.17
2026-01-19,Ratnapura,25.88,0.14
2026-01-26,Ratnapura,26.83,1.76
2026-02-02,Ratnapura,26.86,7.57
2026-02-09,Ratnapura,26.4,7.59
2026-02-16,Ratnapura,26.57,9.91
2026-02-23,Ratnapura,27.61,1.4
2026-03-02,Ratnapura,27.7,1.0
2026-03-09,Ratnapura,28.61,2.04
2026-03-16,Ratnapura,28.74,1.87
2026-03-23,Ratnapura,29.56,2.51
2026-03-30,Ratnapura,28.99,3.23
2026-04-06,Ratnapura,28.84,6.91
2026-04-13,Ratnapura,29.1,3.63
2026-04-20,Ratnapura,28.81,9.36
2026-04-27,Ratnapura,28.63,8.4
2026-05-04,Ratnapura,28.29,6.96
2026-05-11,Ratnapura,27.23,12.4
2026-05-18,Ratnapura,27.01,15.81
2026-05-25,Ratnapura,27.39,14.69
2026-06-01,Ratnapura,27.66,15.5
2026-06-08,Ratnapura,26.76,15.37
2026-06-15,Ratnapura,26.76,13.46
2026-06-22,Ratnapura,26.89,20.3
2026-06-29,Ratnapura,26.76,9.93
2026-07-06,Ratnapura,27.76,3.87
2026-07-13,Ratnapura,27.58,3.89
2026-07-20,Ratnapura,27.9,4.23
2026-07-27,Ratnapura,27.29,12.12
2013-12-30,Trincomalee,24.5,16.62
2014-01-06,Trincomalee,25.12,8.19
2014-01-13,Trincomalee,24.96,8.74
2014-01-20,Trincomalee,25.44,1.01
2014-01-27,Trincomalee,25.4,2.4
2014-02-03,Trincomalee,25.36,0.07
2014-02-10,Trincomalee,25.91,0.14
2014-02-17,Trincomalee,26.57,1.39
2014-02-24,Trincomalee,26.74,1.44
2014-03-03,Trincomalee,27.18,1.03
2014-03-10,Trincomalee,27.37,0.0
2014-03-17,Trincomalee,27.96,1.81
2014-03-24,Trincomalee,28.05,0.07
2014-03-31,Trincomalee,28.69,1.29
2014-04-07,Trincomalee,29.48,0.33
2014-04-14,Trincomalee,29.37,0.17
2014-04-21,Trincomalee,29.37,1.09
2014-04-28,Trincomalee,28.22,5.24
2014-05-05,Trincomalee,28.34,9.39
2014-05-12,Trincomalee,29.87,0.41
2014-05-19,Trincomalee,30.49,0.11
2014-05-26,Trincomalee,30.63,0.2
2014-06-02,Trincomalee,30.6,0.37
2014-06-09,Trincomalee,31.22,0.01
2014-06-16,Trincomalee,31.29,0.03
2014-06-23,Trincomalee,30.99,0.0
2014-06-30,Trincomalee,30.55,1.0
2014-07-07,Trincomalee,30.04,0.0
2014-07-14,Trincomalee,30.69,0.03
2014-07-21,Trincomalee,31.02,0.26
2014-07-28,Trincomalee,30.79,0.06
2014-08-04,Trincomalee,30.36,1.63
2014-08-11,Trincomalee,29.33,5.14
2014-08-18,Trincomalee,28.21,6.66
2014-08-25,Trincomalee,29.23,0.0
2014-09-01,Trincomalee,29.19,0.76
2014-09-08,Trincomalee,29.74,1.77
2014-09-15,Trincomalee,30.12,0.1
2014-09-22,Trincomalee,28.94,6.96
2014-09-29,Trincomalee,27.62,4.29
2014-10-06,Trincomalee,29.12,0.73
2014-10-13,Trincomalee,27.57,11.66
2014-10-20,Trincomalee,26.78,6.23
2014-10-27,Trincomalee,26.8,4.56
2014-11-03,Trincomalee,26.64,3.41
2014-11-10,Trincomalee,26.58,6.66
2014-11-17,Trincomalee,25.68,19.99
2014-11-24,Trincomalee,25.19,22.49
2014-12-01,Trincomalee,25.7,7.49
2014-12-08,Trincomalee,25.97,6.76
2014-12-15,Trincomalee,25.43,31.03
2014-12-22,Trincomalee,24.3,48.33
2014-12-29,Trincomalee,25.95,2.01
2015-01-05,Trincomalee,25.69,0.74
2015-01-12,Trincomalee,25.64,0.71
2015-01-19,Trincomalee,25.79,1.31
2015-01-26,Trincomalee,25.78,1.57
2015-02-02,Trincomalee,25.44,5.84
2015-02-09,Trincomalee,25.69,7.24
2015-02-16,Trincomalee,25.85,0.23
2015-02-23,Trincomalee,26.09,3.24
2015-03-02,Trincomalee,27.33,0.36
2015-03-09,Trincomalee,26.79,5.37
2015-03-16,Trincomalee,26.81,0.26
2015-03-23,Trincomalee,27.62,1.57
2015-03-30,Trincomalee,28.32,1.17
2015-04-06,Trincomalee,28.49,0.86
2015-04-13,Trincomalee,27.81,2.61
2015-04-20,Trincomalee,28.49,2.87
2015-04-27,Trincomalee,29.24,0.47
2015-05-04,Trincomalee,28.84,4.79
2015-05-11,Trincomalee,28.34,7.69
2015-05-18,Trincomalee,29.76,0.04
2015-05-25,Trincomalee,30.47,0.49
2015-06-01,Trincomalee,29.64,2.17
2015-06-08,Trincomalee,30.16,0.19
2015-06-15,Trincomalee,30.11,0.19
2015-06-22,Trincomalee,30.59,0.17
2015-06-29,Trincomalee,30.39,0.11
2015-07-06,Trincomalee,30.69,0.07
2015-07-13,Trincomalee,30.56,0.61
2015-07-20,Trincomalee,29.54,0.64
2015-07-27,Trincomalee,30.26,0.79
2015-08-03,Trincomalee,30.51,0.0
2015-08-10,Trincomalee,30.44,3.07
2015-08-17,Trincomalee,29.06,0.6
2015-08-24,Trincomalee,30.09,0.06
2015-08-31,Trincomalee,29.37,5.79
2015-09-07,Trincomalee,28.88,1.53
2015-09-14,Trincomalee,29.69,0.26
2015-09-21,Trincomalee,29.56,4.71
2015-09-28,Trincomalee,28.21,7.74
2015-10-05,Trincomalee,28.97,2.17
2015-10-12,Trincomalee,27.32,5.06
2015-10-19,Trincomalee,26.92,11.59
2015-10-26,Trincomalee,26.14,24.76
2015-11-02,Trincomalee,26.24,11.79
2015-11-09,Trincomalee,26.5,32.39
2015-11-16,Trincomalee,26.68,9.24
2015-11-23,Trincomalee,26.31,10.37
2015-11-30,Trincomalee,26.26,11.34
2015-12-07,Trincomalee,26.26,16.14
2015-12-14,Trincomalee,26.32,6.64
2015-12-21,Trincomalee,26.68,3.64
2015-12-28,Trincomalee,26.0,7.4
2016-01-04,Trincomalee,26.28,2.17
2016-01-11,Trincomalee,26.31,0.41
2016-01-18,Trincomalee,26.64,1.74
2016-01-25,Trincomalee,26.63,0.3
2016-02-01,Trincomalee,26.84,0.0
2016-02-08,Trincomalee,27.02,0.36
2016-02-15,Trincomalee,27.22,4.17
2016-02-22,Trincomalee,27.23,1.4
2016-02-29,Trincomalee,27.51,1.26
2016-03-07,Trincomalee,28.16,0.71
2016-03-14,Trincomalee,28.32,0.0
2016-03-21,Trincomalee,29.13,0.01
2016-03-28,Trincomalee,28.65,2.01
2016-04-04,Trincomalee,29.67,0.43
2016-04-11,Trincomalee,30.53,0.13
2016-04-18,Trincomalee,30.85,0.37
2016-04-25,Trincomalee,30.71,0.06
2016-05-02,Trincomalee,30.23,1.46
2016-05-09,Trincomalee,27.88,21.79
2016-05-16,Trincomalee,28.86,8.31
2016-05-23,Trincomalee,30.04,0.09
2016-05-30,Trincomalee,30.07,0.04
2016-06-06,Trincomalee,29.89,0.06
2016-06-13,Trincomalee,30.26,0.09
2016-06-20,Trincomalee,29.92,0.2
2016-06-27,Trincomalee,30.61,0.04
2016-07-04,Trincomalee,30.65,0.27
2016-07-11,Trincomalee,30.41,0.76
2016-07-18,Trincomalee,29.35,2.09
2016-07-25,Trincomalee,28.88,3.29
2016-08-01,Trincomalee,30.37,0.39
2016-08-08,Trincomalee,30.31,1.03
2016-08-15,Trincomalee,30.27,1.51
2016-08-22,Trincomalee,29.33,1.53
2016-08-29,Trincomalee,29.57,0.27
2016-09-05,Trincomalee,30.06,0.0
2016-09-12,Trincomalee,30.44,0.8
2016-09-19,Trincomalee,30.41,0.5
2016-09-26,Trincomalee,30.57,0.19
2016-10-03,Trincomalee,30.59,0.14
2016-10-10,Trincomalee,30.05,1.66
2016-10-17,Trincomalee,28.82,2.9
2016-10-24,Trincomalee,28.46,3.74
2016-10-31,Trincomalee,27.03,7.41
2016-11-07,Trincomalee,26.83,1.9
2016-11-14,Trincomalee,26.11,12.79
2016-11-21,Trincomalee,26.51,6.31
2016-11-28,Trincomalee,25.27,6.96
2016-12-05,Trincomalee,26.44,1.14
2016-12-12,Trincomalee,26.65,1.24
2016-12-19,Trincomalee,25.39,3.51
2016-12-26,Trincomalee,25.88,6.63
2017-01-02,Trincomalee,25.69,1.33
2017-01-09,Trincomalee,25.32,0.3
2017-01-16,Trincomalee,25.57,8.11
2017-01-23,Trincomalee,25.21,21.8
2017-01-30,Trincomalee,25.84,0.73
2017-02-06,Trincomalee,24.96,0.0
2017-02-13,Trincomalee,26.09,3.87
2017-02-20,Trincomalee,26.39,0.3
2017-02-27,Trincomalee,26.34,12.24
2017-03-06,Trincomalee,27.34,3.9
2017-03-13,Trincomalee,27.23,1.16
2017-03-20,Trincomalee,27.02,0.06
2017-03-27,Trincomalee,27.84,1.66
2017-04-03,Trincomalee,28.87,0.57
2017-04-10,Trincomalee,29.86,0.87
2017-04-17,Trincomalee,31.98,0.0
2017-04-24,Trincomalee,31.36,0.04
2017-05-01,Trincomalee,29.71,2.56
2017-05-08,Trincomalee,29.95,2.11
2017-05-15,Trincomalee,32.0,0.81
2017-05-22,Trincomalee,30.96,1.33
2017-05-29,Trincomalee,30.94,0.36
2017-06-05,Trincomalee,31.33,0.79
2017-06-12,Trincomalee,31.44,0.83
2017-06-19,Trincomalee,30.32,0.91
2017-06-26,Trincomalee,31.32,0.49
2017-07-03,Trincomalee,31.01,2.71
2017-07-10,Trincomalee,30.41,0.59
2017-07-17,Trincomalee,31.43,0.46
2017-07-24,Trincomalee,31.4,3.47
2017-07-31,Trincomalee,30.31,1.24
2017-08-07,Trincomalee,29.86,6.46
2017-08-14,Trincomalee,29.14,1.33
2017-08-21,Trincomalee,30.48,3.07
2017-08-28,Trincomalee,29.59,2.97
2017-09-04,Trincomalee,28.54,3.33
2017-09-11,Trincomalee,28.68,1.77
2017-09-18,Trincomalee,30.1,0.69
2017-09-25,Trincomalee,30.22,0.43
2017-10-02,Trincomalee,30.32,4.67
2017-10-09,Trincomalee,28.61,7.27
2017-10-16,Trincomalee,29.24,1.76
2017-10-23,Trincomalee,27.65,7.01
2017-10-30,Trincomalee,26.09,15.66
2017-11-06,Trincomalee,26.2,11.8
2017-11-13,Trincomalee,27.3,1.4
2017-11-20,Trincomalee,26.55,11.67
2017-11-27,Trincomalee,26.04,22.27
2017-12-04,Trincomalee,25.93,3.26
2017-12-11,Trincomalee,26.12,3.59
2017-12-18,Trincomalee,26.31,2.79
2017-12-25,Trincomalee,25.76,4.2
2018-01-01,Trincomalee,25.51,0.16
2018-01-08,Trincomalee,25.51,2.21
2018-01-15,Trincomalee,25.5,0.3
2018-01-22,Trincomalee,25.39,0.79
2018-01-29,Trincomalee,25.53,1.44
2018-02-05,Trincomalee,26.29,2.04
2018-02-12,Trincomalee,26.26,1.37
2018-02-19,Trincomalee,26.41,1.31
2018-02-26,Trincomalee,26.54,4.63
2018-03-05,Trincomalee,27.24,0.84
2018-03-12,Trincomalee,27.03,7.37
2018-03-19,Trincomalee,27.39,0.0
2018-03-26,Trincomalee,28.02,2.54
2018-04-02,Trincomalee,27.66,2.36
2018-04-09,Trincomalee,27.74,3.79
2018-04-16,Trincomalee,28.7,0.59
2018-04-23,Trincomalee,29.19,0.59
2018-04-30,Trincomalee,30.07,4.69
2018-05-07,Trincomalee,28.75,7.16
2018-05-14,Trincomalee,28.32,4.74
2018-05-21,Trincomalee,28.26,5.41
2018-05-28,Trincomalee,29.86,0.23
2018-06-04,Trincomalee,29.7,0.3
2018-06-11,Trincomalee,30.43,0.07
2018-06-18,Trincomalee,30.24,0.09
2018-06-25,Trincomalee,30.78,2.19
2018-07-02,Trincomalee,30.59,0.6
2018-07-09,Trincomalee,30.39,0.04
2018-07-16,Trincomalee,31.39,0.0
2018-07-23,Trincomalee,31.04,3.03
2018-07-30,Trincomalee,30.88,0.5
2018-08-06,Trincomalee,30.58,1.16
2018-08-13,Trincomalee,30.16,0.23
2018-08-20,Trincomalee,30.17,2.29
2018-08-27,Trincomalee,29.78,2.93
2018-09-03,Trincomalee,30.19,0.29
2018-09-10,Trincomalee,30.24,0.49
2018-09-17,Trincomalee,30.58,3.1
2018-09-24,Trincomalee,27.44,5.11
2018-10-01,Trincomalee,27.13,5.77
2018-10-08,Trincomalee,27.95,6.96
2018-10-15,Trincomalee,26.78,7.84
2018-10-22,Trincomalee,26.21,18.14
2018-10-29,Trincomalee,26.15,14.59
2018-11-05,Trincomalee,26.24,29.13
2018-11-12,Trincomalee,26.77,1.69
2018-11-19,Trincomalee,26.33,12.56
2018-11-26,Trincomalee,26.51,6.01
2018-12-03,Trincomalee,26.49,7.54
2018-12-10,Trincomalee,26.01,1.27
2018-12-17,Trincomalee,25.61,6.51
2018-12-24,Trincomalee,26.01,3.23
2018-12-31,Trincomalee,25.68,1.11
2019-01-07,Trincomalee,25.86,1.43
2019-01-14,Trincomalee,25.82,0.57
2019-01-21,Trincomalee,26.11,1.19
2019-01-28,Trincomalee,26.24,1.43
2019-02-04,Trincomalee,26.36,3.8
2019-02-11,Trincomalee,26.86,1.94
2019-02-18,Trincomalee,27.14,0.31
2019-02-25,Trincomalee,27.4,1.11
2019-03-04,Trincomalee,28.09,0.19
2019-03-11,Trincomalee,28.37,0.17
2019-03-18,Trincomalee,28.51,0.36
2019-03-25,Trincomalee,28.16,0.09
2019-04-01,Trincomalee,28.76,0.04
2019-04-08,Trincomalee,29.56,0.3
2019-04-15,Trincomalee,29.39,1.8
2019-04-22,Trincomalee,29.9,0.76
2019-04-29,Trincomalee,31.24,0.43
2019-05-06,Trincomalee,32.37,0.06
2019-05-13,Trincomalee,31.94,0.59
2019-05-20,Trincomalee,30.76,2.3
2019-05-27,Trincomalee,32.06,0.13
2019-06-03,Trincomalee,30.99,1.81
2019-06-10,Trincomalee,31.37,0.17
2019-06-17,Trincomalee,32.39,0.03
2019-06-24,Trincomalee,31.95,0.16
2019-07-01,Trincomalee,31.72,0.0
2019-07-08,Trincomalee,30.86,2.0
2019-07-15,Trincomalee,30.71,1.91
2019-07-22,Trincomalee,30.28,1.41
2019-07-29,Trincomalee,31.42,0.5
2019-08-05,Trincomalee,30.28,1.47
2019-08-12,Trincomalee,29.82,6.31
2019-08-19,Trincomalee,29.01,0.83
2019-08-26,Trincomalee,29.55,0.03
2019-09-02,Trincomalee,30.91,0.09
2019-09-09,Trincomalee,29.84,4.43
2019-09-16,Trincomalee,29.04,11.9
2019-09-23,Trincomalee,27.34,5.67
2019-09-30,Trincomalee,26.96,4.21
2019-10-07,Trincomalee,27.14,1.77
2019-10-14,Trincomalee,26.74,8.44
2019-10-21,Trincomalee,26.4,10.16
2019-10-28,Trincomalee,26.43,11.64
2019-11-04,Trincomalee,27.51,1.66
2019-11-11,Trincomalee,26.82,3.26
2019-11-18,Trincomalee,26.77,7.36
2019-11-25,Trincomalee,26.57,14.27
2019-12-02,Trincomalee,26.26,12.77
2019-12-09,Trincomalee,26.13,6.17
2019-12-16,Trincomalee,26.11,9.83
2019-12-23,Trincomalee,26.47,9.3
2019-12-30,Trincomalee,26.89,2.23
2020-01-06,Trincomalee,26.71,1.54
2020-01-13,Trincomalee,26.15,1.3
2020-01-20,Trincomalee,26.84,3.03
2020-01-27,Trincomalee,26.74,0.01
2020-02-03,Trincomalee,27.05,0.44
2020-02-10,Trincomalee,27.31,1.0
2020-02-17,Trincomalee,27.06,2.2
2020-02-24,Trincomalee,27.44,0.76
2020-03-02,Trincomalee,27.27,0.14
2020-03-09,Trincomalee,28.08,0.36
2020-03-16,Trincomalee,28.19,0.81
2020-03-23,Trincomalee,28.39,0.07
2020-03-30,Trincomalee,28.7,0.57
2020-04-06,Trincomalee,29.46,0.64
2020-04-13,Trincomalee,29.22,0.86
2020-04-20,Trincomalee,30.04,0.81
2020-04-27,Trincomalee,30.08,1.11
2020-05-04,Trincomalee,29.73,4.31
2020-05-11,Trincomalee,28.84,5.34
2020-05-18,Trincomalee,30.82,0.24
2020-05-25,Trincomalee,31.0,0.91
2020-06-01,Trincomalee,30.6,0.86
2020-06-08,Trincomalee,31.1,0.36
2020-06-15,Trincomalee,31.76,0.94
2020-06-22,Trincomalee,29.11,4.91
2020-06-29,Trincomalee,30.54,0.99
2020-07-06,Trincomalee,30.03,4.07
2020-07-13,Trincomalee,29.94,1.24
2020-07-20,Trincomalee,29.23,1.96
2020-07-27,Trincomalee,28.99,2.24
2020-08-03,Trincomalee,29.39,0.54
2020-08-10,Trincomalee,30.53,0.0
2020-08-17,Trincomalee,31.32,0.61
2020-08-24,Trincomalee,30.62,2.27
2020-08-31,Trincomalee,28.81,9.99
2020-09-07,Trincomalee,28.84,1.09
2020-09-14,Trincomalee,29.78,0.67
2020-09-21,Trincomalee,29.94,2.53
2020-09-28,Trincomalee,29.66,1.16
2020-10-05,Trincomalee,30.16,1.93
2020-10-12,Trincomalee,30.43,3.09
2020-10-19,Trincomalee,29.94,4.23
2020-10-26,Trincomalee,27.89,4.97
2020-11-02,Trincomalee,27.31,6.37
2020-11-09,Trincomalee,26.55,14.4
2020-11-16,Trincomalee,26.74,8.7
2020-11-23,Trincomalee,26.27,7.2
2020-11-30,Trincomalee,26.22,29.4
2020-12-07,Trincomalee,26.41,2.56
2020-12-14,Trincomalee,25.6,10.67
2020-12-21,Trincomalee,25.24,24.77
2020-12-28,Trincomalee,25.91,9.41
2021-01-04,Trincomalee,25.73,7.77
2021-01-11,Trincomalee,25.61,33.57
2021-01-18,Trincomalee,26.03,23.3
2021-01-25,Trincomalee,25.89,13.4
2021-02-01,Trincomalee,25.92,3.16
2021-02-08,Trincomalee,25.64,0.67
2021-02-15,Trincomalee,26.07,2.1
2021-02-22,Trincomalee,26.49,0.81
2021-03-01,Trincomalee,27.32,0.64
2021-03-08,Trincomalee,27.21,2.06
2021-03-15,Trincomalee,27.83,0.4
2021-03-22,Trincomalee,28.18,1.31
2021-03-29,Trincomalee,30.12,0.11
2021-04-05,Trincomalee,28.46,1.04
2021-04-12,Trincomalee,28.16,5.97
2021-04-19,Trincomalee,29.44,0.59
2021-04-26,Trincomalee,28.92,3.31
2021-05-03,Trincomalee,28.41,2.36
2021-05-10,Trincomalee,29.05,2.81
2021-05-17,Trincomalee,29.61,1.29
2021-05-24,Trincomalee,30.18,0.6
2021-05-31,Trincomalee,30.0,4.07
2021-06-07,Trincomalee,30.16,0.44
2021-06-14,Trincomalee,30.54,0.07
2021-06-21,Trincomalee,30.39,4.56
2021-06-28,Trincomalee,29.91,1.79
2021-07-05,Trincomalee,29.17,6.36
2021-07-12,Trincomalee,29.94,2.81
2021-07-19,Trincomalee,30.41,0.13
2021-07-26,Trincomalee,30.91,0.44
2021-08-02,Trincomalee,31.16,1.44
2021-08-09,Trincomalee,29.56,5.46
2021-08-16,Trincomalee,29.49,0.96
2021-08-23,Trincomalee,29.37,0.83
2021-08-30,Trincomalee,29.26,1.31
2021-09-06,Trincomalee,30.61,0.16
2021-09-13,Trincomalee,30.51,4.79
2021-09-20,Trincomalee,29.49,5.39
2021-09-27,Trincomalee,28.04,5.9
2021-10-04,Trincomalee,28.26,2.26
2021-10-11,Trincomalee,29.5,1.14
2021-10-18,Trincomalee,28.13,10.33
2021-10-25,Trincomalee,26.41,11.6
2021-11-01,Trincomalee,26.59,17.27
2021-11-08,Trincomalee,26.45,10.51
2021-11-15,Trincomalee,27.4,7.4
2021-11-22,Trincomalee,25.88,19.56
2021-11-29,Trincomalee,26.4,2.13
2021-12-06,Trincomalee,27.0,3.17
2021-12-13,Trincomalee,26.19,5.99
2021-12-20,Trincomalee,26.31,1.5
2021-12-27,Trincomalee,25.79,10.53
2022-01-03,Trincomalee,25.69,5.44
2022-01-10,Trincomalee,26.36,3.99
2022-01-17,Trincomalee,25.39,0.41
2022-01-24,Trincomalee,25.59,1.84
2022-01-31,Trincomalee,26.18,0.37
2022-02-07,Trincomalee,26.01,15.07
2022-02-14,Trincomalee,26.38,1.34
2022-02-21,Trincomalee,26.39,2.01
2022-02-28,Trincomalee,26.61,2.3
2022-03-07,Trincomalee,27.06,0.7
2022-03-14,Trincomalee,27.96,2.04
2022-03-21,Trincomalee,28.44,0.69
2022-03-28,Trincomalee,28.24,1.37
2022-04-04,Trincomalee,27.1,6.1
2022-04-11,Trincomalee,28.02,5.76
2022-04-18,Trincomalee,28.04,4.61
2022-04-25,Trincomalee,28.98,2.1
2022-05-02,Trincomalee,30.46,0.67
2022-05-09,Trincomalee,29.99,1.13
2022-05-16,Trincomalee,30.24,0.37
2022-05-23,Trincomalee,29.81,1.56
2022-05-30,Trincomalee,30.21,0.33
2022-06-06,Trincomalee,30.24,0.26
2022-06-13,Trincomalee,29.04,6.36
2022-06-20,Trincomalee,29.89,0.8
2022-06-27,Trincomalee,30.77,3.79
2022-07-04,Trincomalee,30.69,0.26
2022-07-11,Trincomalee,30.59,0.23
2022-07-18,Trincomalee,29.29,5.14
2022-07-25,Trincomalee,27.55,3.57
2022-08-01,Trincomalee,28.41,0.91
2022-08-08,Trincomalee,30.21,0.53
2022-08-15,Trincomalee,30.04,2.14
2022-08-22,Trincomalee,29.14,6.44
2022-08-29,Trincomalee,27.95,5.43
2022-09-05,Trincomalee,28.92,1.63
2022-09-12,Trincomalee,29.85,0.44
2022-09-19,Trincomalee,30.48,0.36
2022-09-26,Trincomalee,30.0,1.7
2022-10-03,Trincomalee,28.98,11.84
2022-10-10,Trincomalee,27.26,12.44
2022-10-17,Trincomalee,26.59,7.83
2022-10-24,Trincomalee,26.94,6.4
2022-10-31,Trincomalee,26.1,22.81
2022-11-07,Trincomalee,25.95,19.57
2022-11-14,Trincomalee,25.82,3.87
2022-11-21,Trincomalee,26.76,0.56
2022-11-28,Trincomalee,26.21,5.03
2022-12-05,Trincomalee,24.74,13.71
2022-12-12,Trincomalee,26.16,4.2
2022-12-19,Trincomalee,25.41,11.81
2022-12-26,Trincomalee,26.06,2.19
2023-01-02,Trincomalee,25.5,8.54
2023-01-09,Trincomalee,25.56,0.03
2023-01-16,Trincomalee,25.8,3.74
2023-01-23,Trincomalee,25.72,2.14
2023-01-30,Trincomalee,25.43,16.06
2023-02-06,Trincomalee,26.0,1.86
2023-02-13,Trincomalee,26.05,0.74
2023-02-20,Trincomalee,26.51,0.36
2023-02-27,Trincomalee,26.36,5.74
2023-03-06,Trincomalee,26.85,2.39
2023-03-13,Trincomalee,27.49,2.09
2023-03-20,Trincomalee,27.63,2.39
2023-03-27,Trincomalee,27.93,0.26
2023-04-03,Trincomalee,28.35,0.87
2023-04-10,Trincomalee,29.51,0.19
2023-04-17,Trincomalee,30.1,2.49
2023-04-24,Trincomalee,27.92,4.97
2023-05-01,Trincomalee,27.99,11.96
2023-05-08,Trincomalee,29.26,0.71
2023-05-15,Trincomalee,30.46,1.36
2023-05-22,Trincomalee,30.93,0.54
2023-05-29,Trincomalee,31.27,0.84
2023-06-05,Trincomalee,31.64,0.3
2023-06-12,Trincomalee,31.55,0.96
2023-06-19,Trincomalee,30.93,0.64
2023-06-26,Trincomalee,30.77,0.76
2023-07-03,Trincomalee,30.06,0.5
2023-07-10,Trincomalee,30.84,2.17
2023-07-17,Trincomalee,31.57,0.07
2023-07-24,Trincomalee,31.36,0.86
2023-07-31,Trincomalee,31.71,0.8
2023-08-07,Trincomalee,30.82,3.67
2023-08-14,Trincomalee,30.85,0.11
2023-08-21,Trincomalee,31.04,0.63
2023-08-28,Trincomalee,29.99,8.63
2023-09-04,Trincomalee,29.25,0.64
2023-09-11,Trincomalee,30.4,4.01
2023-09-18,Trincomalee,29.46,15.24
2023-09-25,Trincomalee,29.43,5.14
2023-10-02,Trincomalee,28.69,10.47
2023-10-09,Trincomalee,27.59,23.07
2023-10-16,Trincomalee,27.14,14.99
2023-10-23,Trincomalee,27.06,3.54
2023-10-30,Trincomalee,26.56,8.8
2023-11-06,Trincomalee,26.46,14.34
2023-11-13,Trincomalee,26.32,16.77
2023-11-20,Trincomalee,26.76,14.2
2023-11-27,Trincomalee,26.16,20.4
2023-12-04,Trincomalee,27.06,9.89
2023-12-11,Trincomalee,26.28,18.86
2023-12-18,Trincomalee,26.31,6.06
2023-12-25,Trincomalee,26.27,7.5
2024-01-01,Trincomalee,26.79,4.84
2024-01-08,Trincomalee,26.62,11.07
2024-01-15,Trincomalee,25.99,2.81
2024-01-22,Trincomalee,26.99,1.07
2024-01-29,Trincomalee,26.67,4.16
2024-02-05,Trincomalee,27.49,0.21
2024-02-12,Trincomalee,27.56,2.21
2024-02-19,Trincomalee,27.87,0.09
2024-02-26,Trincomalee,28.26,0.53
2024-03-04,Trincomalee,27.36,0.0
2024-03-11,Trincomalee,28.16,0.31
2024-03-18,Trincomalee,27.64,3.24
2024-03-25,Trincomalee,27.89,1.01
2024-04-01,Trincomalee,29.27,0.14
2024-04-08,Trincomalee,28.52,4.74
2024-04-15,Trincomalee,29.43,0.54
2024-04-22,Trincomalee,29.76,0.1
2024-04-29,Trincomalee,31.2,0.5
2024-05-06,Trincomalee,30.09,8.71
2024-05-13,Trincomalee,28.54,25.74
2024-05-20,Trincomalee,29.2,1.49
2024-05-27,Trincomalee,30.48,3.81
2024-06-03,Trincomalee,29.59,2.44
2024-06-10,Trincomalee,30.5,0.06
2024-06-17,Trincomalee,30.56,1.11
2024-06-24,Trincomalee,30.72,0.47
2024-07-01,Trincomalee,30.71,0.74
2024-07-08,Trincomalee,30.8,2.24
2024-07-15,Trincomalee,30.76,0.06
2024-07-22,Trincomalee,32.19,0.03
2024-07-29,Trincomalee,31.4,3.29
2024-08-05,Trincomalee,29.32,12.14
2024-08-12,Trincomalee,28.5,5.73
2024-08-19,Trincomalee,28.79,2.03
2024-08-26,Trincomalee,29.75,0.34
2024-09-02,Trincomalee,30.54,2.34
2024-09-09,Trincomalee,31.29,0.29
2024-09-16,Trincomalee,31.24,2.57
2024-09-23,Trincomalee,30.12,3.79
2024-09-30,Trincomalee,29.17,8.31
2024-10-07,Trincomalee,27.46,18.63
2024-10-14,Trincomalee,28.35,3.13
2024-10-21,Trincomalee,28.0,12.53
2024-10-28,Trincomalee,27.17,10.01
2024-11-04,Trincomalee,26.76,5.49
2024-11-11,Trincomalee,26.95,6.11
2024-11-18,Trincomalee,25.8,22.03
2024-11-25,Trincomalee,25.46,54.03
2024-12-02,Trincomalee,27.08,0.61
2024-12-09,Trincomalee,26.36,6.71
2024-12-16,Trincomalee,26.34,15.04
2024-12-23,Trincomalee,26.31,1.46
2024-12-30,Trincomalee,26.14,8.99
2025-01-06,Trincomalee,25.58,11.11
2025-01-13,Trincomalee,25.54,12.61
2025-01-20,Trincomalee,26.05,5.29
2025-01-27,Trincomalee,26.41,4.11
2025-02-03,Trincomalee,26.52,0.7
2025-02-10,Trincomalee,26.24,0.29
2025-02-17,Trincomalee,27.01,0.0
2025-02-24,Trincomalee,26.49,18.97
2025-03-03,Trincomalee,26.56,0.06
2025-03-10,Trincomalee,26.62,6.86
2025-03-17,Trincomalee,27.67,2.01
2025-03-24,Trincomalee,27.59,0.67
2025-03-31,Trincomalee,27.64,6.03
2025-04-07,Trincomalee,28.64,2.91
2025-04-14,Trincomalee,29.01,2.24
2025-04-21,Trincomalee,28.84,11.01
2025-04-28,Trincomalee,28.51,8.21
2025-05-05,Trincomalee,29.52,3.8
2025-05-12,Trincomalee,29.7,2.74
2025-05-19,Trincomalee,29.72,0.49
2025-05-26,Trincomalee,30.77,0.61
2025-06-02,Trincomalee,30.91,0.54
2025-06-09,Trincomalee,30.11,0.63
2025-06-16,Trincomalee,30.5,0.27
2025-06-23,Trincomalee,31.1,0.29
2025-06-30,Trincomalee,31.55,0.06
2025-07-07,Trincomalee,31.6,1.19
2025-07-14,Trincomalee,30.39,4.04
2025-07-21,Trincomalee,30.41,0.34
2025-07-28,Trincomalee,30.1,4.09
2025-08-04,Trincomalee,29.32,4.76
2025-08-11,Trincomalee,29.51,0.43
2025-08-18,Trincomalee,30.11,0.16
2025-08-25,Trincomalee,30.26,1.24
2025-09-01,Trincomalee,30.71,5.33
2025-09-08,Trincomalee,29.63,2.37
2025-09-15,Trincomalee,29.35,1.83
2025-09-22,Trincomalee,29.95,0.66
2025-09-29,Trincomalee,30.23,5.26
2025-10-06,Trincomalee,28.28,7.43
2025-10-13,Trincomalee,27.52,12.66
2025-10-20,Trincomalee,26.91,16.13
2025-10-27,Trincomalee,28.46,0.16
2025-11-03,Trincomalee,27.84,3.6
2025-11-10,Trincomalee,26.31,22.16
2025-11-17,Trincomalee,25.96,21.13
2025-11-24,Trincomalee,25.37,67.79
2025-12-01,Trincomalee,26.84,4.34
2025-12-08,Trincomalee,25.4,15.61
2025-12-15,Trincomalee,25.66,7.91
2025-12-22,Trincomalee,25.95,1.4
2025-12-29,Trincomalee,26.03,5.96
2026-01-05,Trincomalee,25.29,19.26
2026-01-12,Trincomalee,25.47,2.6
2026-01-19,Trincomalee,25.43,2.43
2026-01-26,Trincomalee,25.94,2.97
2026-02-02,Trincomalee,26.11,4.69
2026-02-09,Trincomalee,25.86,3.7
2026-02-16,Trincomalee,25.74,13.67
2026-02-23,Trincomalee,26.33,0.17
2026-03-02,Trincomalee,26.06,0.4
2026-03-09,Trincomalee,27.14,0.69
2026-03-16,Trincomalee,27.66,3.09
2026-03-23,Trincomalee,28.22,0.1
2026-03-30,Trincomalee,28.09,3.96
2026-04-06,Trincomalee,29.24,0.59
2026-04-13,Trincomalee,29.33,2.57
2026-04-20,Trincomalee,29.36,1.54
2026-04-27,Trincomalee,30.26,3.99
2026-05-04,Trincomalee,29.11,9.5
2026-05-11,Trincomalee,27.89,11.83
2026-05-18,Trincomalee,30.02,0.67
2026-05-25,Trincomalee,30.64,0.46
2026-06-01,Trincomalee,30.76,0.6
2026-06-08,Trincomalee,29.96,1.76
2026-06-15,Trincomalee,30.71,2.8
2026-06-22,Trincomalee,30.61,2.86
2026-06-29,Trincomalee,31.45,0.43
2026-07-06,Trincomalee,31.88,0.64
2026-07-13,Trincomalee,31.31,0.21
2026-07-20,Trincomalee,31.67,0.87
2026-07-27,Trincomalee,32.0,0.35
2013-12-30,Vavuniya,23.8,10.3
2014-01-06,Vavuniya,24.55,5.13
2014-01-13,Vavuniya,24.22,11.6
2014-01-20,Vavuniya,24.29,0.71
2014-01-27,Vavuniya,24.82,1.49
2014-02-03,Vavuniya,24.45,0.0
2014-02-10,Vavuniya,25.34,0.01
2014-02-17,Vavuniya,26.73,0.77
2014-02-24,Vavuniya,26.99,0.63
2014-03-03,Vavuniya,27.37,0.64
2014-03-10,Vavuniya,27.39,0.0
2014-03-17,Vavuniya,29.03,1.3
2014-03-24,Vavuniya,28.97,0.01
2014-03-31,Vavuniya,30.25,3.91
2014-04-07,Vavuniya,29.22,1.96
2014-04-14,Vavuniya,29.61,0.41
2014-04-21,Vavuniya,29.25,5.01
2014-04-28,Vavuniya,27.91,11.01
2014-05-05,Vavuniya,27.64,9.26
2014-05-12,Vavuniya,29.09,0.54
2014-05-19,Vavuniya,29.69,0.29
2014-05-26,Vavuniya,29.96,0.53
2014-06-02,Vavuniya,29.88,1.14
2014-06-09,Vavuniya,30.69,0.23
2014-06-16,Vavuniya,30.57,0.5
2014-06-23,Vavuniya,30.39,0.31
2014-06-30,Vavuniya,30.4,1.76
2014-07-07,Vavuniya,29.44,0.24
2014-07-14,Vavuniya,29.99,0.29
2014-07-21,Vavuniya,30.29,0.61
2014-07-28,Vavuniya,29.99,0.61
2014-08-04,Vavuniya,29.88,2.13
2014-08-11,Vavuniya,28.81,3.9
2014-08-18,Vavuniya,27.81,5.84
2014-08-25,Vavuniya,28.55,0.1
2014-09-01,Vavuniya,28.72,0.43
2014-09-08,Vavuniya,29.73,1.04
2014-09-15,Vavuniya,29.81,0.21
2014-09-22,Vavuniya,28.91,8.51
2014-09-29,Vavuniya,27.29,8.77
2014-10-06,Vavuniya,27.87,2.41
2014-10-13,Vavuniya,27.09,13.06
2014-10-20,Vavuniya,26.39,10.9
2014-10-27,Vavuniya,26.06,4.44
2014-11-03,Vavuniya,25.45,5.0
2014-11-10,Vavuniya,26.09,5.49
2014-11-17,Vavuniya,25.14,12.84
2014-11-24,Vavuniya,24.23,21.8
2014-12-01,Vavuniya,24.96,3.26
2014-12-08,Vavuniya,25.51,7.51
2014-12-15,Vavuniya,24.7,15.77
2014-12-22,Vavuniya,23.42,20.29
2014-12-29,Vavuniya,25.26,2.76
2015-01-05,Vavuniya,24.66,0.14
2015-01-12,Vavuniya,24.64,0.24
2015-01-19,Vavuniya,25.01,0.43
2015-01-26,Vavuniya,25.04,0.63
2015-02-02,Vavuniya,24.75,4.09
2015-02-09,Vavuniya,25.24,2.57
2015-02-16,Vavuniya,24.64,0.01
2015-02-23,Vavuniya,25.94,3.56
2015-03-02,Vavuniya,26.82,0.43
2015-03-09,Vavuniya,26.46,3.9
2015-03-16,Vavuniya,26.76,0.34
2015-03-23,Vavuniya,27.93,1.21
2015-03-30,Vavuniya,28.51,3.34
2015-04-06,Vavuniya,28.68,2.09
2015-04-13,Vavuniya,27.64,5.39
2015-04-20,Vavuniya,27.99,6.57
2015-04-27,Vavuniya,28.45,1.97
2015-05-04,Vavuniya,28.07,11.36
2015-05-11,Vavuniya,27.16,22.63
2015-05-18,Vavuniya,28.41,0.4
2015-05-25,Vavuniya,29.07,0.76
2015-06-01,Vavuniya,28.23,1.83
2015-06-08,Vavuniya,29.02,0.27
2015-06-15,Vavuniya,29.34,0.71
2015-06-22,Vavuniya,29.53,0.61
2015-06-29,Vavuniya,29.44,0.67
2015-07-06,Vavuniya,29.79,0.36
2015-07-13,Vavuniya,29.79,1.29
2015-07-20,Vavuniya,28.72,0.51
2015-07-27,Vavuniya,29.36,1.61
2015-08-03,Vavuniya,29.54,0.21
2015-08-10,Vavuniya,29.97,6.34
2015-08-17,Vavuniya,28.31,1.59
2015-08-24,Vavuniya,29.24,0.29
2015-08-31,Vavuniya,29.01,10.29
2015-09-07,Vavuniya,27.63,1.8
2015-09-14,Vavuniya,29.02,0.43
2015-09-21,Vavuniya,28.86,2.93
2015-09-28,Vavuniya,27.44,6.11
2015-10-05,Vavuniya,27.76,3.67
2015-10-12,Vavuniya,27.26,9.39
2015-10-19,Vavuniya,26.85,5.3
2015-10-26,Vavuniya,25.41,17.91
2015-11-02,Vavuniya,25.66,11.41
2015-11-09,Vavuniya,25.83,20.37
2015-11-16,Vavuniya,25.99,9.4
2015-11-23,Vavuniya,25.49,4.86
2015-11-30,Vavuniya,25.49,9.31
2015-12-07,Vavuniya,25.87,9.67
2015-12-14,Vavuniya,25.64,5.4
2015-12-21,Vavuniya,25.56,1.34
2015-12-28,Vavuniya,25.34,2.97
2016-01-04,Vavuniya,25.34,0.77
2016-01-11,Vavuniya,24.74,0.07
2016-01-18,Vavuniya,25.78,1.5
2016-01-25,Vavuniya,25.63,0.01
2016-02-01,Vavuniya,25.81,0.0
2016-02-08,Vavuniya,26.59,0.34
2016-02-15,Vavuniya,26.81,3.07
2016-02-22,Vavuniya,27.16,0.8
2016-02-29,Vavuniya,27.45,0.4
2016-03-07,Vavuniya,28.85,0.23
2016-03-14,Vavuniya,29.41,0.09
2016-03-21,Vavuniya,30.2,0.0
2016-03-28,Vavuniya,29.19,2.47
2016-04-04,Vavuniya,29.81,2.23
2016-04-11,Vavuniya,30.47,0.5
2016-04-18,Vavuniya,30.7,1.33
2016-04-25,Vavuniya,30.91,1.63
2016-05-02,Vavuniya,30.06,3.93
2016-05-09,Vavuniya,28.03,10.64
2016-05-16,Vavuniya,27.64,11.66
2016-05-23,Vavuniya,28.91,0.33
2016-05-30,Vavuniya,29.12,0.31
2016-06-06,Vavuniya,28.61,0.74
2016-06-13,Vavuniya,29.4,0.84
2016-06-20,Vavuniya,29.11,0.63
2016-06-27,Vavuniya,30.05,0.34
2016-07-04,Vavuniya,30.3,0.47
2016-07-11,Vavuniya,29.66,2.16
2016-07-18,Vavuniya,28.69,2.19
2016-07-25,Vavuniya,28.33,2.4
2016-08-01,Vavuniya,29.79,0.19
2016-08-08,Vavuniya,29.99,1.3
2016-08-15,Vavuniya,29.77,0.87
2016-08-22,Vavuniya,29.11,1.1
2016-08-29,Vavuniya,28.9,0.8
2016-09-05,Vavuniya,29.38,0.13
2016-09-12,Vavuniya,29.91,0.67
2016-09-19,Vavuniya,30.05,0.5
2016-09-26,Vavuniya,29.82,0.37
2016-10-03,Vavuniya,29.86,0.2
2016-10-10,Vavuniya,29.51,1.8
2016-10-17,Vavuniya,28.27,2.51
2016-10-24,Vavuniya,27.87,3.79
2016-10-31,Vavuniya,26.6,10.19
2016-11-07,Vavuniya,26.56,2.07
2016-11-14,Vavuniya,25.8,8.24
2016-11-21,Vavuniya,25.56,4.97
2016-11-28,Vavuniya,23.93,8.2
2016-12-05,Vavuniya,25.42,0.77
2016-12-12,Vavuniya,25.99,0.47
2016-12-19,Vavuniya,24.76,1.1
2016-12-26,Vavuniya,25.39,2.96
2017-01-02,Vavuniya,24.8,0.37
2017-01-09,Vavuniya,24.98,0.1
2017-01-16,Vavuniya,24.58,4.16
2017-01-23,Vavuniya,24.71,17.46
2017-01-30,Vavuniya,24.39,0.26
2017-02-06,Vavuniya,24.02,0.0
2017-02-13,Vavuniya,25.51,1.07
2017-02-20,Vavuniya,27.04,0.06
2017-02-27,Vavuniya,25.96,7.2
2017-03-06,Vavuniya,27.54,7.6
2017-03-13,Vavuniya,27.17,1.67
2017-03-20,Vavuniya,27.57,0.03
2017-03-27,Vavuniya,28.39,2.06
2017-04-03,Vavuniya,30.04,1.27
2017-04-10,Vavuniya,30.41,1.39
2017-04-17,Vavuniya,31.19,0.09
2017-04-24,Vavuniya,31.89,0.23
2017-05-01,Vavuniya,30.41,6.5
2017-05-08,Vavuniya,29.59,3.61
2017-05-15,Vavuniya,30.96,0.87
2017-05-22,Vavuniya,29.86,0.83
2017-05-29,Vavuniya,29.78,1.3
2017-06-05,Vavuniya,29.95,0.69
2017-06-12,Vavuniya,30.2,0.97
2017-06-19,Vavuniya,29.32,1.3
2017-06-26,Vavuniya,29.72,2.56
2017-07-03,Vavuniya,30.21,1.66
2017-07-10,Vavuniya,29.84,0.87
2017-07-17,Vavuniya,30.36,0.31
2017-07-24,Vavuniya,30.91,3.57
2017-07-31,Vavuniya,29.26,2.07
2017-08-07,Vavuniya,28.95,9.81
2017-08-14,Vavuniya,28.14,2.57
2017-08-21,Vavuniya,29.01,3.7
2017-08-28,Vavuniya,28.88,7.87
2017-09-04,Vavuniya,27.29,5.34
2017-09-11,Vavuniya,27.76,4.99
2017-09-18,Vavuniya,28.81,0.16
2017-09-25,Vavuniya,28.62,1.04
2017-10-02,Vavuniya,29.2,2.44
2017-10-09,Vavuniya,27.73,7.86
2017-10-16,Vavuniya,27.41,3.17
2017-10-23,Vavuniya,27.4,11.89
2017-10-30,Vavuniya,25.64,15.99
2017-11-06,Vavuniya,25.48,9.7
2017-11-13,Vavuniya,26.64,1.54
2017-11-20,Vavuniya,25.94,9.87
2017-11-27,Vavuniya,25.41,12.84
2017-12-04,Vavuniya,25.55,1.16
2017-12-11,Vavuniya,25.84,3.46
2017-12-18,Vavuniya,24.84,1.53
2017-12-25,Vavuniya,24.78,4.33
2018-01-01,Vavuniya,24.59,0.17
2018-01-08,Vavuniya,24.59,3.04
2018-01-15,Vavuniya,24.52,0.09
2018-01-22,Vavuniya,24.74,0.13
2018-01-29,Vavuniya,25.07,0.59
2018-02-05,Vavuniya,26.61,1.03
2018-02-12,Vavuniya,25.85,0.8
2018-02-19,Vavuniya,25.76,0.39
2018-02-26,Vavuniya,26.76,2.8
2018-03-05,Vavuniya,27.44,0.23
2018-03-12,Vavuniya,27.37,4.73
2018-03-19,Vavuniya,28.51,0.0
2018-03-26,Vavuniya,29.11,2.33
2018-04-02,Vavuniya,29.09,1.9
2018-04-09,Vavuniya,28.11,5.07
2018-04-16,Vavuniya,29.61,0.37
2018-04-23,Vavuniya,30.16,0.84
2018-04-30,Vavuniya,30.13,5.74
2018-05-07,Vavuniya,28.56,4.9
2018-05-14,Vavuniya,27.41,6.06
2018-05-21,Vavuniya,26.91,8.8
2018-05-28,Vavuniya,28.73,1.06
2018-06-04,Vavuniya,28.49,1.36
2018-06-11,Vavuniya,29.06,0.63
2018-06-18,Vavuniya,29.07,0.4
2018-06-25,Vavuniya,29.84,1.07
2018-07-02,Vavuniya,29.94,0.77
2018-07-09,Vavuniya,29.38,0.8
2018-07-16,Vavuniya,30.22,0.06
2018-07-23,Vavuniya,30.14,1.71
2018-07-30,Vavuniya,29.3,0.2
2018-08-06,Vavuniya,29.24,0.71
2018-08-13,Vavuniya,28.66,1.13
2018-08-20,Vavuniya,29.61,2.86
2018-08-27,Vavuniya,29.36,2.67
2018-09-03,Vavuniya,29.49,0.87
2018-09-10,Vavuniya,30.04,8.26
2018-09-17,Vavuniya,29.71,2.17
2018-09-24,Vavuniya,27.42,17.61
2018-10-01,Vavuniya,26.83,9.87
2018-10-08,Vavuniya,27.02,5.69
2018-10-15,Vavuniya,26.32,13.56
2018-10-22,Vavuniya,25.71,15.84
2018-10-29,Vavuniya,25.87,16.79
2018-11-05,Vavuniya,24.9,22.07
2018-11-12,Vavuniya,25.81,8.7
2018-11-19,Vavuniya,25.58,9.87
2018-11-26,Vavuniya,25.6,4.67
2018-12-03,Vavuniya,25.88,5.1
2018-12-10,Vavuniya,25.21,0.66
2018-12-17,Vavuniya,25.25,7.49
2018-12-24,Vavuniya,25.24,2.74
2018-12-31,Vavuniya,24.13,0.5
2019-01-07,Vavuniya,24.8,0.7
2019-01-14,Vavuniya,24.71,0.17
2019-01-21,Vavuniya,25.34,0.61
2019-01-28,Vavuniya,25.5,0.43
2019-02-04,Vavuniya,26.03,5.06
2019-02-11,Vavuniya,26.37,0.91
2019-02-18,Vavuniya,26.96,0.21
2019-02-25,Vavuniya,27.91,0.64
2019-03-04,Vavuniya,29.47,0.31
2019-03-11,Vavuniya,28.32,0.11
2019-03-18,Vavuniya,29.54,0.3
2019-03-25,Vavuniya,29.72,0.01
2019-04-01,Vavuniya,30.22,0.14
2019-04-08,Vavuniya,31.01,0.67
2019-04-15,Vavuniya,29.56,9.09
2019-04-22,Vavuniya,29.3,0.74
2019-04-29,Vavuniya,29.56,0.26
2019-05-06,Vavuniya,30.97,0.06
2019-05-13,Vavuniya,30.81,0.41
2019-05-20,Vavuniya,30.04,2.2
2019-05-27,Vavuniya,31.16,0.11
2019-06-03,Vavuniya,30.29,1.31
2019-06-10,Vavuniya,30.23,0.29
2019-06-17,Vavuniya,31.13,0.03
2019-06-24,Vavuniya,30.86,0.09
2019-07-01,Vavuniya,30.64,0.17
2019-07-08,Vavuniya,30.51,0.54
2019-07-15,Vavuniya,29.76,1.67
2019-07-22,Vavuniya,29.52,0.46
2019-07-29,Vavuniya,30.46,0.04
2019-08-05,Vavuniya,28.85,2.13
2019-08-12,Vavuniya,28.93,5.93
2019-08-19,Vavuniya,28.31,1.67
2019-08-26,Vavuniya,28.58,0.91
2019-09-02,Vavuniya,29.71,0.36
2019-09-09,Vavuniya,29.11,2.66
2019-09-16,Vavuniya,28.29,4.27
2019-09-23,Vavuniya,27.3,4.6
2019-09-30,Vavuniya,27.23,7.81
2019-10-07,Vavuniya,26.93,7.14
2019-10-14,Vavuniya,26.66,23.17
2019-10-21,Vavuniya,25.86,7.5
2019-10-28,Vavuniya,25.56,6.54
2019-11-04,Vavuniya,26.84,3.3
2019-11-11,Vavuniya,26.63,3.26
2019-11-18,Vavuniya,26.61,2.8
2019-11-25,Vavuniya,26.08,11.69
2019-12-02,Vavuniya,25.54,8.96
2019-12-09,Vavuniya,25.35,3.9
2019-12-16,Vavuniya,25.58,6.17
2019-12-23,Vavuniya,25.41,5.23
2019-12-30,Vavuniya,26.17,1.33
2020-01-06,Vavuniya,25.42,0.9
2020-01-13,Vavuniya,24.82,0.73
2020-01-20,Vavuniya,26.12,1.2
2020-01-27,Vavuniya,25.66,0.07
2020-02-03,Vavuniya,26.06,0.09
2020-02-10,Vavuniya,26.64,0.27
2020-02-17,Vavuniya,26.18,1.59
2020-02-24,Vavuniya,27.14,0.06
2020-03-02,Vavuniya,27.54,0.33
2020-03-09,Vavuniya,28.01,0.01
2020-03-16,Vavuniya,28.88,0.2
2020-03-23,Vavuniya,28.55,0.01
2020-03-30,Vavuniya,28.99,4.17
2020-04-06,Vavuniya,29.63,0.33
2020-04-13,Vavuniya,29.39,3.11
2020-04-20,Vavuniya,29.67,2.4
2020-04-27,Vavuniya,30.08,1.74
2020-05-04,Vavuniya,29.46,10.91
2020-05-11,Vavuniya,28.34,4.14
2020-05-18,Vavuniya,29.58,0.81
2020-05-25,Vavuniya,29.56,0.86
2020-06-01,Vavuniya,29.15,1.41
2020-06-08,Vavuniya,29.66,1.17
2020-06-15,Vavuniya,30.75,0.17
2020-06-22,Vavuniya,29.16,5.11
2020-06-29,Vavuniya,29.65,0.83
2020-07-06,Vavuniya,29.41,10.43
2020-07-13,Vavuniya,29.28,1.47
2020-07-20,Vavuniya,27.97,2.64
2020-07-27,Vavuniya,28.09,2.41
2020-08-03,Vavuniya,28.03,1.57
2020-08-10,Vavuniya,29.05,0.11
2020-08-17,Vavuniya,29.91,0.56
2020-08-24,Vavuniya,30.43,1.13
2020-08-31,Vavuniya,28.13,8.03
2020-09-07,Vavuniya,27.88,1.8
2020-09-14,Vavuniya,28.93,1.46
2020-09-21,Vavuniya,28.61,1.5
2020-09-28,Vavuniya,28.95,1.17
2020-10-05,Vavuniya,29.53,7.01
2020-10-12,Vavuniya,29.19,2.17
2020-10-19,Vavuniya,29.37,0.51
2020-10-26,Vavuniya,28.33,3.69
2020-11-02,Vavuniya,27.61,5.44
2020-11-09,Vavuniya,26.28,10.09
2020-11-16,Vavuniya,26.14,8.29
2020-11-23,Vavuniya,25.86,7.94
2020-11-30,Vavuniya,25.34,35.49
2020-12-07,Vavuniya,25.35,2.27
2020-12-14,Vavuniya,24.76,7.23
2020-12-21,Vavuniya,24.34,18.16
2020-12-28,Vavuniya,25.35,5.96
2021-01-04,Vavuniya,25.46,9.81
2021-01-11,Vavuniya,24.91,21.61
2021-01-18,Vavuniya,25.36,15.99
2021-01-25,Vavuniya,24.65,4.49
2021-02-01,Vavuniya,25.0,3.27
2021-02-08,Vavuniya,24.74,0.19
2021-02-15,Vavuniya,25.36,1.44
2021-02-22,Vavuniya,26.34,0.24
2021-03-01,Vavuniya,26.64,0.53
2021-03-08,Vavuniya,26.62,1.99
2021-03-15,Vavuniya,27.19,0.56
2021-03-22,Vavuniya,28.15,2.8
2021-03-29,Vavuniya,29.61,0.27
2021-04-05,Vavuniya,28.69,1.59
2021-04-12,Vavuniya,27.51,17.23
2021-04-19,Vavuniya,28.66,0.69
2021-04-26,Vavuniya,28.45,3.74
2021-05-03,Vavuniya,27.57,9.31
2021-05-10,Vavuniya,27.95,3.24
2021-05-17,Vavuniya,28.3,1.76
2021-05-24,Vavuniya,28.55,1.43
2021-05-31,Vavuniya,28.67,4.33
2021-06-07,Vavuniya,28.84,0.91
2021-06-14,Vavuniya,29.49,0.3
2021-06-21,Vavuniya,29.69,3.21
2021-06-28,Vavuniya,29.34,2.36
2021-07-05,Vavuniya,28.7,4.06
2021-07-12,Vavuniya,29.15,2.54
2021-07-19,Vavuniya,29.46,0.43
2021-07-26,Vavuniya,30.11,0.26
2021-08-02,Vavuniya,30.25,0.96
2021-08-09,Vavuniya,29.17,4.91
2021-08-16,Vavuniya,28.62,2.3
2021-08-23,Vavuniya,28.59,0.61
2021-08-30,Vavuniya,28.71,0.97
2021-09-06,Vavuniya,29.88,0.01
2021-09-13,Vavuniya,29.85,4.77
2021-09-20,Vavuniya,28.98,10.04
2021-09-27,Vavuniya,27.48,5.7
2021-10-04,Vavuniya,27.01,5.23
2021-10-11,Vavuniya,28.2,2.63
2021-10-18,Vavuniya,27.61,9.86
2021-10-25,Vavuniya,26.25,10.37
2021-11-01,Vavuniya,25.96,14.19
2021-11-08,Vavuniya,25.36,15.59
2021-11-15,Vavuniya,26.4,7.5
2021-11-22,Vavuniya,25.47,13.63
2021-11-29,Vavuniya,25.96,3.67
2021-12-06,Vavuniya,26.34,1.77
2021-12-13,Vavuniya,25.39,4.36
2021-12-20,Vavuniya,24.91,0.27
2021-12-27,Vavuniya,24.89,2.9
2022-01-03,Vavuniya,25.39,1.36
2022-01-10,Vavuniya,25.61,1.86
2022-01-17,Vavuniya,25.19,0.16
2022-01-24,Vavuniya,25.51,0.94
2022-01-31,Vavuniya,25.65,0.01
2022-02-07,Vavuniya,25.01,6.26
2022-02-14,Vavuniya,25.24,0.97
2022-02-21,Vavuniya,26.24,1.2
2022-02-28,Vavuniya,26.21,0.9
2022-03-07,Vavuniya,26.77,0.3
2022-03-14,Vavuniya,27.75,1.94
2022-03-21,Vavuniya,28.46,1.3
2022-03-28,Vavuniya,28.48,2.7
2022-04-04,Vavuniya,26.91,8.91
2022-04-11,Vavuniya,27.56,7.16
2022-04-18,Vavuniya,27.73,4.71
2022-04-25,Vavuniya,28.69,2.73
2022-05-02,Vavuniya,29.64,0.91
2022-05-09,Vavuniya,28.79,1.91
2022-05-16,Vavuniya,28.44,1.24
2022-05-23,Vavuniya,28.54,0.96
2022-05-30,Vavuniya,28.72,1.01
2022-06-06,Vavuniya,28.72,1.07
2022-06-13,Vavuniya,28.56,4.43
2022-06-20,Vavuniya,29.01,0.76
2022-06-27,Vavuniya,30.03,2.81
2022-07-04,Vavuniya,29.79,0.04
2022-07-11,Vavuniya,29.34,0.27
2022-07-18,Vavuniya,28.95,4.96
2022-07-25,Vavuniya,27.64,3.97
2022-08-01,Vavuniya,27.5,1.87
2022-08-08,Vavuniya,29.39,0.43
2022-08-15,Vavuniya,29.45,1.23
2022-08-22,Vavuniya,28.11,4.86
2022-08-29,Vavuniya,27.07,6.49
2022-09-05,Vavuniya,27.86,0.67
2022-09-12,Vavuniya,28.7,0.16
2022-09-19,Vavuniya,29.65,0.34
2022-09-26,Vavuniya,29.09,3.14
2022-10-03,Vavuniya,28.51,8.73
2022-10-10,Vavuniya,27.02,9.79
2022-10-17,Vavuniya,25.81,8.04
2022-10-24,Vavuniya,26.21,4.56
2022-10-31,Vavuniya,25.76,17.57
2022-11-07,Vavuniya,25.44,14.01
2022-11-14,Vavuniya,25.08,1.54
2022-11-21,Vavuniya,25.95,0.31
2022-11-28,Vavuniya,25.88,4.03
2022-12-05,Vavuniya,24.49,14.94
2022-12-12,Vavuniya,25.44,3.36
2022-12-19,Vavuniya,24.82,11.54
2022-12-26,Vavuniya,25.56,0.84
2023-01-02,Vavuniya,24.61,6.33
2023-01-09,Vavuniya,23.77,0.0
2023-01-16,Vavuniya,24.56,2.07
2023-01-23,Vavuniya,24.63,0.73
2023-01-30,Vavuniya,24.89,15.36
2023-02-06,Vavuniya,25.26,0.51
2023-02-13,Vavuniya,24.79,0.2
2023-02-20,Vavuniya,25.61,0.09
2023-02-27,Vavuniya,26.17,1.67
2023-03-06,Vavuniya,26.76,0.76
2023-03-13,Vavuniya,27.6,6.16
2023-03-20,Vavuniya,27.84,3.23
2023-03-27,Vavuniya,28.96,0.1
2023-04-03,Vavuniya,28.39,2.1
2023-04-10,Vavuniya,29.79,0.07
2023-04-17,Vavuniya,30.07,4.66
2023-04-24,Vavuniya,28.19,12.19
2023-05-01,Vavuniya,27.14,15.09
2023-05-08,Vavuniya,28.38,2.21
2023-05-15,Vavuniya,29.53,0.6
2023-05-22,Vavuniya,29.61,0.99
2023-05-29,Vavuniya,29.96,1.2
2023-06-05,Vavuniya,30.44,0.24
2023-06-12,Vavuniya,30.48,1.3
2023-06-19,Vavuniya,29.74,0.76
2023-06-26,Vavuniya,29.67,0.86
2023-07-03,Vavuniya,29.18,1.07
2023-07-10,Vavuniya,30.06,0.86
2023-07-17,Vavuniya,30.79,0.04
2023-07-24,Vavuniya,30.76,0.57
2023-07-31,Vavuniya,31.46,0.43
2023-08-07,Vavuniya,30.86,3.59
2023-08-14,Vavuniya,30.12,0.0
2023-08-21,Vavuniya,30.69,1.09
2023-08-28,Vavuniya,29.66,6.83
2023-09-04,Vavuniya,28.59,1.21
2023-09-11,Vavuniya,29.63,2.44
2023-09-18,Vavuniya,29.06,4.61
2023-09-25,Vavuniya,28.81,3.41
2023-10-02,Vavuniya,28.77,8.9
2023-10-09,Vavuniya,27.66,15.41
2023-10-16,Vavuniya,27.16,17.91
2023-10-23,Vavuniya,27.09,7.49
2023-10-30,Vavuniya,26.86,23.4
2023-11-06,Vavuniya,26.11,12.96
2023-11-13,Vavuniya,25.8,12.63
2023-11-20,Vavuniya,26.42,12.2
2023-11-27,Vavuniya,25.46,11.6
2023-12-04,Vavuniya,26.66,10.43
2023-12-11,Vavuniya,25.49,15.03
2023-12-18,Vavuniya,25.59,6.87
2023-12-25,Vavuniya,25.91,2.81
2024-01-01,Vavuniya,25.86,5.37
2024-01-08,Vavuniya,25.54,5.73
2024-01-15,Vavuniya,25.49,0.84
2024-01-22,Vavuniya,25.89,0.29
2024-01-29,Vavuniya,26.48,2.47
2024-02-05,Vavuniya,26.46,0.11
2024-02-12,Vavuniya,27.23,0.67
2024-02-19,Vavuniya,28.4,0.06
2024-02-26,Vavuniya,28.26,0.09
2024-03-04,Vavuniya,28.6,0.0
2024-03-11,Vavuniya,29.71,0.0
2024-03-18,Vavuniya,28.59,1.01
2024-03-25,Vavuniya,29.54,1.09
2024-04-01,Vavuniya,31.19,0.74
2024-04-08,Vavuniya,29.68,1.87
2024-04-15,Vavuniya,30.91,0.56
2024-04-22,Vavuniya,31.63,0.23
2024-04-29,Vavuniya,31.9,1.73
2024-05-06,Vavuniya,30.09,12.16
2024-05-13,Vavuniya,28.22,16.51
2024-05-20,Vavuniya,27.62,6.61
2024-05-27,Vavuniya,29.06,3.13
2024-06-03,Vavuniya,28.16,1.7
2024-06-10,Vavuniya,29.19,0.31
2024-06-17,Vavuniya,29.06,0.8
2024-06-24,Vavuniya,29.36,0.37
2024-07-01,Vavuniya,29.91,0.56
2024-07-08,Vavuniya,30.11,0.8
2024-07-15,Vavuniya,29.81,0.6
2024-07-22,Vavuniya,30.85,0.1
2024-07-29,Vavuniya,30.38,1.01
2024-08-05,Vavuniya,29.14,9.83
2024-08-12,Vavuniya,28.09,7.61
2024-08-19,Vavuniya,27.97,2.84
2024-08-26,Vavuniya,28.67,0.71
2024-09-02,Vavuniya,29.79,0.3
2024-09-09,Vavuniya,30.1,0.2
2024-09-16,Vavuniya,30.5,0.3
2024-09-23,Vavuniya,30.24,2.23
2024-09-30,Vavuniya,29.43,1.83
2024-10-07,Vavuniya,27.12,14.2
2024-10-14,Vavuniya,27.32,2.11
2024-10-21,Vavuniya,27.29,10.34
2024-10-28,Vavuniya,27.11,9.69
2024-11-04,Vavuniya,26.15,4.36
2024-11-11,Vavuniya,26.75,4.71
2024-11-18,Vavuniya,25.15,13.77
2024-11-25,Vavuniya,24.49,42.06
2024-12-02,Vavuniya,26.41,1.06
2024-12-09,Vavuniya,25.36,6.91
2024-12-16,Vavuniya,25.76,13.53
2024-12-23,Vavuniya,25.64,1.79
2024-12-30,Vavuniya,24.7,4.23
2025-01-06,Vavuniya,24.66,6.46
2025-01-13,Vavuniya,24.5,8.24
2025-01-20,Vavuniya,25.12,4.93
2025-01-27,Vavuniya,25.4,2.03
2025-02-03,Vavuniya,25.15,0.1
2025-02-10,Vavuniya,25.26,0.27
2025-02-17,Vavuniya,26.16,0.0
2025-02-24,Vavuniya,25.88,5.54
2025-03-03,Vavuniya,26.74,0.04
2025-03-10,Vavuniya,26.53,8.73
2025-03-17,Vavuniya,27.63,2.31
2025-03-24,Vavuniya,28.41,0.09
2025-03-31,Vavuniya,27.84,10.37
2025-04-07,Vavuniya,27.78,1.3
2025-04-14,Vavuniya,29.16,1.74
2025-04-21,Vavuniya,28.99,5.49
2025-04-28,Vavuniya,28.34,10.39
2025-05-05,Vavuniya,29.46,2.23
2025-05-12,Vavuniya,29.36,4.14
2025-05-19,Vavuniya,29.19,1.76
2025-05-26,Vavuniya,30.15,1.01
2025-06-02,Vavuniya,30.23,0.66
2025-06-09,Vavuniya,29.59,1.41
2025-06-16,Vavuniya,30.21,0.56
2025-06-23,Vavuniya,30.42,0.47
2025-06-30,Vavuniya,30.61,0.11
2025-07-07,Vavuniya,30.91,0.4
2025-07-14,Vavuniya,30.04,1.19
2025-07-21,Vavuniya,29.64,0.43
2025-07-28,Vavuniya,30.54,3.7
2025-08-04,Vavuniya,29.19,4.06
2025-08-11,Vavuniya,29.09,0.76
2025-08-18,Vavuniya,30.44,0.6
2025-08-25,Vavuniya,30.29,0.5
2025-09-01,Vavuniya,30.51,3.04
2025-09-08,Vavuniya,29.76,3.03
2025-09-15,Vavuniya,29.19,3.94
2025-09-22,Vavuniya,29.31,1.34
2025-09-29,Vavuniya,29.8,5.8
2025-10-06,Vavuniya,28.36,5.51
2025-10-13,Vavuniya,27.45,18.6
2025-10-20,Vavuniya,26.0,11.56
2025-10-27,Vavuniya,28.04,0.3
2025-11-03,Vavuniya,27.34,4.86
2025-11-10,Vavuniya,25.91,12.44
2025-11-17,Vavuniya,25.4,16.64
2025-11-24,Vavuniya,24.1,70.26
2025-12-01,Vavuniya,26.11,2.83
2025-12-08,Vavuniya,24.51,9.1
2025-12-15,Vavuniya,24.58,3.29
2025-12-22,Vavuniya,24.92,1.39
2025-12-29,Vavuniya,25.3,4.34
2026-01-05,Vavuniya,24.31,8.33
2026-01-12,Vavuniya,24.46,1.63
2026-01-19,Vavuniya,24.04,4.21
2026-01-26,Vavuniya,24.74,2.0
2026-02-02,Vavuniya,25.29,1.04
2026-02-09,Vavuniya,24.81,1.24
2026-02-16,Vavuniya,25.13,6.39
2026-02-23,Vavuniya,26.3,0.4
2026-03-02,Vavuniya,26.44,0.14
2026-03-09,Vavuniya,27.42,0.96
2026-03-16,Vavuniya,28.18,1.51
2026-03-23,Vavuniya,29.02,0.06
2026-03-30,Vavuniya,29.0,5.99
2026-04-06,Vavuniya,30.01,1.17
2026-04-13,Vavuniya,29.85,2.5
2026-04-20,Vavuniya,29.34,2.67
2026-04-27,Vavuniya,29.96,4.34
2026-05-04,Vavuniya,28.7,10.63
2026-05-11,Vavuniya,27.11,11.5
2026-05-18,Vavuniya,29.38,0.19
2026-05-25,Vavuniya,29.77,1.06
2026-06-01,Vavuniya,30.06,0.49
2026-06-08,Vavuniya,29.2,3.6
2026-06-15,Vavuniya,29.39,1.27
2026-06-22,Vavuniya,29.86,1.3
2026-06-29,Vavuniya,30.64,1.29
2026-07-06,Vavuniya,30.94,0.6
2026-07-13,Vavuniya,30.37,0.09
2026-07-20,Vavuniya,31.05,0.17
2026-07-27,Vavuniya,31.08,0.4
